[      38ms] [INFO] %cDownload the React DevTools for a better development experience: https://reactjs.org/link/react-devtools font-weight:bold @ http://localhost:5173/node_modules/.vite/deps/chunk-ZFBEYDM4.js?v=b5ab7bed:21550
[   98752ms] [ERROR] WebSocket connection to 'ws://localhost:5173/?token=Qq_VgQrjrDjD' failed:  @ http://localhost:5173/@vite/client:535
[   98752ms] [LOG] [vite] server connection lost. Polling for restart... @ http://localhost:5173/@vite/client:559
[   99758ms] [ERROR] Failed to load resource: net::ERR_CONNECTION_REFUSED @ http://localhost:5173/:0
[  100762ms] [ERROR] Failed to load resource: net::ERR_CONNECTION_REFUSED @ http://localhost:5173/:0
[  101766ms] [ERROR] Failed to load resource: net::ERR_CONNECTION_REFUSED @ http://localhost:5173/:0
[  102771ms] [ERROR] Failed to load resource: net::ERR_CONNECTION_REFUSED @ http://localhost:5173/:0
[  103775ms] [ERROR] Failed to load resource: net::ERR_CONNECTION_REFUSED @ http://localhost:5173/:0
[  104779ms] [ERROR] Failed to load resource: net::ERR_CONNECTION_REFUSED @ http://localhost:5173/:0
[  105784ms] [ERROR] Failed to load resource: net::ERR_CONNECTION_REFUSED @ http://localhost:5173/:0
[  106788ms] [ERROR] Failed to load resource: net::ERR_CONNECTION_REFUSED @ http://localhost:5173/:0
[  107791ms] [ERROR] Failed to load resource: net::ERR_CONNECTION_REFUSED @ http://localhost:5173/:0
[  108793ms] [ERROR] Failed to load resource: net::ERR_CONNECTION_REFUSED @ http://localhost:5173/:0
[  109797ms] [ERROR] Failed to load resource: net::ERR_CONNECTION_REFUSED @ http://localhost:5173/:0
[  110801ms] [ERROR] Failed to load resource: net::ERR_CONNECTION_REFUSED @ http://localhost:5173/:0
[  111805ms] [ERROR] Failed to load resource: net::ERR_CONNECTION_REFUSED @ http://localhost:5173/:0
[  112809ms] [ERROR] Failed to load resource: net::ERR_CONNECTION_REFUSED @ http://localhost:5173/:0
[  113813ms] [ERROR] Failed to load resource: net::ERR_CONNECTION_REFUSED @ http://localhost:5173/:0
[  114817ms] [ERROR] Failed to load resource: net::ERR_CONNECTION_REFUSED @ http://localhost:5173/:0
[  115821ms] [ERROR] Failed to load resource: net::ERR_CONNECTION_REFUSED @ http://localhost:5173/:0
[  116825ms] [ERROR] Failed to load resource: net::ERR_CONNECTION_REFUSED @ http://localhost:5173/:0
[  117828ms] [ERROR] Failed to load resource: net::ERR_CONNECTION_REFUSED @ http://localhost:5173/:0
[  118832ms] [ERROR] Failed to load resource: net::ERR_CONNECTION_REFUSED @ http://localhost:5173/:0
[  119836ms] [ERROR] Failed to load resource: net::ERR_CONNECTION_REFUSED @ http://localhost:5173/:0
[  120841ms] [ERROR] Failed to load resource: net::ERR_CONNECTION_REFUSED @ http://localhost:5173/:0
[  121845ms] [ERROR] Failed to load resource: net::ERR_CONNECTION_REFUSED @ http://localhost:5173/:0
[  122847ms] [ERROR] Failed to load resource: net::ERR_CONNECTION_REFUSED @ http://localhost:5173/:0
[  123852ms] [ERROR] Failed to load resource: net::ERR_CONNECTION_REFUSED @ http://localhost:5173/:0
[  124856ms] [ERROR] Failed to load resource: net::ERR_CONNECTION_REFUSED @ http://localhost:5173/:0
[  125860ms] [ERROR] Failed to load resource: net::ERR_CONNECTION_REFUSED @ http://localhost:5173/:0
[  126864ms] [ERROR] Failed to load resource: net::ERR_CONNECTION_REFUSED @ http://localhost:5173/:0
[  127868ms] [ERROR] Failed to load resource: net::ERR_CONNECTION_REFUSED @ http://localhost:5173/:0
[  128872ms] [ERROR] Failed to load resource: net::ERR_CONNECTION_REFUSED @ http://localhost:5173/:0
[  129875ms] [ERROR] Failed to load resource: net::ERR_CONNECTION_REFUSED @ http://localhost:5173/:0
[  130879ms] [ERROR] Failed to load resource: net::ERR_CONNECTION_REFUSED @ http://localhost:5173/:0
[  131883ms] [ERROR] Failed to load resource: net::ERR_CONNECTION_REFUSED @ http://localhost:5173/:0
[  132887ms] [ERROR] Failed to load resource: net::ERR_CONNECTION_REFUSED @ http://localhost:5173/:0
[  133890ms] [ERROR] Failed to load resource: net::ERR_CONNECTION_REFUSED @ http://localhost:5173/:0
[  134895ms] [ERROR] Failed to load resource: net::ERR_CONNECTION_REFUSED @ http://localhost:5173/:0
[  135898ms] [ERROR] Failed to load resource: net::ERR_CONNECTION_REFUSED @ http://localhost:5173/:0
[  136902ms] [ERROR] Failed to load resource: net::ERR_CONNECTION_REFUSED @ http://localhost:5173/:0
[  137905ms] [ERROR] Failed to load resource: net::ERR_CONNECTION_REFUSED @ http://localhost:5173/:0
[  138909ms] [ERROR] Failed to load resource: net::ERR_CONNECTION_REFUSED @ http://localhost:5173/:0
[  139913ms] [ERROR] Failed to load resource: net::ERR_CONNECTION_REFUSED @ http://localhost:5173/:0
[  140917ms] [ERROR] Failed to load resource: net::ERR_CONNECTION_REFUSED @ http://localhost:5173/:0
[  141921ms] [ERROR] Failed to load resource: net::ERR_CONNECTION_REFUSED @ http://localhost:5173/:0
[  142925ms] [ERROR] Failed to load resource: net::ERR_CONNECTION_REFUSED @ http://localhost:5173/:0
[  143930ms] [ERROR] Failed to load resource: net::ERR_CONNECTION_REFUSED @ http://localhost:5173/:0
[  144934ms] [ERROR] Failed to load resource: net::ERR_CONNECTION_REFUSED @ http://localhost:5173/:0
[  145937ms] [ERROR] Failed to load resource: net::ERR_CONNECTION_REFUSED @ http://localhost:5173/:0
[  146941ms] [ERROR] Failed to load resource: net::ERR_CONNECTION_REFUSED @ http://localhost:5173/:0
[  147945ms] [ERROR] Failed to load resource: net::ERR_CONNECTION_REFUSED @ http://localhost:5173/:0
[  148949ms] [ERROR] Failed to load resource: net::ERR_CONNECTION_REFUSED @ http://localhost:5173/:0
[  149953ms] [ERROR] Failed to load resource: net::ERR_CONNECTION_REFUSED @ http://localhost:5173/:0
[  150957ms] [ERROR] Failed to load resource: net::ERR_CONNECTION_REFUSED @ http://localhost:5173/:0
[  151960ms] [ERROR] Failed to load resource: net::ERR_CONNECTION_REFUSED @ http://localhost:5173/:0
[  152964ms] [ERROR] Failed to load resource: net::ERR_CONNECTION_REFUSED @ http://localhost:5173/:0
[  153968ms] [ERROR] Failed to load resource: net::ERR_CONNECTION_REFUSED @ http://localhost:5173/:0
[  154972ms] [ERROR] Failed to load resource: net::ERR_CONNECTION_REFUSED @ http://localhost:5173/:0
[  155976ms] [ERROR] Failed to load resource: net::ERR_CONNECTION_REFUSED @ http://localhost:5173/:0
[  156979ms] [ERROR] Failed to load resource: net::ERR_CONNECTION_REFUSED @ http://localhost:5173/:0
[  157983ms] [ERROR] Failed to load resource: net::ERR_CONNECTION_REFUSED @ http://localhost:5173/:0
[  158987ms] [ERROR] Failed to load resource: net::ERR_CONNECTION_REFUSED @ http://localhost:5173/:0
[  159990ms] [ERROR] Failed to load resource: net::ERR_CONNECTION_REFUSED @ http://localhost:5173/:0
[  160993ms] [ERROR] Failed to load resource: net::ERR_CONNECTION_REFUSED @ http://localhost:5173/:0
[  161995ms] [ERROR] Failed to load resource: net::ERR_CONNECTION_REFUSED @ http://localhost:5173/:0
[  162998ms] [ERROR] Failed to load resource: net::ERR_CONNECTION_REFUSED @ http://localhost:5173/:0
[  164000ms] [ERROR] Failed to load resource: net::ERR_CONNECTION_REFUSED @ http://localhost:5173/:0
[  165004ms] [ERROR] Failed to load resource: net::ERR_CONNECTION_REFUSED @ http://localhost:5173/:0
[  166006ms] [ERROR] Failed to load resource: net::ERR_CONNECTION_REFUSED @ http://localhost:5173/:0
[  167009ms] [ERROR] Failed to load resource: net::ERR_CONNECTION_REFUSED @ http://localhost:5173/:0
[  168013ms] [ERROR] Failed to load resource: net::ERR_CONNECTION_REFUSED @ http://localhost:5173/:0
[  169016ms] [ERROR] Failed to load resource: net::ERR_CONNECTION_REFUSED @ http://localhost:5173/:0
[  170020ms] [ERROR] Failed to load resource: net::ERR_CONNECTION_REFUSED @ http://localhost:5173/:0
[  171023ms] [ERROR] Failed to load resource: net::ERR_CONNECTION_REFUSED @ http://localhost:5173/:0
[  172026ms] [ERROR] Failed to load resource: net::ERR_CONNECTION_REFUSED @ http://localhost:5173/:0
[  173031ms] [ERROR] Failed to load resource: net::ERR_CONNECTION_REFUSED @ http://localhost:5173/:0
[  174035ms] [ERROR] Failed to load resource: net::ERR_CONNECTION_REFUSED @ http://localhost:5173/:0
[  175038ms] [ERROR] Failed to load resource: net::ERR_CONNECTION_REFUSED @ http://localhost:5173/:0
[  176041ms] [ERROR] Failed to load resource: net::ERR_CONNECTION_REFUSED @ http://localhost:5173/:0
[  177045ms] [ERROR] Failed to load resource: net::ERR_CONNECTION_REFUSED @ http://localhost:5173/:0
[  178048ms] [ERROR] Failed to load resource: net::ERR_CONNECTION_REFUSED @ http://localhost:5173/:0
[  179052ms] [ERROR] Failed to load resource: net::ERR_CONNECTION_REFUSED @ http://localhost:5173/:0
[  180056ms] [ERROR] Failed to load resource: net::ERR_CONNECTION_REFUSED @ http://localhost:5173/:0
[  181060ms] [ERROR] Failed to load resource: net::ERR_CONNECTION_REFUSED @ http://localhost:5173/:0
[  182064ms] [ERROR] Failed to load resource: net::ERR_CONNECTION_REFUSED @ http://localhost:5173/:0
[  183068ms] [ERROR] Failed to load resource: net::ERR_CONNECTION_REFUSED @ http://localhost:5173/:0
[  184071ms] [ERROR] Failed to load resource: net::ERR_CONNECTION_REFUSED @ http://localhost:5173/:0
[  185074ms] [ERROR] Failed to load resource: net::ERR_CONNECTION_REFUSED @ http://localhost:5173/:0
[  186077ms] [ERROR] Failed to load resource: net::ERR_CONNECTION_REFUSED @ http://localhost:5173/:0
[  187081ms] [ERROR] Failed to load resource: net::ERR_CONNECTION_REFUSED @ http://localhost:5173/:0
[  188085ms] [ERROR] Failed to load resource: net::ERR_CONNECTION_REFUSED @ http://localhost:5173/:0
[  189089ms] [ERROR] Failed to load resource: net::ERR_CONNECTION_REFUSED @ http://localhost:5173/:0
[  190093ms] [ERROR] Failed to load resource: net::ERR_CONNECTION_REFUSED @ http://localhost:5173/:0
[  191097ms] [ERROR] Failed to load resource: net::ERR_CONNECTION_REFUSED @ http://localhost:5173/:0
[  192101ms] [ERROR] Failed to load resource: net::ERR_CONNECTION_REFUSED @ http://localhost:5173/:0
[  193105ms] [ERROR] Failed to load resource: net::ERR_CONNECTION_REFUSED @ http://localhost:5173/:0
[  194109ms] [ERROR] Failed to load resource: net::ERR_CONNECTION_REFUSED @ http://localhost:5173/:0
[  195112ms] [ERROR] Failed to load resource: net::ERR_CONNECTION_REFUSED @ http://localhost:5173/:0
[  196116ms] [ERROR] Failed to load resource: net::ERR_CONNECTION_REFUSED @ http://localhost:5173/:0
[  197121ms] [ERROR] Failed to load resource: net::ERR_CONNECTION_REFUSED @ http://localhost:5173/:0
[  198125ms] [ERROR] Failed to load resource: net::ERR_CONNECTION_REFUSED @ http://localhost:5173/:0
[  199129ms] [ERROR] Failed to load resource: net::ERR_CONNECTION_REFUSED @ http://localhost:5173/:0
[  200133ms] [ERROR] Failed to load resource: net::ERR_CONNECTION_REFUSED @ http://localhost:5173/:0
[  201136ms] [ERROR] Failed to load resource: net::ERR_CONNECTION_REFUSED @ http://localhost:5173/:0
[  202140ms] [ERROR] Failed to load resource: net::ERR_CONNECTION_REFUSED @ http://localhost:5173/:0
[  203143ms] [ERROR] Failed to load resource: net::ERR_CONNECTION_REFUSED @ http://localhost:5173/:0
[  204148ms] [ERROR] Failed to load resource: net::ERR_CONNECTION_REFUSED @ http://localhost:5173/:0
[  205151ms] [ERROR] Failed to load resource: net::ERR_CONNECTION_REFUSED @ http://localhost:5173/:0
[  206155ms] [ERROR] Failed to load resource: net::ERR_CONNECTION_REFUSED @ http://localhost:5173/:0
[  207159ms] [ERROR] Failed to load resource: net::ERR_CONNECTION_REFUSED @ http://localhost:5173/:0
[  208163ms] [ERROR] Failed to load resource: net::ERR_CONNECTION_REFUSED @ http://localhost:5173/:0
[  209167ms] [ERROR] Failed to load resource: net::ERR_CONNECTION_REFUSED @ http://localhost:5173/:0
[  210171ms] [ERROR] Failed to load resource: net::ERR_CONNECTION_REFUSED @ http://localhost:5173/:0
[  211175ms] [ERROR] Failed to load resource: net::ERR_CONNECTION_REFUSED @ http://localhost:5173/:0
[  212179ms] [ERROR] Failed to load resource: net::ERR_CONNECTION_REFUSED @ http://localhost:5173/:0
[  213183ms] [ERROR] Failed to load resource: net::ERR_CONNECTION_REFUSED @ http://localhost:5173/:0
[  214187ms] [ERROR] Failed to load resource: net::ERR_CONNECTION_REFUSED @ http://localhost:5173/:0
[  215190ms] [ERROR] Failed to load resource: net::ERR_CONNECTION_REFUSED @ http://localhost:5173/:0
[  216194ms] [ERROR] Failed to load resource: net::ERR_CONNECTION_REFUSED @ http://localhost:5173/:0
[  217198ms] [ERROR] Failed to load resource: net::ERR_CONNECTION_REFUSED @ http://localhost:5173/:0
[  218203ms] [ERROR] Failed to load resource: net::ERR_CONNECTION_REFUSED @ http://localhost:5173/:0
[  219206ms] [ERROR] Failed to load resource: net::ERR_CONNECTION_REFUSED @ http://localhost:5173/:0
[  220209ms] [ERROR] Failed to load resource: net::ERR_CONNECTION_REFUSED @ http://localhost:5173/:0
[  221213ms] [ERROR] Failed to load resource: net::ERR_CONNECTION_REFUSED @ http://localhost:5173/:0
[  222217ms] [ERROR] Failed to load resource: net::ERR_CONNECTION_REFUSED @ http://localhost:5173/:0
[  223221ms] [ERROR] Failed to load resource: net::ERR_CONNECTION_REFUSED @ http://localhost:5173/:0
[  224225ms] [ERROR] Failed to load resource: net::ERR_CONNECTION_REFUSED @ http://localhost:5173/:0
[  225229ms] [ERROR] Failed to load resource: net::ERR_CONNECTION_REFUSED @ http://localhost:5173/:0
[  226233ms] [ERROR] Failed to load resource: net::ERR_CONNECTION_REFUSED @ http://localhost:5173/:0
[  227237ms] [ERROR] Failed to load resource: net::ERR_CONNECTION_REFUSED @ http://localhost:5173/:0
[  228241ms] [ERROR] Failed to load resource: net::ERR_CONNECTION_REFUSED @ http://localhost:5173/:0
[  229244ms] [ERROR] Failed to load resource: net::ERR_CONNECTION_REFUSED @ http://localhost:5173/:0
[  230248ms] [ERROR] Failed to load resource: net::ERR_CONNECTION_REFUSED @ http://localhost:5173/:0
[  231252ms] [ERROR] Failed to load resource: net::ERR_CONNECTION_REFUSED @ http://localhost:5173/:0
[  232255ms] [ERROR] Failed to load resource: net::ERR_CONNECTION_REFUSED @ http://localhost:5173/:0
[  233259ms] [ERROR] Failed to load resource: net::ERR_CONNECTION_REFUSED @ http://localhost:5173/:0
[  234263ms] [ERROR] Failed to load resource: net::ERR_CONNECTION_REFUSED @ http://localhost:5173/:0
[  235266ms] [ERROR] Failed to load resource: net::ERR_CONNECTION_REFUSED @ http://localhost:5173/:0
[  236270ms] [ERROR] Failed to load resource: net::ERR_CONNECTION_REFUSED @ http://localhost:5173/:0
[  237274ms] [ERROR] Failed to load resource: net::ERR_CONNECTION_REFUSED @ http://localhost:5173/:0
[  238277ms] [ERROR] Failed to load resource: net::ERR_CONNECTION_REFUSED @ http://localhost:5173/:0
[  239281ms] [ERROR] Failed to load resource: net::ERR_CONNECTION_REFUSED @ http://localhost:5173/:0
[  240285ms] [ERROR] Failed to load resource: net::ERR_CONNECTION_REFUSED @ http://localhost:5173/:0
[  241289ms] [ERROR] Failed to load resource: net::ERR_CONNECTION_REFUSED @ http://localhost:5173/:0
[  242294ms] [ERROR] Failed to load resource: net::ERR_CONNECTION_REFUSED @ http://localhost:5173/:0
[  243298ms] [ERROR] Failed to load resource: net::ERR_CONNECTION_REFUSED @ http://localhost:5173/:0
[  244300ms] [ERROR] Failed to load resource: net::ERR_CONNECTION_REFUSED @ http://localhost:5173/:0
[  245304ms] [ERROR] Failed to load resource: net::ERR_CONNECTION_REFUSED @ http://localhost:5173/:0
[  246307ms] [ERROR] Failed to load resource: net::ERR_CONNECTION_REFUSED @ http://localhost:5173/:0
[  247310ms] [ERROR] Failed to load resource: net::ERR_CONNECTION_REFUSED @ http://localhost:5173/:0
[  248314ms] [ERROR] Failed to load resource: net::ERR_CONNECTION_REFUSED @ http://localhost:5173/:0
[  249318ms] [ERROR] Failed to load resource: net::ERR_CONNECTION_REFUSED @ http://localhost:5173/:0
[  250322ms] [ERROR] Failed to load resource: net::ERR_CONNECTION_REFUSED @ http://localhost:5173/:0
[  251327ms] [ERROR] Failed to load resource: net::ERR_CONNECTION_REFUSED @ http://localhost:5173/:0
[  252331ms] [ERROR] Failed to load resource: net::ERR_CONNECTION_REFUSED @ http://localhost:5173/:0
[  253335ms] [ERROR] Failed to load resource: net::ERR_CONNECTION_REFUSED @ http://localhost:5173/:0
[  254339ms] [ERROR] Failed to load resource: net::ERR_CONNECTION_REFUSED @ http://localhost:5173/:0
[  255343ms] [ERROR] Failed to load resource: net::ERR_CONNECTION_REFUSED @ http://localhost:5173/:0
[  256347ms] [ERROR] Failed to load resource: net::ERR_CONNECTION_REFUSED @ http://localhost:5173/:0
[  257350ms] [ERROR] Failed to load resource: net::ERR_CONNECTION_REFUSED @ http://localhost:5173/:0
[  258353ms] [ERROR] Failed to load resource: net::ERR_CONNECTION_REFUSED @ http://localhost:5173/:0
[  259356ms] [ERROR] Failed to load resource: net::ERR_CONNECTION_REFUSED @ http://localhost:5173/:0
[  260359ms] [ERROR] Failed to load resource: net::ERR_CONNECTION_REFUSED @ http://localhost:5173/:0
[  261363ms] [ERROR] Failed to load resource: net::ERR_CONNECTION_REFUSED @ http://localhost:5173/:0
[  262366ms] [ERROR] Failed to load resource: net::ERR_CONNECTION_REFUSED @ http://localhost:5173/:0
[  263369ms] [ERROR] Failed to load resource: net::ERR_CONNECTION_REFUSED @ http://localhost:5173/:0
[  264373ms] [ERROR] Failed to load resource: net::ERR_CONNECTION_REFUSED @ http://localhost:5173/:0
[  265377ms] [ERROR] Failed to load resource: net::ERR_CONNECTION_REFUSED @ http://localhost:5173/:0
[  266381ms] [ERROR] Failed to load resource: net::ERR_CONNECTION_REFUSED @ http://localhost:5173/:0
[  267385ms] [ERROR] Failed to load resource: net::ERR_CONNECTION_REFUSED @ http://localhost:5173/:0
[  268389ms] [ERROR] Failed to load resource: net::ERR_CONNECTION_REFUSED @ http://localhost:5173/:0
[  269393ms] [ERROR] Failed to load resource: net::ERR_CONNECTION_REFUSED @ http://localhost:5173/:0
[  270397ms] [ERROR] Failed to load resource: net::ERR_CONNECTION_REFUSED @ http://localhost:5173/:0
[  271402ms] [ERROR] Failed to load resource: net::ERR_CONNECTION_REFUSED @ http://localhost:5173/:0
[  272405ms] [ERROR] Failed to load resource: net::ERR_CONNECTION_REFUSED @ http://localhost:5173/:0
[  273410ms] [ERROR] Failed to load resource: net::ERR_CONNECTION_REFUSED @ http://localhost:5173/:0
[  274412ms] [ERROR] Failed to load resource: net::ERR_CONNECTION_REFUSED @ http://localhost:5173/:0
[  275416ms] [ERROR] Failed to load resource: net::ERR_CONNECTION_REFUSED @ http://localhost:5173/:0
[  276420ms] [ERROR] Failed to load resource: net::ERR_CONNECTION_REFUSED @ http://localhost:5173/:0
[  277424ms] [ERROR] Failed to load resource: net::ERR_CONNECTION_REFUSED @ http://localhost:5173/:0
[  278429ms] [ERROR] Failed to load resource: net::ERR_CONNECTION_REFUSED @ http://localhost:5173/:0
[  279433ms] [ERROR] Failed to load resource: net::ERR_CONNECTION_REFUSED @ http://localhost:5173/:0
[  280437ms] [ERROR] Failed to load resource: net::ERR_CONNECTION_REFUSED @ http://localhost:5173/:0
[  281441ms] [ERROR] Failed to load resource: net::ERR_CONNECTION_REFUSED @ http://localhost:5173/:0
[  282445ms] [ERROR] Failed to load resource: net::ERR_CONNECTION_REFUSED @ http://localhost:5173/:0
[  283450ms] [ERROR] Failed to load resource: net::ERR_CONNECTION_REFUSED @ http://localhost:5173/:0
[  284453ms] [ERROR] Failed to load resource: net::ERR_CONNECTION_REFUSED @ http://localhost:5173/:0
[  285457ms] [ERROR] Failed to load resource: net::ERR_CONNECTION_REFUSED @ http://localhost:5173/:0
[  286461ms] [ERROR] Failed to load resource: net::ERR_CONNECTION_REFUSED @ http://localhost:5173/:0
[  287466ms] [ERROR] Failed to load resource: net::ERR_CONNECTION_REFUSED @ http://localhost:5173/:0
[  288470ms] [ERROR] Failed to load resource: net::ERR_CONNECTION_REFUSED @ http://localhost:5173/:0
[  289473ms] [ERROR] Failed to load resource: net::ERR_CONNECTION_REFUSED @ http://localhost:5173/:0
[  290477ms] [ERROR] Failed to load resource: net::ERR_CONNECTION_REFUSED @ http://localhost:5173/:0
[  291481ms] [ERROR] Failed to load resource: net::ERR_CONNECTION_REFUSED @ http://localhost:5173/:0
[  292485ms] [ERROR] Failed to load resource: net::ERR_CONNECTION_REFUSED @ http://localhost:5173/:0
[  293490ms] [ERROR] Failed to load resource: net::ERR_CONNECTION_REFUSED @ http://localhost:5173/:0
[  294494ms] [ERROR] Failed to load resource: net::ERR_CONNECTION_REFUSED @ http://localhost:5173/:0
[  295498ms] [ERROR] Failed to load resource: net::ERR_CONNECTION_REFUSED @ http://localhost:5173/:0
[  296500ms] [ERROR] Failed to load resource: net::ERR_CONNECTION_REFUSED @ http://localhost:5173/:0
[  297504ms] [ERROR] Failed to load resource: net::ERR_CONNECTION_REFUSED @ http://localhost:5173/:0
[  298508ms] [ERROR] Failed to load resource: net::ERR_CONNECTION_REFUSED @ http://localhost:5173/:0
[  299511ms] [ERROR] Failed to load resource: net::ERR_CONNECTION_REFUSED @ http://localhost:5173/:0
[  300515ms] [ERROR] Failed to load resource: net::ERR_CONNECTION_REFUSED @ http://localhost:5173/:0
[  301518ms] [ERROR] Failed to load resource: net::ERR_CONNECTION_REFUSED @ http://localhost:5173/:0
[  302523ms] [ERROR] Failed to load resource: net::ERR_CONNECTION_REFUSED @ http://localhost:5173/:0
[  303527ms] [ERROR] Failed to load resource: net::ERR_CONNECTION_REFUSED @ http://localhost:5173/:0
[  304530ms] [ERROR] Failed to load resource: net::ERR_CONNECTION_REFUSED @ http://localhost:5173/:0
[  305534ms] [ERROR] Failed to load resource: net::ERR_CONNECTION_REFUSED @ http://localhost:5173/:0
[  306538ms] [ERROR] Failed to load resource: net::ERR_CONNECTION_REFUSED @ http://localhost:5173/:0
[  307542ms] [ERROR] Failed to load resource: net::ERR_CONNECTION_REFUSED @ http://localhost:5173/:0
[  308547ms] [ERROR] Failed to load resource: net::ERR_CONNECTION_REFUSED @ http://localhost:5173/:0
[  309551ms] [ERROR] Failed to load resource: net::ERR_CONNECTION_REFUSED @ http://localhost:5173/:0
[  310555ms] [ERROR] Failed to load resource: net::ERR_CONNECTION_REFUSED @ http://localhost:5173/:0
[  311559ms] [ERROR] Failed to load resource: net::ERR_CONNECTION_REFUSED @ http://localhost:5173/:0
[  312563ms] [ERROR] Failed to load resource: net::ERR_CONNECTION_REFUSED @ http://localhost:5173/:0
[  313567ms] [ERROR] Failed to load resource: net::ERR_CONNECTION_REFUSED @ http://localhost:5173/:0
[  314571ms] [ERROR] Failed to load resource: net::ERR_CONNECTION_REFUSED @ http://localhost:5173/:0
[  315575ms] [ERROR] Failed to load resource: net::ERR_CONNECTION_REFUSED @ http://localhost:5173/:0
[  316579ms] [ERROR] Failed to load resource: net::ERR_CONNECTION_REFUSED @ http://localhost:5173/:0
[  317583ms] [ERROR] Failed to load resource: net::ERR_CONNECTION_REFUSED @ http://localhost:5173/:0
[  318587ms] [ERROR] Failed to load resource: net::ERR_CONNECTION_REFUSED @ http://localhost:5173/:0
[  319591ms] [ERROR] Failed to load resource: net::ERR_CONNECTION_REFUSED @ http://localhost:5173/:0
[  320595ms] [ERROR] Failed to load resource: net::ERR_CONNECTION_REFUSED @ http://localhost:5173/:0
[  321599ms] [ERROR] Failed to load resource: net::ERR_CONNECTION_REFUSED @ http://localhost:5173/:0
[  322603ms] [ERROR] Failed to load resource: net::ERR_CONNECTION_REFUSED @ http://localhost:5173/:0
[  323606ms] [ERROR] Failed to load resource: net::ERR_CONNECTION_REFUSED @ http://localhost:5173/:0
[  324609ms] [ERROR] Failed to load resource: net::ERR_CONNECTION_REFUSED @ http://localhost:5173/:0
[  325612ms] [ERROR] Failed to load resource: net::ERR_CONNECTION_REFUSED @ http://localhost:5173/:0
[  326617ms] [ERROR] Failed to load resource: net::ERR_CONNECTION_REFUSED @ http://localhost:5173/:0
[  327621ms] [ERROR] Failed to load resource: net::ERR_CONNECTION_REFUSED @ http://localhost:5173/:0
[  328625ms] [ERROR] Failed to load resource: net::ERR_CONNECTION_REFUSED @ http://localhost:5173/:0
[  329629ms] [ERROR] Failed to load resource: net::ERR_CONNECTION_REFUSED @ http://localhost:5173/:0
[  330634ms] [ERROR] Failed to load resource: net::ERR_CONNECTION_REFUSED @ http://localhost:5173/:0
[  331638ms] [ERROR] Failed to load resource: net::ERR_CONNECTION_REFUSED @ http://localhost:5173/:0
[  332642ms] [ERROR] Failed to load resource: net::ERR_CONNECTION_REFUSED @ http://localhost:5173/:0
[  333645ms] [ERROR] Failed to load resource: net::ERR_CONNECTION_REFUSED @ http://localhost:5173/:0
[  334648ms] [ERROR] Failed to load resource: net::ERR_CONNECTION_REFUSED @ http://localhost:5173/:0
[  335650ms] [ERROR] Failed to load resource: net::ERR_CONNECTION_REFUSED @ http://localhost:5173/:0
[  336654ms] [ERROR] Failed to load resource: net::ERR_CONNECTION_REFUSED @ http://localhost:5173/:0
[  337658ms] [ERROR] Failed to load resource: net::ERR_CONNECTION_REFUSED @ http://localhost:5173/:0
[  338662ms] [ERROR] Failed to load resource: net::ERR_CONNECTION_REFUSED @ http://localhost:5173/:0
[  339667ms] [ERROR] Failed to load resource: net::ERR_CONNECTION_REFUSED @ http://localhost:5173/:0
[  340671ms] [ERROR] Failed to load resource: net::ERR_CONNECTION_REFUSED @ http://localhost:5173/:0
[  341675ms] [ERROR] Failed to load resource: net::ERR_CONNECTION_REFUSED @ http://localhost:5173/:0
[  342679ms] [ERROR] Failed to load resource: net::ERR_CONNECTION_REFUSED @ http://localhost:5173/:0
[  343683ms] [ERROR] Failed to load resource: net::ERR_CONNECTION_REFUSED @ http://localhost:5173/:0
[  344687ms] [ERROR] Failed to load resource: net::ERR_CONNECTION_REFUSED @ http://localhost:5173/:0
[  345691ms] [ERROR] Failed to load resource: net::ERR_CONNECTION_REFUSED @ http://localhost:5173/:0
[  346694ms] [ERROR] Failed to load resource: net::ERR_CONNECTION_REFUSED @ http://localhost:5173/:0
[  347697ms] [ERROR] Failed to load resource: net::ERR_CONNECTION_REFUSED @ http://localhost:5173/:0
[  348701ms] [ERROR] Failed to load resource: net::ERR_CONNECTION_REFUSED @ http://localhost:5173/:0
[  349705ms] [ERROR] Failed to load resource: net::ERR_CONNECTION_REFUSED @ http://localhost:5173/:0
[  350709ms] [ERROR] Failed to load resource: net::ERR_CONNECTION_REFUSED @ http://localhost:5173/:0
[  351713ms] [ERROR] Failed to load resource: net::ERR_CONNECTION_REFUSED @ http://localhost:5173/:0
[  352717ms] [ERROR] Failed to load resource: net::ERR_CONNECTION_REFUSED @ http://localhost:5173/:0
[  353721ms] [ERROR] Failed to load resource: net::ERR_CONNECTION_REFUSED @ http://localhost:5173/:0
[  354725ms] [ERROR] Failed to load resource: net::ERR_CONNECTION_REFUSED @ http://localhost:5173/:0
[  355729ms] [ERROR] Failed to load resource: net::ERR_CONNECTION_REFUSED @ http://localhost:5173/:0
[  356735ms] [ERROR] Failed to load resource: net::ERR_CONNECTION_REFUSED @ http://localhost:5173/:0
[  357739ms] [ERROR] Failed to load resource: net::ERR_CONNECTION_REFUSED @ http://localhost:5173/:0
[  358743ms] [ERROR] Failed to load resource: net::ERR_CONNECTION_REFUSED @ http://localhost:5173/:0
[  359747ms] [ERROR] Failed to load resource: net::ERR_CONNECTION_REFUSED @ http://localhost:5173/:0
[  360751ms] [ERROR] Failed to load resource: net::ERR_CONNECTION_REFUSED @ http://localhost:5173/:0
[  361754ms] [ERROR] Failed to load resource: net::ERR_CONNECTION_REFUSED @ http://localhost:5173/:0
[  362758ms] [ERROR] Failed to load resource: net::ERR_CONNECTION_REFUSED @ http://localhost:5173/:0
[  363762ms] [ERROR] Failed to load resource: net::ERR_CONNECTION_REFUSED @ http://localhost:5173/:0
[  364765ms] [ERROR] Failed to load resource: net::ERR_CONNECTION_REFUSED @ http://localhost:5173/:0
[  365769ms] [ERROR] Failed to load resource: net::ERR_CONNECTION_REFUSED @ http://localhost:5173/:0
[  366773ms] [ERROR] Failed to load resource: net::ERR_CONNECTION_REFUSED @ http://localhost:5173/:0
[  367777ms] [ERROR] Failed to load resource: net::ERR_CONNECTION_REFUSED @ http://localhost:5173/:0
[  368781ms] [ERROR] Failed to load resource: net::ERR_CONNECTION_REFUSED @ http://localhost:5173/:0
[  369785ms] [ERROR] Failed to load resource: net::ERR_CONNECTION_REFUSED @ http://localhost:5173/:0
[  370788ms] [ERROR] Failed to load resource: net::ERR_CONNECTION_REFUSED @ http://localhost:5173/:0
[  371791ms] [ERROR] Failed to load resource: net::ERR_CONNECTION_REFUSED @ http://localhost:5173/:0
[  372795ms] [ERROR] Failed to load resource: net::ERR_CONNECTION_REFUSED @ http://localhost:5173/:0
[  373799ms] [ERROR] Failed to load resource: net::ERR_CONNECTION_REFUSED @ http://localhost:5173/:0
[  374803ms] [ERROR] Failed to load resource: net::ERR_CONNECTION_REFUSED @ http://localhost:5173/:0
[  375807ms] [ERROR] Failed to load resource: net::ERR_CONNECTION_REFUSED @ http://localhost:5173/:0
[  376810ms] [ERROR] Failed to load resource: net::ERR_CONNECTION_REFUSED @ http://localhost:5173/:0
[  377814ms] [ERROR] Failed to load resource: net::ERR_CONNECTION_REFUSED @ http://localhost:5173/:0
[  378818ms] [ERROR] Failed to load resource: net::ERR_CONNECTION_REFUSED @ http://localhost:5173/:0
[  379822ms] [ERROR] Failed to load resource: net::ERR_CONNECTION_REFUSED @ http://localhost:5173/:0
[  380825ms] [ERROR] Failed to load resource: net::ERR_CONNECTION_REFUSED @ http://localhost:5173/:0
[  381828ms] [ERROR] Failed to load resource: net::ERR_CONNECTION_REFUSED @ http://localhost:5173/:0
[  382832ms] [ERROR] Failed to load resource: net::ERR_CONNECTION_REFUSED @ http://localhost:5173/:0
[  383836ms] [ERROR] Failed to load resource: net::ERR_CONNECTION_REFUSED @ http://localhost:5173/:0
[  384839ms] [ERROR] Failed to load resource: net::ERR_CONNECTION_REFUSED @ http://localhost:5173/:0
[  385843ms] [ERROR] Failed to load resource: net::ERR_CONNECTION_REFUSED @ http://localhost:5173/:0
[  386847ms] [ERROR] Failed to load resource: net::ERR_CONNECTION_REFUSED @ http://localhost:5173/:0
[  387851ms] [ERROR] Failed to load resource: net::ERR_CONNECTION_REFUSED @ http://localhost:5173/:0
[  388855ms] [ERROR] Failed to load resource: net::ERR_CONNECTION_REFUSED @ http://localhost:5173/:0
[  389858ms] [ERROR] Failed to load resource: net::ERR_CONNECTION_REFUSED @ http://localhost:5173/:0
[  390862ms] [ERROR] Failed to load resource: net::ERR_CONNECTION_REFUSED @ http://localhost:5173/:0
[  391865ms] [ERROR] Failed to load resource: net::ERR_CONNECTION_REFUSED @ http://localhost:5173/:0
[  392869ms] [ERROR] Failed to load resource: net::ERR_CONNECTION_REFUSED @ http://localhost:5173/:0
[  393873ms] [ERROR] Failed to load resource: net::ERR_CONNECTION_REFUSED @ http://localhost:5173/:0
[  394880ms] [ERROR] Failed to load resource: net::ERR_CONNECTION_REFUSED @ http://localhost:5173/:0
[  395883ms] [ERROR] Failed to load resource: net::ERR_CONNECTION_REFUSED @ http://localhost:5173/:0
[  396887ms] [ERROR] Failed to load resource: net::ERR_CONNECTION_REFUSED @ http://localhost:5173/:0
[  397891ms] [ERROR] Failed to load resource: net::ERR_CONNECTION_REFUSED @ http://localhost:5173/:0
[  398895ms] [ERROR] Failed to load resource: net::ERR_CONNECTION_REFUSED @ http://localhost:5173/:0
[  399899ms] [ERROR] Failed to load resource: net::ERR_CONNECTION_REFUSED @ http://localhost:5173/:0
[  400902ms] [ERROR] Failed to load resource: net::ERR_CONNECTION_REFUSED @ http://localhost:5173/:0
[  401907ms] [ERROR] Failed to load resource: net::ERR_CONNECTION_REFUSED @ http://localhost:5173/:0
[  402911ms] [ERROR] Failed to load resource: net::ERR_CONNECTION_REFUSED @ http://localhost:5173/:0
[  403915ms] [ERROR] Failed to load resource: net::ERR_CONNECTION_REFUSED @ http://localhost:5173/:0
[  404918ms] [ERROR] Failed to load resource: net::ERR_CONNECTION_REFUSED @ http://localhost:5173/:0
[  405921ms] [ERROR] Failed to load resource: net::ERR_CONNECTION_REFUSED @ http://localhost:5173/:0
[  406925ms] [ERROR] Failed to load resource: net::ERR_CONNECTION_REFUSED @ http://localhost:5173/:0
[  407929ms] [ERROR] Failed to load resource: net::ERR_CONNECTION_REFUSED @ http://localhost:5173/:0
[  408933ms] [ERROR] Failed to load resource: net::ERR_CONNECTION_REFUSED @ http://localhost:5173/:0
[  409937ms] [ERROR] Failed to load resource: net::ERR_CONNECTION_REFUSED @ http://localhost:5173/:0
[  410941ms] [ERROR] Failed to load resource: net::ERR_CONNECTION_REFUSED @ http://localhost:5173/:0
[  411944ms] [ERROR] Failed to load resource: net::ERR_CONNECTION_REFUSED @ http://localhost:5173/:0
[  412948ms] [ERROR] Failed to load resource: net::ERR_CONNECTION_REFUSED @ http://localhost:5173/:0
[  413952ms] [ERROR] Failed to load resource: net::ERR_CONNECTION_REFUSED @ http://localhost:5173/:0
[  414956ms] [ERROR] Failed to load resource: net::ERR_CONNECTION_REFUSED @ http://localhost:5173/:0
[  415960ms] [ERROR] Failed to load resource: net::ERR_CONNECTION_REFUSED @ http://localhost:5173/:0
[  416964ms] [ERROR] Failed to load resource: net::ERR_CONNECTION_REFUSED @ http://localhost:5173/:0
[  417967ms] [ERROR] Failed to load resource: net::ERR_CONNECTION_REFUSED @ http://localhost:5173/:0
[  418971ms] [ERROR] Failed to load resource: net::ERR_CONNECTION_REFUSED @ http://localhost:5173/:0
[  419975ms] [ERROR] Failed to load resource: net::ERR_CONNECTION_REFUSED @ http://localhost:5173/:0
[  420978ms] [ERROR] Failed to load resource: net::ERR_CONNECTION_REFUSED @ http://localhost:5173/:0
[  421982ms] [ERROR] Failed to load resource: net::ERR_CONNECTION_REFUSED @ http://localhost:5173/:0
[  422986ms] [ERROR] Failed to load resource: net::ERR_CONNECTION_REFUSED @ http://localhost:5173/:0
[  423989ms] [ERROR] Failed to load resource: net::ERR_CONNECTION_REFUSED @ http://localhost:5173/:0
[  424993ms] [ERROR] Failed to load resource: net::ERR_CONNECTION_REFUSED @ http://localhost:5173/:0
[  425996ms] [ERROR] Failed to load resource: net::ERR_CONNECTION_REFUSED @ http://localhost:5173/:0
[  426999ms] [ERROR] Failed to load resource: net::ERR_CONNECTION_REFUSED @ http://localhost:5173/:0
[  428002ms] [ERROR] Failed to load resource: net::ERR_CONNECTION_REFUSED @ http://localhost:5173/:0
[  429006ms] [ERROR] Failed to load resource: net::ERR_CONNECTION_REFUSED @ http://localhost:5173/:0
[  430010ms] [ERROR] Failed to load resource: net::ERR_CONNECTION_REFUSED @ http://localhost:5173/:0
[  431014ms] [ERROR] Failed to load resource: net::ERR_CONNECTION_REFUSED @ http://localhost:5173/:0
[  432018ms] [ERROR] Failed to load resource: net::ERR_CONNECTION_REFUSED @ http://localhost:5173/:0
[  433021ms] [ERROR] Failed to load resource: net::ERR_CONNECTION_REFUSED @ http://localhost:5173/:0
[  434025ms] [ERROR] Failed to load resource: net::ERR_CONNECTION_REFUSED @ http://localhost:5173/:0
[  435030ms] [ERROR] Failed to load resource: net::ERR_CONNECTION_REFUSED @ http://localhost:5173/:0
[  436034ms] [ERROR] Failed to load resource: net::ERR_CONNECTION_REFUSED @ http://localhost:5173/:0
[  437037ms] [ERROR] Failed to load resource: net::ERR_CONNECTION_REFUSED @ http://localhost:5173/:0
[  438040ms] [ERROR] Failed to load resource: net::ERR_CONNECTION_REFUSED @ http://localhost:5173/:0
[  439043ms] [ERROR] Failed to load resource: net::ERR_CONNECTION_REFUSED @ http://localhost:5173/:0
[  440047ms] [ERROR] Failed to load resource: net::ERR_CONNECTION_REFUSED @ http://localhost:5173/:0
[  441053ms] [ERROR] Failed to load resource: net::ERR_CONNECTION_REFUSED @ http://localhost:5173/:0
[  442056ms] [ERROR] Failed to load resource: net::ERR_CONNECTION_REFUSED @ http://localhost:5173/:0
[  443061ms] [ERROR] Failed to load resource: net::ERR_CONNECTION_REFUSED @ http://localhost:5173/:0
[  444064ms] [ERROR] Failed to load resource: net::ERR_CONNECTION_REFUSED @ http://localhost:5173/:0
[  445069ms] [ERROR] Failed to load resource: net::ERR_CONNECTION_REFUSED @ http://localhost:5173/:0
[  446073ms] [ERROR] Failed to load resource: net::ERR_CONNECTION_REFUSED @ http://localhost:5173/:0
[  447076ms] [ERROR] Failed to load resource: net::ERR_CONNECTION_REFUSED @ http://localhost:5173/:0
[  448080ms] [ERROR] Failed to load resource: net::ERR_CONNECTION_REFUSED @ http://localhost:5173/:0
[  449083ms] [ERROR] Failed to load resource: net::ERR_CONNECTION_REFUSED @ http://localhost:5173/:0
[  450087ms] [ERROR] Failed to load resource: net::ERR_CONNECTION_REFUSED @ http://localhost:5173/:0
[  451090ms] [ERROR] Failed to load resource: net::ERR_CONNECTION_REFUSED @ http://localhost:5173/:0
[  452093ms] [ERROR] Failed to load resource: net::ERR_CONNECTION_REFUSED @ http://localhost:5173/:0
[  453096ms] [ERROR] Failed to load resource: net::ERR_CONNECTION_REFUSED @ http://localhost:5173/:0
[  454099ms] [ERROR] Failed to load resource: net::ERR_CONNECTION_REFUSED @ http://localhost:5173/:0
[  455103ms] [ERROR] Failed to load resource: net::ERR_CONNECTION_REFUSED @ http://localhost:5173/:0
[  456106ms] [ERROR] Failed to load resource: net::ERR_CONNECTION_REFUSED @ http://localhost:5173/:0
[  457110ms] [ERROR] Failed to load resource: net::ERR_CONNECTION_REFUSED @ http://localhost:5173/:0
[  458114ms] [ERROR] Failed to load resource: net::ERR_CONNECTION_REFUSED @ http://localhost:5173/:0
[  459118ms] [ERROR] Failed to load resource: net::ERR_CONNECTION_REFUSED @ http://localhost:5173/:0
[  460121ms] [ERROR] Failed to load resource: net::ERR_CONNECTION_REFUSED @ http://localhost:5173/:0
[  461124ms] [ERROR] Failed to load resource: net::ERR_CONNECTION_REFUSED @ http://localhost:5173/:0
[  462127ms] [ERROR] Failed to load resource: net::ERR_CONNECTION_REFUSED @ http://localhost:5173/:0
[  463131ms] [ERROR] Failed to load resource: net::ERR_CONNECTION_REFUSED @ http://localhost:5173/:0
[  464134ms] [ERROR] Failed to load resource: net::ERR_CONNECTION_REFUSED @ http://localhost:5173/:0
[  465138ms] [ERROR] Failed to load resource: net::ERR_CONNECTION_REFUSED @ http://localhost:5173/:0
[  466141ms] [ERROR] Failed to load resource: net::ERR_CONNECTION_REFUSED @ http://localhost:5173/:0
[  467144ms] [ERROR] Failed to load resource: net::ERR_CONNECTION_REFUSED @ http://localhost:5173/:0
[  468148ms] [ERROR] Failed to load resource: net::ERR_CONNECTION_REFUSED @ http://localhost:5173/:0
[  469152ms] [ERROR] Failed to load resource: net::ERR_CONNECTION_REFUSED @ http://localhost:5173/:0
[  470156ms] [ERROR] Failed to load resource: net::ERR_CONNECTION_REFUSED @ http://localhost:5173/:0
[  471160ms] [ERROR] Failed to load resource: net::ERR_CONNECTION_REFUSED @ http://localhost:5173/:0
[  472164ms] [ERROR] Failed to load resource: net::ERR_CONNECTION_REFUSED @ http://localhost:5173/:0
[  473168ms] [ERROR] Failed to load resource: net::ERR_CONNECTION_REFUSED @ http://localhost:5173/:0
[  474172ms] [ERROR] Failed to load resource: net::ERR_CONNECTION_REFUSED @ http://localhost:5173/:0
[  475176ms] [ERROR] Failed to load resource: net::ERR_CONNECTION_REFUSED @ http://localhost:5173/:0
[  476180ms] [ERROR] Failed to load resource: net::ERR_CONNECTION_REFUSED @ http://localhost:5173/:0
[  477184ms] [ERROR] Failed to load resource: net::ERR_CONNECTION_REFUSED @ http://localhost:5173/:0
[  478188ms] [ERROR] Failed to load resource: net::ERR_CONNECTION_REFUSED @ http://localhost:5173/:0
[  479192ms] [ERROR] Failed to load resource: net::ERR_CONNECTION_REFUSED @ http://localhost:5173/:0
[  480196ms] [ERROR] Failed to load resource: net::ERR_CONNECTION_REFUSED @ http://localhost:5173/:0
[  481200ms] [ERROR] Failed to load resource: net::ERR_CONNECTION_REFUSED @ http://localhost:5173/:0
[  482204ms] [ERROR] Failed to load resource: net::ERR_CONNECTION_REFUSED @ http://localhost:5173/:0
[  483208ms] [ERROR] Failed to load resource: net::ERR_CONNECTION_REFUSED @ http://localhost:5173/:0
[  484212ms] [ERROR] Failed to load resource: net::ERR_CONNECTION_REFUSED @ http://localhost:5173/:0
[  485216ms] [ERROR] Failed to load resource: net::ERR_CONNECTION_REFUSED @ http://localhost:5173/:0
[  486220ms] [ERROR] Failed to load resource: net::ERR_CONNECTION_REFUSED @ http://localhost:5173/:0
[  487224ms] [ERROR] Failed to load resource: net::ERR_CONNECTION_REFUSED @ http://localhost:5173/:0
[  488228ms] [ERROR] Failed to load resource: net::ERR_CONNECTION_REFUSED @ http://localhost:5173/:0
[  489232ms] [ERROR] Failed to load resource: net::ERR_CONNECTION_REFUSED @ http://localhost:5173/:0
[  490237ms] [ERROR] Failed to load resource: net::ERR_CONNECTION_REFUSED @ http://localhost:5173/:0
[  491241ms] [ERROR] Failed to load resource: net::ERR_CONNECTION_REFUSED @ http://localhost:5173/:0
[  492245ms] [ERROR] Failed to load resource: net::ERR_CONNECTION_REFUSED @ http://localhost:5173/:0
[  493249ms] [ERROR] Failed to load resource: net::ERR_CONNECTION_REFUSED @ http://localhost:5173/:0
[  494253ms] [ERROR] Failed to load resource: net::ERR_CONNECTION_REFUSED @ http://localhost:5173/:0
[  495257ms] [ERROR] Failed to load resource: net::ERR_CONNECTION_REFUSED @ http://localhost:5173/:0
[  496261ms] [ERROR] Failed to load resource: net::ERR_CONNECTION_REFUSED @ http://localhost:5173/:0
[  497264ms] [ERROR] Failed to load resource: net::ERR_CONNECTION_REFUSED @ http://localhost:5173/:0
[  498268ms] [ERROR] Failed to load resource: net::ERR_CONNECTION_REFUSED @ http://localhost:5173/:0
[  499271ms] [ERROR] Failed to load resource: net::ERR_CONNECTION_REFUSED @ http://localhost:5173/:0
[  500275ms] [ERROR] Failed to load resource: net::ERR_CONNECTION_REFUSED @ http://localhost:5173/:0
[  501279ms] [ERROR] Failed to load resource: net::ERR_CONNECTION_REFUSED @ http://localhost:5173/:0
[  502282ms] [ERROR] Failed to load resource: net::ERR_CONNECTION_REFUSED @ http://localhost:5173/:0
[  503287ms] [ERROR] Failed to load resource: net::ERR_CONNECTION_REFUSED @ http://localhost:5173/:0
[  504291ms] [ERROR] Failed to load resource: net::ERR_CONNECTION_REFUSED @ http://localhost:5173/:0
[  505295ms] [ERROR] Failed to load resource: net::ERR_CONNECTION_REFUSED @ http://localhost:5173/:0
[  506299ms] [ERROR] Failed to load resource: net::ERR_CONNECTION_REFUSED @ http://localhost:5173/:0
[  507303ms] [ERROR] Failed to load resource: net::ERR_CONNECTION_REFUSED @ http://localhost:5173/:0
[  508306ms] [ERROR] Failed to load resource: net::ERR_CONNECTION_REFUSED @ http://localhost:5173/:0
[  509309ms] [ERROR] Failed to load resource: net::ERR_CONNECTION_REFUSED @ http://localhost:5173/:0
[  510312ms] [ERROR] Failed to load resource: net::ERR_CONNECTION_REFUSED @ http://localhost:5173/:0
[  511316ms] [ERROR] Failed to load resource: net::ERR_CONNECTION_REFUSED @ http://localhost:5173/:0
[  512319ms] [ERROR] Failed to load resource: net::ERR_CONNECTION_REFUSED @ http://localhost:5173/:0
[  513323ms] [ERROR] Failed to load resource: net::ERR_CONNECTION_REFUSED @ http://localhost:5173/:0
[  514326ms] [ERROR] Failed to load resource: net::ERR_CONNECTION_REFUSED @ http://localhost:5173/:0
[  515329ms] [ERROR] Failed to load resource: net::ERR_CONNECTION_REFUSED @ http://localhost:5173/:0
[  516333ms] [ERROR] Failed to load resource: net::ERR_CONNECTION_REFUSED @ http://localhost:5173/:0
[  517337ms] [ERROR] Failed to load resource: net::ERR_CONNECTION_REFUSED @ http://localhost:5173/:0
[  518341ms] [ERROR] Failed to load resource: net::ERR_CONNECTION_REFUSED @ http://localhost:5173/:0
[  519345ms] [ERROR] Failed to load resource: net::ERR_CONNECTION_REFUSED @ http://localhost:5173/:0
[  520348ms] [ERROR] Failed to load resource: net::ERR_CONNECTION_REFUSED @ http://localhost:5173/:0
[  521352ms] [ERROR] Failed to load resource: net::ERR_CONNECTION_REFUSED @ http://localhost:5173/:0
[  522356ms] [ERROR] Failed to load resource: net::ERR_CONNECTION_REFUSED @ http://localhost:5173/:0
[  523359ms] [ERROR] Failed to load resource: net::ERR_CONNECTION_REFUSED @ http://localhost:5173/:0
[  524363ms] [ERROR] Failed to load resource: net::ERR_CONNECTION_REFUSED @ http://localhost:5173/:0
[  525367ms] [ERROR] Failed to load resource: net::ERR_CONNECTION_REFUSED @ http://localhost:5173/:0
[  526371ms] [ERROR] Failed to load resource: net::ERR_CONNECTION_REFUSED @ http://localhost:5173/:0
[  527375ms] [ERROR] Failed to load resource: net::ERR_CONNECTION_REFUSED @ http://localhost:5173/:0
[  528379ms] [ERROR] Failed to load resource: net::ERR_CONNECTION_REFUSED @ http://localhost:5173/:0
[  529381ms] [ERROR] Failed to load resource: net::ERR_CONNECTION_REFUSED @ http://localhost:5173/:0
[  530386ms] [ERROR] Failed to load resource: net::ERR_CONNECTION_REFUSED @ http://localhost:5173/:0
[  531388ms] [ERROR] Failed to load resource: net::ERR_CONNECTION_REFUSED @ http://localhost:5173/:0
[  532392ms] [ERROR] Failed to load resource: net::ERR_CONNECTION_REFUSED @ http://localhost:5173/:0
[  533396ms] [ERROR] Failed to load resource: net::ERR_CONNECTION_REFUSED @ http://localhost:5173/:0
[  534400ms] [ERROR] Failed to load resource: net::ERR_CONNECTION_REFUSED @ http://localhost:5173/:0
[  535404ms] [ERROR] Failed to load resource: net::ERR_CONNECTION_REFUSED @ http://localhost:5173/:0
[  536406ms] [ERROR] Failed to load resource: net::ERR_CONNECTION_REFUSED @ http://localhost:5173/:0
[  537411ms] [ERROR] Failed to load resource: net::ERR_CONNECTION_REFUSED @ http://localhost:5173/:0
[  538418ms] [ERROR] Failed to load resource: net::ERR_CONNECTION_REFUSED @ http://localhost:5173/:0
[  539422ms] [ERROR] Failed to load resource: net::ERR_CONNECTION_REFUSED @ http://localhost:5173/:0
[  540426ms] [ERROR] Failed to load resource: net::ERR_CONNECTION_REFUSED @ http://localhost:5173/:0
[  541430ms] [ERROR] Failed to load resource: net::ERR_CONNECTION_REFUSED @ http://localhost:5173/:0
[  542434ms] [ERROR] Failed to load resource: net::ERR_CONNECTION_REFUSED @ http://localhost:5173/:0
[  543438ms] [ERROR] Failed to load resource: net::ERR_CONNECTION_REFUSED @ http://localhost:5173/:0
[  544441ms] [ERROR] Failed to load resource: net::ERR_CONNECTION_REFUSED @ http://localhost:5173/:0
[  545445ms] [ERROR] Failed to load resource: net::ERR_CONNECTION_REFUSED @ http://localhost:5173/:0
[  546449ms] [ERROR] Failed to load resource: net::ERR_CONNECTION_REFUSED @ http://localhost:5173/:0
[  547453ms] [ERROR] Failed to load resource: net::ERR_CONNECTION_REFUSED @ http://localhost:5173/:0
[  548457ms] [ERROR] Failed to load resource: net::ERR_CONNECTION_REFUSED @ http://localhost:5173/:0
[  549461ms] [ERROR] Failed to load resource: net::ERR_CONNECTION_REFUSED @ http://localhost:5173/:0
[  550464ms] [ERROR] Failed to load resource: net::ERR_CONNECTION_REFUSED @ http://localhost:5173/:0
[  551468ms] [ERROR] Failed to load resource: net::ERR_CONNECTION_REFUSED @ http://localhost:5173/:0
[  552471ms] [ERROR] Failed to load resource: net::ERR_CONNECTION_REFUSED @ http://localhost:5173/:0
[  553474ms] [ERROR] Failed to load resource: net::ERR_CONNECTION_REFUSED @ http://localhost:5173/:0
[  554478ms] [ERROR] Failed to load resource: net::ERR_CONNECTION_REFUSED @ http://localhost:5173/:0
[  555482ms] [ERROR] Failed to load resource: net::ERR_CONNECTION_REFUSED @ http://localhost:5173/:0
[  556486ms] [ERROR] Failed to load resource: net::ERR_CONNECTION_REFUSED @ http://localhost:5173/:0
[  557490ms] [ERROR] Failed to load resource: net::ERR_CONNECTION_REFUSED @ http://localhost:5173/:0
[  558497ms] [ERROR] Failed to load resource: net::ERR_CONNECTION_REFUSED @ http://localhost:5173/:0
[  559500ms] [ERROR] Failed to load resource: net::ERR_CONNECTION_REFUSED @ http://localhost:5173/:0
[  560504ms] [ERROR] Failed to load resource: net::ERR_CONNECTION_REFUSED @ http://localhost:5173/:0
[  561507ms] [ERROR] Failed to load resource: net::ERR_CONNECTION_REFUSED @ http://localhost:5173/:0
[  562510ms] [ERROR] Failed to load resource: net::ERR_CONNECTION_REFUSED @ http://localhost:5173/:0
[  563514ms] [ERROR] Failed to load resource: net::ERR_CONNECTION_REFUSED @ http://localhost:5173/:0
[  564518ms] [ERROR] Failed to load resource: net::ERR_CONNECTION_REFUSED @ http://localhost:5173/:0
[  565521ms] [ERROR] Failed to load resource: net::ERR_CONNECTION_REFUSED @ http://localhost:5173/:0
[  566526ms] [ERROR] Failed to load resource: net::ERR_CONNECTION_REFUSED @ http://localhost:5173/:0
[  567530ms] [ERROR] Failed to load resource: net::ERR_CONNECTION_REFUSED @ http://localhost:5173/:0
[  568534ms] [ERROR] Failed to load resource: net::ERR_CONNECTION_REFUSED @ http://localhost:5173/:0
[  569538ms] [ERROR] Failed to load resource: net::ERR_CONNECTION_REFUSED @ http://localhost:5173/:0
[  570542ms] [ERROR] Failed to load resource: net::ERR_CONNECTION_REFUSED @ http://localhost:5173/:0
[  571546ms] [ERROR] Failed to load resource: net::ERR_CONNECTION_REFUSED @ http://localhost:5173/:0
[  572551ms] [ERROR] Failed to load resource: net::ERR_CONNECTION_REFUSED @ http://localhost:5173/:0
[  573553ms] [ERROR] Failed to load resource: net::ERR_CONNECTION_REFUSED @ http://localhost:5173/:0
[  574557ms] [ERROR] Failed to load resource: net::ERR_CONNECTION_REFUSED @ http://localhost:5173/:0
[  575561ms] [ERROR] Failed to load resource: net::ERR_CONNECTION_REFUSED @ http://localhost:5173/:0
[  576564ms] [ERROR] Failed to load resource: net::ERR_CONNECTION_REFUSED @ http://localhost:5173/:0
[  577567ms] [ERROR] Failed to load resource: net::ERR_CONNECTION_REFUSED @ http://localhost:5173/:0
[  578570ms] [ERROR] Failed to load resource: net::ERR_CONNECTION_REFUSED @ http://localhost:5173/:0
[  579574ms] [ERROR] Failed to load resource: net::ERR_CONNECTION_REFUSED @ http://localhost:5173/:0
[  580578ms] [ERROR] Failed to load resource: net::ERR_CONNECTION_REFUSED @ http://localhost:5173/:0
[  581582ms] [ERROR] Failed to load resource: net::ERR_CONNECTION_REFUSED @ http://localhost:5173/:0
[  582586ms] [ERROR] Failed to load resource: net::ERR_CONNECTION_REFUSED @ http://localhost:5173/:0
[  583590ms] [ERROR] Failed to load resource: net::ERR_CONNECTION_REFUSED @ http://localhost:5173/:0
[  584593ms] [ERROR] Failed to load resource: net::ERR_CONNECTION_REFUSED @ http://localhost:5173/:0
[  585597ms] [ERROR] Failed to load resource: net::ERR_CONNECTION_REFUSED @ http://localhost:5173/:0
[  586600ms] [ERROR] Failed to load resource: net::ERR_CONNECTION_REFUSED @ http://localhost:5173/:0
[  587604ms] [ERROR] Failed to load resource: net::ERR_CONNECTION_REFUSED @ http://localhost:5173/:0
[  588608ms] [ERROR] Failed to load resource: net::ERR_CONNECTION_REFUSED @ http://localhost:5173/:0
[  589611ms] [ERROR] Failed to load resource: net::ERR_CONNECTION_REFUSED @ http://localhost:5173/:0
[  590615ms] [ERROR] Failed to load resource: net::ERR_CONNECTION_REFUSED @ http://localhost:5173/:0
[  591618ms] [ERROR] Failed to load resource: net::ERR_CONNECTION_REFUSED @ http://localhost:5173/:0
[  592622ms] [ERROR] Failed to load resource: net::ERR_CONNECTION_REFUSED @ http://localhost:5173/:0
[  593626ms] [ERROR] Failed to load resource: net::ERR_CONNECTION_REFUSED @ http://localhost:5173/:0
[  594630ms] [ERROR] Failed to load resource: net::ERR_CONNECTION_REFUSED @ http://localhost:5173/:0
[  595633ms] [ERROR] Failed to load resource: net::ERR_CONNECTION_REFUSED @ http://localhost:5173/:0
[  596638ms] [ERROR] Failed to load resource: net::ERR_CONNECTION_REFUSED @ http://localhost:5173/:0
[  597642ms] [ERROR] Failed to load resource: net::ERR_CONNECTION_REFUSED @ http://localhost:5173/:0
[  598646ms] [ERROR] Failed to load resource: net::ERR_CONNECTION_REFUSED @ http://localhost:5173/:0
[  599650ms] [ERROR] Failed to load resource: net::ERR_CONNECTION_REFUSED @ http://localhost:5173/:0
[  600654ms] [ERROR] Failed to load resource: net::ERR_CONNECTION_REFUSED @ http://localhost:5173/:0
[  601658ms] [ERROR] Failed to load resource: net::ERR_CONNECTION_REFUSED @ http://localhost:5173/:0
[  602662ms] [ERROR] Failed to load resource: net::ERR_CONNECTION_REFUSED @ http://localhost:5173/:0
[  603666ms] [ERROR] Failed to load resource: net::ERR_CONNECTION_REFUSED @ http://localhost:5173/:0
[  604670ms] [ERROR] Failed to load resource: net::ERR_CONNECTION_REFUSED @ http://localhost:5173/:0
[  605673ms] [ERROR] Failed to load resource: net::ERR_CONNECTION_REFUSED @ http://localhost:5173/:0
[  606676ms] [ERROR] Failed to load resource: net::ERR_CONNECTION_REFUSED @ http://localhost:5173/:0
[  607679ms] [ERROR] Failed to load resource: net::ERR_CONNECTION_REFUSED @ http://localhost:5173/:0
[  608683ms] [ERROR] Failed to load resource: net::ERR_CONNECTION_REFUSED @ http://localhost:5173/:0
[  609687ms] [ERROR] Failed to load resource: net::ERR_CONNECTION_REFUSED @ http://localhost:5173/:0
[  610691ms] [ERROR] Failed to load resource: net::ERR_CONNECTION_REFUSED @ http://localhost:5173/:0
[  611694ms] [ERROR] Failed to load resource: net::ERR_CONNECTION_REFUSED @ http://localhost:5173/:0
[  612698ms] [ERROR] Failed to load resource: net::ERR_CONNECTION_REFUSED @ http://localhost:5173/:0
[  613702ms] [ERROR] Failed to load resource: net::ERR_CONNECTION_REFUSED @ http://localhost:5173/:0
[  614709ms] [ERROR] Failed to load resource: net::ERR_CONNECTION_REFUSED @ http://localhost:5173/:0
[  615714ms] [ERROR] Failed to load resource: net::ERR_CONNECTION_REFUSED @ http://localhost:5173/:0
[  616718ms] [ERROR] Failed to load resource: net::ERR_CONNECTION_REFUSED @ http://localhost:5173/:0
[  617722ms] [ERROR] Failed to load resource: net::ERR_CONNECTION_REFUSED @ http://localhost:5173/:0
[  618726ms] [ERROR] Failed to load resource: net::ERR_CONNECTION_REFUSED @ http://localhost:5173/:0
[  619730ms] [ERROR] Failed to load resource: net::ERR_CONNECTION_REFUSED @ http://localhost:5173/:0
[  620735ms] [ERROR] Failed to load resource: net::ERR_CONNECTION_REFUSED @ http://localhost:5173/:0
[  621739ms] [ERROR] Failed to load resource: net::ERR_CONNECTION_REFUSED @ http://localhost:5173/:0
[  622742ms] [ERROR] Failed to load resource: net::ERR_CONNECTION_REFUSED @ http://localhost:5173/:0
[  623746ms] [ERROR] Failed to load resource: net::ERR_CONNECTION_REFUSED @ http://localhost:5173/:0
[  624750ms] [ERROR] Failed to load resource: net::ERR_CONNECTION_REFUSED @ http://localhost:5173/:0
[  625753ms] [ERROR] Failed to load resource: net::ERR_CONNECTION_REFUSED @ http://localhost:5173/:0
[  626756ms] [ERROR] Failed to load resource: net::ERR_CONNECTION_REFUSED @ http://localhost:5173/:0
[  627760ms] [ERROR] Failed to load resource: net::ERR_CONNECTION_REFUSED @ http://localhost:5173/:0
[  628764ms] [ERROR] Failed to load resource: net::ERR_CONNECTION_REFUSED @ http://localhost:5173/:0
[  629776ms] [ERROR] Failed to load resource: net::ERR_CONNECTION_REFUSED @ http://localhost:5173/:0
[  630780ms] [ERROR] Failed to load resource: net::ERR_CONNECTION_REFUSED @ http://localhost:5173/:0
[  631784ms] [ERROR] Failed to load resource: net::ERR_CONNECTION_REFUSED @ http://localhost:5173/:0
[  632788ms] [ERROR] Failed to load resource: net::ERR_CONNECTION_REFUSED @ http://localhost:5173/:0
[  633792ms] [ERROR] Failed to load resource: net::ERR_CONNECTION_REFUSED @ http://localhost:5173/:0
[  634797ms] [ERROR] Failed to load resource: net::ERR_CONNECTION_REFUSED @ http://localhost:5173/:0
[  635802ms] [ERROR] Failed to load resource: net::ERR_CONNECTION_REFUSED @ http://localhost:5173/:0
[  636806ms] [ERROR] Failed to load resource: net::ERR_CONNECTION_REFUSED @ http://localhost:5173/:0
[  637810ms] [ERROR] Failed to load resource: net::ERR_CONNECTION_REFUSED @ http://localhost:5173/:0
[  638815ms] [ERROR] Failed to load resource: net::ERR_CONNECTION_REFUSED @ http://localhost:5173/:0
[  639818ms] [ERROR] Failed to load resource: net::ERR_CONNECTION_REFUSED @ http://localhost:5173/:0
[  640825ms] [ERROR] Failed to load resource: net::ERR_CONNECTION_REFUSED @ http://localhost:5173/:0
[  641829ms] [ERROR] Failed to load resource: net::ERR_CONNECTION_REFUSED @ http://localhost:5173/:0
[  642833ms] [ERROR] Failed to load resource: net::ERR_CONNECTION_REFUSED @ http://localhost:5173/:0
[  643836ms] [ERROR] Failed to load resource: net::ERR_CONNECTION_REFUSED @ http://localhost:5173/:0
[  644839ms] [ERROR] Failed to load resource: net::ERR_CONNECTION_REFUSED @ http://localhost:5173/:0
[  645843ms] [ERROR] Failed to load resource: net::ERR_CONNECTION_REFUSED @ http://localhost:5173/:0
[  646846ms] [ERROR] Failed to load resource: net::ERR_CONNECTION_REFUSED @ http://localhost:5173/:0
[  647850ms] [ERROR] Failed to load resource: net::ERR_CONNECTION_REFUSED @ http://localhost:5173/:0
[  648853ms] [ERROR] Failed to load resource: net::ERR_CONNECTION_REFUSED @ http://localhost:5173/:0
[  649858ms] [ERROR] Failed to load resource: net::ERR_CONNECTION_REFUSED @ http://localhost:5173/:0
[  650861ms] [ERROR] Failed to load resource: net::ERR_CONNECTION_REFUSED @ http://localhost:5173/:0
[  651864ms] [ERROR] Failed to load resource: net::ERR_CONNECTION_REFUSED @ http://localhost:5173/:0
[  652868ms] [ERROR] Failed to load resource: net::ERR_CONNECTION_REFUSED @ http://localhost:5173/:0
[  653872ms] [ERROR] Failed to load resource: net::ERR_CONNECTION_REFUSED @ http://localhost:5173/:0
[  654875ms] [ERROR] Failed to load resource: net::ERR_CONNECTION_REFUSED @ http://localhost:5173/:0
[  655878ms] [ERROR] Failed to load resource: net::ERR_CONNECTION_REFUSED @ http://localhost:5173/:0
[  656882ms] [ERROR] Failed to load resource: net::ERR_CONNECTION_REFUSED @ http://localhost:5173/:0
[  657887ms] [ERROR] Failed to load resource: net::ERR_CONNECTION_REFUSED @ http://localhost:5173/:0
[  658890ms] [ERROR] Failed to load resource: net::ERR_CONNECTION_REFUSED @ http://localhost:5173/:0
[  659894ms] [ERROR] Failed to load resource: net::ERR_CONNECTION_REFUSED @ http://localhost:5173/:0
[  660896ms] [ERROR] Failed to load resource: net::ERR_CONNECTION_REFUSED @ http://localhost:5173/:0
[  661900ms] [ERROR] Failed to load resource: net::ERR_CONNECTION_REFUSED @ http://localhost:5173/:0
[  662904ms] [ERROR] Failed to load resource: net::ERR_CONNECTION_REFUSED @ http://localhost:5173/:0
[  663908ms] [ERROR] Failed to load resource: net::ERR_CONNECTION_REFUSED @ http://localhost:5173/:0
[  664913ms] [ERROR] Failed to load resource: net::ERR_CONNECTION_REFUSED @ http://localhost:5173/:0
[  665916ms] [ERROR] Failed to load resource: net::ERR_CONNECTION_REFUSED @ http://localhost:5173/:0
[  666920ms] [ERROR] Failed to load resource: net::ERR_CONNECTION_REFUSED @ http://localhost:5173/:0
[  667924ms] [ERROR] Failed to load resource: net::ERR_CONNECTION_REFUSED @ http://localhost:5173/:0
[  668928ms] [ERROR] Failed to load resource: net::ERR_CONNECTION_REFUSED @ http://localhost:5173/:0
[  669932ms] [ERROR] Failed to load resource: net::ERR_CONNECTION_REFUSED @ http://localhost:5173/:0
[  670937ms] [ERROR] Failed to load resource: net::ERR_CONNECTION_REFUSED @ http://localhost:5173/:0
[  671941ms] [ERROR] Failed to load resource: net::ERR_CONNECTION_REFUSED @ http://localhost:5173/:0
[  672945ms] [ERROR] Failed to load resource: net::ERR_CONNECTION_REFUSED @ http://localhost:5173/:0
[  673949ms] [ERROR] Failed to load resource: net::ERR_CONNECTION_REFUSED @ http://localhost:5173/:0
[  674953ms] [ERROR] Failed to load resource: net::ERR_CONNECTION_REFUSED @ http://localhost:5173/:0
[  675957ms] [ERROR] Failed to load resource: net::ERR_CONNECTION_REFUSED @ http://localhost:5173/:0
[  676961ms] [ERROR] Failed to load resource: net::ERR_CONNECTION_REFUSED @ http://localhost:5173/:0
[  677965ms] [ERROR] Failed to load resource: net::ERR_CONNECTION_REFUSED @ http://localhost:5173/:0
[  678969ms] [ERROR] Failed to load resource: net::ERR_CONNECTION_REFUSED @ http://localhost:5173/:0
[  679973ms] [ERROR] Failed to load resource: net::ERR_CONNECTION_REFUSED @ http://localhost:5173/:0
[  680977ms] [ERROR] Failed to load resource: net::ERR_CONNECTION_REFUSED @ http://localhost:5173/:0
[  681981ms] [ERROR] Failed to load resource: net::ERR_CONNECTION_REFUSED @ http://localhost:5173/:0
[  682984ms] [ERROR] Failed to load resource: net::ERR_CONNECTION_REFUSED @ http://localhost:5173/:0
[  683988ms] [ERROR] Failed to load resource: net::ERR_CONNECTION_REFUSED @ http://localhost:5173/:0
[  684992ms] [ERROR] Failed to load resource: net::ERR_CONNECTION_REFUSED @ http://localhost:5173/:0
[  685995ms] [ERROR] Failed to load resource: net::ERR_CONNECTION_REFUSED @ http://localhost:5173/:0
[  687000ms] [ERROR] Failed to load resource: net::ERR_CONNECTION_REFUSED @ http://localhost:5173/:0
[  688004ms] [ERROR] Failed to load resource: net::ERR_CONNECTION_REFUSED @ http://localhost:5173/:0
[  689007ms] [ERROR] Failed to load resource: net::ERR_CONNECTION_REFUSED @ http://localhost:5173/:0
[  690011ms] [ERROR] Failed to load resource: net::ERR_CONNECTION_REFUSED @ http://localhost:5173/:0
[  691015ms] [ERROR] Failed to load resource: net::ERR_CONNECTION_REFUSED @ http://localhost:5173/:0
[  692019ms] [ERROR] Failed to load resource: net::ERR_CONNECTION_REFUSED @ http://localhost:5173/:0
[  693023ms] [ERROR] Failed to load resource: net::ERR_CONNECTION_REFUSED @ http://localhost:5173/:0
[  694027ms] [ERROR] Failed to load resource: net::ERR_CONNECTION_REFUSED @ http://localhost:5173/:0
[  695032ms] [ERROR] Failed to load resource: net::ERR_CONNECTION_REFUSED @ http://localhost:5173/:0
[  696035ms] [ERROR] Failed to load resource: net::ERR_CONNECTION_REFUSED @ http://localhost:5173/:0
[  697037ms] [ERROR] Failed to load resource: net::ERR_CONNECTION_REFUSED @ http://localhost:5173/:0
[  698041ms] [ERROR] Failed to load resource: net::ERR_CONNECTION_REFUSED @ http://localhost:5173/:0
[  699045ms] [ERROR] Failed to load resource: net::ERR_CONNECTION_REFUSED @ http://localhost:5173/:0
[  700049ms] [ERROR] Failed to load resource: net::ERR_CONNECTION_REFUSED @ http://localhost:5173/:0
[  701053ms] [ERROR] Failed to load resource: net::ERR_CONNECTION_REFUSED @ http://localhost:5173/:0
[  702057ms] [ERROR] Failed to load resource: net::ERR_CONNECTION_REFUSED @ http://localhost:5173/:0
[  703061ms] [ERROR] Failed to load resource: net::ERR_CONNECTION_REFUSED @ http://localhost:5173/:0
[  704065ms] [ERROR] Failed to load resource: net::ERR_CONNECTION_REFUSED @ http://localhost:5173/:0
[  705068ms] [ERROR] Failed to load resource: net::ERR_CONNECTION_REFUSED @ http://localhost:5173/:0
[  706074ms] [ERROR] Failed to load resource: net::ERR_CONNECTION_REFUSED @ http://localhost:5173/:0
[  707078ms] [ERROR] Failed to load resource: net::ERR_CONNECTION_REFUSED @ http://localhost:5173/:0
[  708081ms] [ERROR] Failed to load resource: net::ERR_CONNECTION_REFUSED @ http://localhost:5173/:0
[  709085ms] [ERROR] Failed to load resource: net::ERR_CONNECTION_REFUSED @ http://localhost:5173/:0
[  710088ms] [ERROR] Failed to load resource: net::ERR_CONNECTION_REFUSED @ http://localhost:5173/:0
[  711093ms] [ERROR] Failed to load resource: net::ERR_CONNECTION_REFUSED @ http://localhost:5173/:0
[  712096ms] [ERROR] Failed to load resource: net::ERR_CONNECTION_REFUSED @ http://localhost:5173/:0
[  713102ms] [ERROR] Failed to load resource: net::ERR_CONNECTION_REFUSED @ http://localhost:5173/:0
[  714105ms] [ERROR] Failed to load resource: net::ERR_CONNECTION_REFUSED @ http://localhost:5173/:0
[  715109ms] [ERROR] Failed to load resource: net::ERR_CONNECTION_REFUSED @ http://localhost:5173/:0
[  716113ms] [ERROR] Failed to load resource: net::ERR_CONNECTION_REFUSED @ http://localhost:5173/:0
[  717117ms] [ERROR] Failed to load resource: net::ERR_CONNECTION_REFUSED @ http://localhost:5173/:0
[  718121ms] [ERROR] Failed to load resource: net::ERR_CONNECTION_REFUSED @ http://localhost:5173/:0
[  719125ms] [ERROR] Failed to load resource: net::ERR_CONNECTION_REFUSED @ http://localhost:5173/:0
[  720129ms] [ERROR] Failed to load resource: net::ERR_CONNECTION_REFUSED @ http://localhost:5173/:0
[  721132ms] [ERROR] Failed to load resource: net::ERR_CONNECTION_REFUSED @ http://localhost:5173/:0
[  722135ms] [ERROR] Failed to load resource: net::ERR_CONNECTION_REFUSED @ http://localhost:5173/:0
[  723138ms] [ERROR] Failed to load resource: net::ERR_CONNECTION_REFUSED @ http://localhost:5173/:0
[  724141ms] [ERROR] Failed to load resource: net::ERR_CONNECTION_REFUSED @ http://localhost:5173/:0
[  725145ms] [ERROR] Failed to load resource: net::ERR_CONNECTION_REFUSED @ http://localhost:5173/:0
[  726149ms] [ERROR] Failed to load resource: net::ERR_CONNECTION_REFUSED @ http://localhost:5173/:0
[  727153ms] [ERROR] Failed to load resource: net::ERR_CONNECTION_REFUSED @ http://localhost:5173/:0
[  728157ms] [ERROR] Failed to load resource: net::ERR_CONNECTION_REFUSED @ http://localhost:5173/:0
[  729161ms] [ERROR] Failed to load resource: net::ERR_CONNECTION_REFUSED @ http://localhost:5173/:0
[  730165ms] [ERROR] Failed to load resource: net::ERR_CONNECTION_REFUSED @ http://localhost:5173/:0
[  731169ms] [ERROR] Failed to load resource: net::ERR_CONNECTION_REFUSED @ http://localhost:5173/:0
[  732173ms] [ERROR] Failed to load resource: net::ERR_CONNECTION_REFUSED @ http://localhost:5173/:0
[  733178ms] [ERROR] Failed to load resource: net::ERR_CONNECTION_REFUSED @ http://localhost:5173/:0
[  734183ms] [ERROR] Failed to load resource: net::ERR_CONNECTION_REFUSED @ http://localhost:5173/:0
[  735187ms] [ERROR] Failed to load resource: net::ERR_CONNECTION_REFUSED @ http://localhost:5173/:0
[  736190ms] [ERROR] Failed to load resource: net::ERR_CONNECTION_REFUSED @ http://localhost:5173/:0
[  737193ms] [ERROR] Failed to load resource: net::ERR_CONNECTION_REFUSED @ http://localhost:5173/:0
[  738197ms] [ERROR] Failed to load resource: net::ERR_CONNECTION_REFUSED @ http://localhost:5173/:0
[  739201ms] [ERROR] Failed to load resource: net::ERR_CONNECTION_REFUSED @ http://localhost:5173/:0
[  740205ms] [ERROR] Failed to load resource: net::ERR_CONNECTION_REFUSED @ http://localhost:5173/:0
[  741209ms] [ERROR] Failed to load resource: net::ERR_CONNECTION_REFUSED @ http://localhost:5173/:0
[  742213ms] [ERROR] Failed to load resource: net::ERR_CONNECTION_REFUSED @ http://localhost:5173/:0
[  743217ms] [ERROR] Failed to load resource: net::ERR_CONNECTION_REFUSED @ http://localhost:5173/:0
[  744221ms] [ERROR] Failed to load resource: net::ERR_CONNECTION_REFUSED @ http://localhost:5173/:0
[  745224ms] [ERROR] Failed to load resource: net::ERR_CONNECTION_REFUSED @ http://localhost:5173/:0
[  746228ms] [ERROR] Failed to load resource: net::ERR_CONNECTION_REFUSED @ http://localhost:5173/:0
[  747231ms] [ERROR] Failed to load resource: net::ERR_CONNECTION_REFUSED @ http://localhost:5173/:0
[  748235ms] [ERROR] Failed to load resource: net::ERR_CONNECTION_REFUSED @ http://localhost:5173/:0
[  749239ms] [ERROR] Failed to load resource: net::ERR_CONNECTION_REFUSED @ http://localhost:5173/:0
[  750243ms] [ERROR] Failed to load resource: net::ERR_CONNECTION_REFUSED @ http://localhost:5173/:0
[  751247ms] [ERROR] Failed to load resource: net::ERR_CONNECTION_REFUSED @ http://localhost:5173/:0
[  752251ms] [ERROR] Failed to load resource: net::ERR_CONNECTION_REFUSED @ http://localhost:5173/:0
[  753255ms] [ERROR] Failed to load resource: net::ERR_CONNECTION_REFUSED @ http://localhost:5173/:0
[  754258ms] [ERROR] Failed to load resource: net::ERR_CONNECTION_REFUSED @ http://localhost:5173/:0
[  755262ms] [ERROR] Failed to load resource: net::ERR_CONNECTION_REFUSED @ http://localhost:5173/:0
[  756266ms] [ERROR] Failed to load resource: net::ERR_CONNECTION_REFUSED @ http://localhost:5173/:0
[  757269ms] [ERROR] Failed to load resource: net::ERR_CONNECTION_REFUSED @ http://localhost:5173/:0
[  758273ms] [ERROR] Failed to load resource: net::ERR_CONNECTION_REFUSED @ http://localhost:5173/:0
[  759278ms] [ERROR] Failed to load resource: net::ERR_CONNECTION_REFUSED @ http://localhost:5173/:0
[  760282ms] [ERROR] Failed to load resource: net::ERR_CONNECTION_REFUSED @ http://localhost:5173/:0
[  761286ms] [ERROR] Failed to load resource: net::ERR_CONNECTION_REFUSED @ http://localhost:5173/:0
[  762290ms] [ERROR] Failed to load resource: net::ERR_CONNECTION_REFUSED @ http://localhost:5173/:0
[  763294ms] [ERROR] Failed to load resource: net::ERR_CONNECTION_REFUSED @ http://localhost:5173/:0
[  764298ms] [ERROR] Failed to load resource: net::ERR_CONNECTION_REFUSED @ http://localhost:5173/:0
[  765302ms] [ERROR] Failed to load resource: net::ERR_CONNECTION_REFUSED @ http://localhost:5173/:0
[  766306ms] [ERROR] Failed to load resource: net::ERR_CONNECTION_REFUSED @ http://localhost:5173/:0
[  767310ms] [ERROR] Failed to load resource: net::ERR_CONNECTION_REFUSED @ http://localhost:5173/:0
[  768313ms] [ERROR] Failed to load resource: net::ERR_CONNECTION_REFUSED @ http://localhost:5173/:0
[  769318ms] [ERROR] Failed to load resource: net::ERR_CONNECTION_REFUSED @ http://localhost:5173/:0
[  770322ms] [ERROR] Failed to load resource: net::ERR_CONNECTION_REFUSED @ http://localhost:5173/:0
[  771326ms] [ERROR] Failed to load resource: net::ERR_CONNECTION_REFUSED @ http://localhost:5173/:0
[  772329ms] [ERROR] Failed to load resource: net::ERR_CONNECTION_REFUSED @ http://localhost:5173/:0
[  773333ms] [ERROR] Failed to load resource: net::ERR_CONNECTION_REFUSED @ http://localhost:5173/:0
[  774337ms] [ERROR] Failed to load resource: net::ERR_CONNECTION_REFUSED @ http://localhost:5173/:0
[  775341ms] [ERROR] Failed to load resource: net::ERR_CONNECTION_REFUSED @ http://localhost:5173/:0
[  776344ms] [ERROR] Failed to load resource: net::ERR_CONNECTION_REFUSED @ http://localhost:5173/:0
[  777348ms] [ERROR] Failed to load resource: net::ERR_CONNECTION_REFUSED @ http://localhost:5173/:0
[  778352ms] [ERROR] Failed to load resource: net::ERR_CONNECTION_REFUSED @ http://localhost:5173/:0
[  779356ms] [ERROR] Failed to load resource: net::ERR_CONNECTION_REFUSED @ http://localhost:5173/:0
[  780361ms] [ERROR] Failed to load resource: net::ERR_CONNECTION_REFUSED @ http://localhost:5173/:0
[  781364ms] [ERROR] Failed to load resource: net::ERR_CONNECTION_REFUSED @ http://localhost:5173/:0
[  782367ms] [ERROR] Failed to load resource: net::ERR_CONNECTION_REFUSED @ http://localhost:5173/:0
[  783371ms] [ERROR] Failed to load resource: net::ERR_CONNECTION_REFUSED @ http://localhost:5173/:0
[  784375ms] [ERROR] Failed to load resource: net::ERR_CONNECTION_REFUSED @ http://localhost:5173/:0
[  785379ms] [ERROR] Failed to load resource: net::ERR_CONNECTION_REFUSED @ http://localhost:5173/:0
[  786383ms] [ERROR] Failed to load resource: net::ERR_CONNECTION_REFUSED @ http://localhost:5173/:0
[  787387ms] [ERROR] Failed to load resource: net::ERR_CONNECTION_REFUSED @ http://localhost:5173/:0
[  788390ms] [ERROR] Failed to load resource: net::ERR_CONNECTION_REFUSED @ http://localhost:5173/:0
[  789394ms] [ERROR] Failed to load resource: net::ERR_CONNECTION_REFUSED @ http://localhost:5173/:0
[  790398ms] [ERROR] Failed to load resource: net::ERR_CONNECTION_REFUSED @ http://localhost:5173/:0
[  791402ms] [ERROR] Failed to load resource: net::ERR_CONNECTION_REFUSED @ http://localhost:5173/:0
[  792406ms] [ERROR] Failed to load resource: net::ERR_CONNECTION_REFUSED @ http://localhost:5173/:0
[  793410ms] [ERROR] Failed to load resource: net::ERR_CONNECTION_REFUSED @ http://localhost:5173/:0
[  794414ms] [ERROR] Failed to load resource: net::ERR_CONNECTION_REFUSED @ http://localhost:5173/:0
[  795418ms] [ERROR] Failed to load resource: net::ERR_CONNECTION_REFUSED @ http://localhost:5173/:0
[  796421ms] [ERROR] Failed to load resource: net::ERR_CONNECTION_REFUSED @ http://localhost:5173/:0
[  797425ms] [ERROR] Failed to load resource: net::ERR_CONNECTION_REFUSED @ http://localhost:5173/:0
[  798429ms] [ERROR] Failed to load resource: net::ERR_CONNECTION_REFUSED @ http://localhost:5173/:0
[  799433ms] [ERROR] Failed to load resource: net::ERR_CONNECTION_REFUSED @ http://localhost:5173/:0
[  800436ms] [ERROR] Failed to load resource: net::ERR_CONNECTION_REFUSED @ http://localhost:5173/:0
[  801440ms] [ERROR] Failed to load resource: net::ERR_CONNECTION_REFUSED @ http://localhost:5173/:0
[  802444ms] [ERROR] Failed to load resource: net::ERR_CONNECTION_REFUSED @ http://localhost:5173/:0
[  803448ms] [ERROR] Failed to load resource: net::ERR_CONNECTION_REFUSED @ http://localhost:5173/:0
[  804452ms] [ERROR] Failed to load resource: net::ERR_CONNECTION_REFUSED @ http://localhost:5173/:0
[  805455ms] [ERROR] Failed to load resource: net::ERR_CONNECTION_REFUSED @ http://localhost:5173/:0
[  806459ms] [ERROR] Failed to load resource: net::ERR_CONNECTION_REFUSED @ http://localhost:5173/:0
[  807462ms] [ERROR] Failed to load resource: net::ERR_CONNECTION_REFUSED @ http://localhost:5173/:0
[  808466ms] [ERROR] Failed to load resource: net::ERR_CONNECTION_REFUSED @ http://localhost:5173/:0
[  809470ms] [ERROR] Failed to load resource: net::ERR_CONNECTION_REFUSED @ http://localhost:5173/:0
[  810474ms] [ERROR] Failed to load resource: net::ERR_CONNECTION_REFUSED @ http://localhost:5173/:0
[  811478ms] [ERROR] Failed to load resource: net::ERR_CONNECTION_REFUSED @ http://localhost:5173/:0
[  812482ms] [ERROR] Failed to load resource: net::ERR_CONNECTION_REFUSED @ http://localhost:5173/:0
[  813485ms] [ERROR] Failed to load resource: net::ERR_CONNECTION_REFUSED @ http://localhost:5173/:0
[  814489ms] [ERROR] Failed to load resource: net::ERR_CONNECTION_REFUSED @ http://localhost:5173/:0
[  815493ms] [ERROR] Failed to load resource: net::ERR_CONNECTION_REFUSED @ http://localhost:5173/:0
[  816497ms] [ERROR] Failed to load resource: net::ERR_CONNECTION_REFUSED @ http://localhost:5173/:0
[  817501ms] [ERROR] Failed to load resource: net::ERR_CONNECTION_REFUSED @ http://localhost:5173/:0
[  818504ms] [ERROR] Failed to load resource: net::ERR_CONNECTION_REFUSED @ http://localhost:5173/:0
[  819508ms] [ERROR] Failed to load resource: net::ERR_CONNECTION_REFUSED @ http://localhost:5173/:0
[  820512ms] [ERROR] Failed to load resource: net::ERR_CONNECTION_REFUSED @ http://localhost:5173/:0
[  821517ms] [ERROR] Failed to load resource: net::ERR_CONNECTION_REFUSED @ http://localhost:5173/:0
[  822521ms] [ERROR] Failed to load resource: net::ERR_CONNECTION_REFUSED @ http://localhost:5173/:0
[  823525ms] [ERROR] Failed to load resource: net::ERR_CONNECTION_REFUSED @ http://localhost:5173/:0
[  824529ms] [ERROR] Failed to load resource: net::ERR_CONNECTION_REFUSED @ http://localhost:5173/:0
[  825532ms] [ERROR] Failed to load resource: net::ERR_CONNECTION_REFUSED @ http://localhost:5173/:0
[  826536ms] [ERROR] Failed to load resource: net::ERR_CONNECTION_REFUSED @ http://localhost:5173/:0
[  827540ms] [ERROR] Failed to load resource: net::ERR_CONNECTION_REFUSED @ http://localhost:5173/:0
[  828542ms] [ERROR] Failed to load resource: net::ERR_CONNECTION_REFUSED @ http://localhost:5173/:0
[  829549ms] [ERROR] Failed to load resource: net::ERR_CONNECTION_REFUSED @ http://localhost:5173/:0
[  830552ms] [ERROR] Failed to load resource: net::ERR_CONNECTION_REFUSED @ http://localhost:5173/:0
[  831556ms] [ERROR] Failed to load resource: net::ERR_CONNECTION_REFUSED @ http://localhost:5173/:0
[  832559ms] [ERROR] Failed to load resource: net::ERR_CONNECTION_REFUSED @ http://localhost:5173/:0
[  833563ms] [ERROR] Failed to load resource: net::ERR_CONNECTION_REFUSED @ http://localhost:5173/:0
[  834567ms] [ERROR] Failed to load resource: net::ERR_CONNECTION_REFUSED @ http://localhost:5173/:0
[  835571ms] [ERROR] Failed to load resource: net::ERR_CONNECTION_REFUSED @ http://localhost:5173/:0
[  836573ms] [ERROR] Failed to load resource: net::ERR_CONNECTION_REFUSED @ http://localhost:5173/:0
[  837577ms] [ERROR] Failed to load resource: net::ERR_CONNECTION_REFUSED @ http://localhost:5173/:0
[  838580ms] [ERROR] Failed to load resource: net::ERR_CONNECTION_REFUSED @ http://localhost:5173/:0
[  839585ms] [ERROR] Failed to load resource: net::ERR_CONNECTION_REFUSED @ http://localhost:5173/:0
[  840589ms] [ERROR] Failed to load resource: net::ERR_CONNECTION_REFUSED @ http://localhost:5173/:0
[  841592ms] [ERROR] Failed to load resource: net::ERR_CONNECTION_REFUSED @ http://localhost:5173/:0
[  842595ms] [ERROR] Failed to load resource: net::ERR_CONNECTION_REFUSED @ http://localhost:5173/:0
[  843599ms] [ERROR] Failed to load resource: net::ERR_CONNECTION_REFUSED @ http://localhost:5173/:0
[  844603ms] [ERROR] Failed to load resource: net::ERR_CONNECTION_REFUSED @ http://localhost:5173/:0
[  845607ms] [ERROR] Failed to load resource: net::ERR_CONNECTION_REFUSED @ http://localhost:5173/:0
[  846612ms] [ERROR] Failed to load resource: net::ERR_CONNECTION_REFUSED @ http://localhost:5173/:0
[  847616ms] [ERROR] Failed to load resource: net::ERR_CONNECTION_REFUSED @ http://localhost:5173/:0
[  848620ms] [ERROR] Failed to load resource: net::ERR_CONNECTION_REFUSED @ http://localhost:5173/:0
[  849623ms] [ERROR] Failed to load resource: net::ERR_CONNECTION_REFUSED @ http://localhost:5173/:0
[  850627ms] [ERROR] Failed to load resource: net::ERR_CONNECTION_REFUSED @ http://localhost:5173/:0
[  851631ms] [ERROR] Failed to load resource: net::ERR_CONNECTION_REFUSED @ http://localhost:5173/:0
[  852635ms] [ERROR] Failed to load resource: net::ERR_CONNECTION_REFUSED @ http://localhost:5173/:0
[  853639ms] [ERROR] Failed to load resource: net::ERR_CONNECTION_REFUSED @ http://localhost:5173/:0
[  854643ms] [ERROR] Failed to load resource: net::ERR_CONNECTION_REFUSED @ http://localhost:5173/:0
[  855647ms] [ERROR] Failed to load resource: net::ERR_CONNECTION_REFUSED @ http://localhost:5173/:0
[  856651ms] [ERROR] Failed to load resource: net::ERR_CONNECTION_REFUSED @ http://localhost:5173/:0
[  857654ms] [ERROR] Failed to load resource: net::ERR_CONNECTION_REFUSED @ http://localhost:5173/:0
[  858658ms] [ERROR] Failed to load resource: net::ERR_CONNECTION_REFUSED @ http://localhost:5173/:0
[  859662ms] [ERROR] Failed to load resource: net::ERR_CONNECTION_REFUSED @ http://localhost:5173/:0
[  860667ms] [ERROR] Failed to load resource: net::ERR_CONNECTION_REFUSED @ http://localhost:5173/:0
[  861671ms] [ERROR] Failed to load resource: net::ERR_CONNECTION_REFUSED @ http://localhost:5173/:0
[  862674ms] [ERROR] Failed to load resource: net::ERR_CONNECTION_REFUSED @ http://localhost:5173/:0
[  863678ms] [ERROR] Failed to load resource: net::ERR_CONNECTION_REFUSED @ http://localhost:5173/:0
[  864682ms] [ERROR] Failed to load resource: net::ERR_CONNECTION_REFUSED @ http://localhost:5173/:0
[  865686ms] [ERROR] Failed to load resource: net::ERR_CONNECTION_REFUSED @ http://localhost:5173/:0
[  866689ms] [ERROR] Failed to load resource: net::ERR_CONNECTION_REFUSED @ http://localhost:5173/:0
[  867692ms] [ERROR] Failed to load resource: net::ERR_CONNECTION_REFUSED @ http://localhost:5173/:0
[  868696ms] [ERROR] Failed to load resource: net::ERR_CONNECTION_REFUSED @ http://localhost:5173/:0
[  869700ms] [ERROR] Failed to load resource: net::ERR_CONNECTION_REFUSED @ http://localhost:5173/:0
[  870704ms] [ERROR] Failed to load resource: net::ERR_CONNECTION_REFUSED @ http://localhost:5173/:0
[  871708ms] [ERROR] Failed to load resource: net::ERR_CONNECTION_REFUSED @ http://localhost:5173/:0
[  872713ms] [ERROR] Failed to load resource: net::ERR_CONNECTION_REFUSED @ http://localhost:5173/:0
[  873717ms] [ERROR] Failed to load resource: net::ERR_CONNECTION_REFUSED @ http://localhost:5173/:0
[  874721ms] [ERROR] Failed to load resource: net::ERR_CONNECTION_REFUSED @ http://localhost:5173/:0
[  875725ms] [ERROR] Failed to load resource: net::ERR_CONNECTION_REFUSED @ http://localhost:5173/:0
[  876730ms] [ERROR] Failed to load resource: net::ERR_CONNECTION_REFUSED @ http://localhost:5173/:0
[  877735ms] [ERROR] Failed to load resource: net::ERR_CONNECTION_REFUSED @ http://localhost:5173/:0
[  878739ms] [ERROR] Failed to load resource: net::ERR_CONNECTION_REFUSED @ http://localhost:5173/:0
[  879743ms] [ERROR] Failed to load resource: net::ERR_CONNECTION_REFUSED @ http://localhost:5173/:0
[  880747ms] [ERROR] Failed to load resource: net::ERR_CONNECTION_REFUSED @ http://localhost:5173/:0
[  881751ms] [ERROR] Failed to load resource: net::ERR_CONNECTION_REFUSED @ http://localhost:5173/:0
[  882755ms] [ERROR] Failed to load resource: net::ERR_CONNECTION_REFUSED @ http://localhost:5173/:0
[  883759ms] [ERROR] Failed to load resource: net::ERR_CONNECTION_REFUSED @ http://localhost:5173/:0
[  884763ms] [ERROR] Failed to load resource: net::ERR_CONNECTION_REFUSED @ http://localhost:5173/:0
[  885768ms] [ERROR] Failed to load resource: net::ERR_CONNECTION_REFUSED @ http://localhost:5173/:0
[  886772ms] [ERROR] Failed to load resource: net::ERR_CONNECTION_REFUSED @ http://localhost:5173/:0
[  887776ms] [ERROR] Failed to load resource: net::ERR_CONNECTION_REFUSED @ http://localhost:5173/:0
[  888780ms] [ERROR] Failed to load resource: net::ERR_CONNECTION_REFUSED @ http://localhost:5173/:0
[  889784ms] [ERROR] Failed to load resource: net::ERR_CONNECTION_REFUSED @ http://localhost:5173/:0
[  890788ms] [ERROR] Failed to load resource: net::ERR_CONNECTION_REFUSED @ http://localhost:5173/:0
[  891792ms] [ERROR] Failed to load resource: net::ERR_CONNECTION_REFUSED @ http://localhost:5173/:0
[  892795ms] [ERROR] Failed to load resource: net::ERR_CONNECTION_REFUSED @ http://localhost:5173/:0
[  893798ms] [ERROR] Failed to load resource: net::ERR_CONNECTION_REFUSED @ http://localhost:5173/:0
[  894802ms] [ERROR] Failed to load resource: net::ERR_CONNECTION_REFUSED @ http://localhost:5173/:0
[  895806ms] [ERROR] Failed to load resource: net::ERR_CONNECTION_REFUSED @ http://localhost:5173/:0
[  896808ms] [ERROR] Failed to load resource: net::ERR_CONNECTION_REFUSED @ http://localhost:5173/:0
[  897812ms] [ERROR] Failed to load resource: net::ERR_CONNECTION_REFUSED @ http://localhost:5173/:0
[  898815ms] [ERROR] Failed to load resource: net::ERR_CONNECTION_REFUSED @ http://localhost:5173/:0
[  899819ms] [ERROR] Failed to load resource: net::ERR_CONNECTION_REFUSED @ http://localhost:5173/:0
[  900823ms] [ERROR] Failed to load resource: net::ERR_CONNECTION_REFUSED @ http://localhost:5173/:0
[  901827ms] [ERROR] Failed to load resource: net::ERR_CONNECTION_REFUSED @ http://localhost:5173/:0
[  902831ms] [ERROR] Failed to load resource: net::ERR_CONNECTION_REFUSED @ http://localhost:5173/:0
[  903836ms] [ERROR] Failed to load resource: net::ERR_CONNECTION_REFUSED @ http://localhost:5173/:0
[  904841ms] [ERROR] Failed to load resource: net::ERR_CONNECTION_REFUSED @ http://localhost:5173/:0
[  905846ms] [ERROR] Failed to load resource: net::ERR_CONNECTION_REFUSED @ http://localhost:5173/:0
[  906850ms] [ERROR] Failed to load resource: net::ERR_CONNECTION_REFUSED @ http://localhost:5173/:0
[  907854ms] [ERROR] Failed to load resource: net::ERR_CONNECTION_REFUSED @ http://localhost:5173/:0
[  908858ms] [ERROR] Failed to load resource: net::ERR_CONNECTION_REFUSED @ http://localhost:5173/:0
[  909862ms] [ERROR] Failed to load resource: net::ERR_CONNECTION_REFUSED @ http://localhost:5173/:0
[  910865ms] [ERROR] Failed to load resource: net::ERR_CONNECTION_REFUSED @ http://localhost:5173/:0
[  911870ms] [ERROR] Failed to load resource: net::ERR_CONNECTION_REFUSED @ http://localhost:5173/:0
[  912873ms] [ERROR] Failed to load resource: net::ERR_CONNECTION_REFUSED @ http://localhost:5173/:0
[  913876ms] [ERROR] Failed to load resource: net::ERR_CONNECTION_REFUSED @ http://localhost:5173/:0
[  914881ms] [ERROR] Failed to load resource: net::ERR_CONNECTION_REFUSED @ http://localhost:5173/:0
[  915885ms] [ERROR] Failed to load resource: net::ERR_CONNECTION_REFUSED @ http://localhost:5173/:0
[  916888ms] [ERROR] Failed to load resource: net::ERR_CONNECTION_REFUSED @ http://localhost:5173/:0
[  917891ms] [ERROR] Failed to load resource: net::ERR_CONNECTION_REFUSED @ http://localhost:5173/:0
[  918895ms] [ERROR] Failed to load resource: net::ERR_CONNECTION_REFUSED @ http://localhost:5173/:0
[  919899ms] [ERROR] Failed to load resource: net::ERR_CONNECTION_REFUSED @ http://localhost:5173/:0
[  920902ms] [ERROR] Failed to load resource: net::ERR_CONNECTION_REFUSED @ http://localhost:5173/:0
[  921906ms] [ERROR] Failed to load resource: net::ERR_CONNECTION_REFUSED @ http://localhost:5173/:0
[  922910ms] [ERROR] Failed to load resource: net::ERR_CONNECTION_REFUSED @ http://localhost:5173/:0
[  923914ms] [ERROR] Failed to load resource: net::ERR_CONNECTION_REFUSED @ http://localhost:5173/:0
[  924918ms] [ERROR] Failed to load resource: net::ERR_CONNECTION_REFUSED @ http://localhost:5173/:0
[  925921ms] [ERROR] Failed to load resource: net::ERR_CONNECTION_REFUSED @ http://localhost:5173/:0
[  926924ms] [ERROR] Failed to load resource: net::ERR_CONNECTION_REFUSED @ http://localhost:5173/:0
[  927929ms] [ERROR] Failed to load resource: net::ERR_CONNECTION_REFUSED @ http://localhost:5173/:0
[  928932ms] [ERROR] Failed to load resource: net::ERR_CONNECTION_REFUSED @ http://localhost:5173/:0
[  929936ms] [ERROR] Failed to load resource: net::ERR_CONNECTION_REFUSED @ http://localhost:5173/:0
[  930939ms] [ERROR] Failed to load resource: net::ERR_CONNECTION_REFUSED @ http://localhost:5173/:0
[  931943ms] [ERROR] Failed to load resource: net::ERR_CONNECTION_REFUSED @ http://localhost:5173/:0
[  932948ms] [ERROR] Failed to load resource: net::ERR_CONNECTION_REFUSED @ http://localhost:5173/:0
[  933952ms] [ERROR] Failed to load resource: net::ERR_CONNECTION_REFUSED @ http://localhost:5173/:0
[  934956ms] [ERROR] Failed to load resource: net::ERR_CONNECTION_REFUSED @ http://localhost:5173/:0
[  935959ms] [ERROR] Failed to load resource: net::ERR_CONNECTION_REFUSED @ http://localhost:5173/:0
[  936962ms] [ERROR] Failed to load resource: net::ERR_CONNECTION_REFUSED @ http://localhost:5173/:0
[  937967ms] [ERROR] Failed to load resource: net::ERR_CONNECTION_REFUSED @ http://localhost:5173/:0
[  938971ms] [ERROR] Failed to load resource: net::ERR_CONNECTION_REFUSED @ http://localhost:5173/:0
[  939975ms] [ERROR] Failed to load resource: net::ERR_CONNECTION_REFUSED @ http://localhost:5173/:0
[  940979ms] [ERROR] Failed to load resource: net::ERR_CONNECTION_REFUSED @ http://localhost:5173/:0
[  941983ms] [ERROR] Failed to load resource: net::ERR_CONNECTION_REFUSED @ http://localhost:5173/:0
[  942987ms] [ERROR] Failed to load resource: net::ERR_CONNECTION_REFUSED @ http://localhost:5173/:0
[  943991ms] [ERROR] Failed to load resource: net::ERR_CONNECTION_REFUSED @ http://localhost:5173/:0
[  944995ms] [ERROR] Failed to load resource: net::ERR_CONNECTION_REFUSED @ http://localhost:5173/:0
[  946000ms] [ERROR] Failed to load resource: net::ERR_CONNECTION_REFUSED @ http://localhost:5173/:0
[  947004ms] [ERROR] Failed to load resource: net::ERR_CONNECTION_REFUSED @ http://localhost:5173/:0
[  948008ms] [ERROR] Failed to load resource: net::ERR_CONNECTION_REFUSED @ http://localhost:5173/:0
[  949011ms] [ERROR] Failed to load resource: net::ERR_CONNECTION_REFUSED @ http://localhost:5173/:0
[  950014ms] [ERROR] Failed to load resource: net::ERR_CONNECTION_REFUSED @ http://localhost:5173/:0
[  951018ms] [ERROR] Failed to load resource: net::ERR_CONNECTION_REFUSED @ http://localhost:5173/:0
[  952021ms] [ERROR] Failed to load resource: net::ERR_CONNECTION_REFUSED @ http://localhost:5173/:0
[  953025ms] [ERROR] Failed to load resource: net::ERR_CONNECTION_REFUSED @ http://localhost:5173/:0
[  954029ms] [ERROR] Failed to load resource: net::ERR_CONNECTION_REFUSED @ http://localhost:5173/:0
[  955033ms] [ERROR] Failed to load resource: net::ERR_CONNECTION_REFUSED @ http://localhost:5173/:0
[  956037ms] [ERROR] Failed to load resource: net::ERR_CONNECTION_REFUSED @ http://localhost:5173/:0
[  957041ms] [ERROR] Failed to load resource: net::ERR_CONNECTION_REFUSED @ http://localhost:5173/:0
[  958045ms] [ERROR] Failed to load resource: net::ERR_CONNECTION_REFUSED @ http://localhost:5173/:0
[  959048ms] [ERROR] Failed to load resource: net::ERR_CONNECTION_REFUSED @ http://localhost:5173/:0
[  960052ms] [ERROR] Failed to load resource: net::ERR_CONNECTION_REFUSED @ http://localhost:5173/:0
[  961055ms] [ERROR] Failed to load resource: net::ERR_CONNECTION_REFUSED @ http://localhost:5173/:0
[  962058ms] [ERROR] Failed to load resource: net::ERR_CONNECTION_REFUSED @ http://localhost:5173/:0
[  963062ms] [ERROR] Failed to load resource: net::ERR_CONNECTION_REFUSED @ http://localhost:5173/:0
[  964066ms] [ERROR] Failed to load resource: net::ERR_CONNECTION_REFUSED @ http://localhost:5173/:0
[  965069ms] [ERROR] Failed to load resource: net::ERR_CONNECTION_REFUSED @ http://localhost:5173/:0
[  966073ms] [ERROR] Failed to load resource: net::ERR_CONNECTION_REFUSED @ http://localhost:5173/:0
[  967077ms] [ERROR] Failed to load resource: net::ERR_CONNECTION_REFUSED @ http://localhost:5173/:0
[  968081ms] [ERROR] Failed to load resource: net::ERR_CONNECTION_REFUSED @ http://localhost:5173/:0
[  969085ms] [ERROR] Failed to load resource: net::ERR_CONNECTION_REFUSED @ http://localhost:5173/:0
[  970089ms] [ERROR] Failed to load resource: net::ERR_CONNECTION_REFUSED @ http://localhost:5173/:0
[  971092ms] [ERROR] Failed to load resource: net::ERR_CONNECTION_REFUSED @ http://localhost:5173/:0
[  972096ms] [ERROR] Failed to load resource: net::ERR_CONNECTION_REFUSED @ http://localhost:5173/:0
[  973100ms] [ERROR] Failed to load resource: net::ERR_CONNECTION_REFUSED @ http://localhost:5173/:0
[  974104ms] [ERROR] Failed to load resource: net::ERR_CONNECTION_REFUSED @ http://localhost:5173/:0
[  975108ms] [ERROR] Failed to load resource: net::ERR_CONNECTION_REFUSED @ http://localhost:5173/:0
[  976112ms] [ERROR] Failed to load resource: net::ERR_CONNECTION_REFUSED @ http://localhost:5173/:0
[  977115ms] [ERROR] Failed to load resource: net::ERR_CONNECTION_REFUSED @ http://localhost:5173/:0
[  978120ms] [ERROR] Failed to load resource: net::ERR_CONNECTION_REFUSED @ http://localhost:5173/:0
[  979123ms] [ERROR] Failed to load resource: net::ERR_CONNECTION_REFUSED @ http://localhost:5173/:0
[  980127ms] [ERROR] Failed to load resource: net::ERR_CONNECTION_REFUSED @ http://localhost:5173/:0
[  981131ms] [ERROR] Failed to load resource: net::ERR_CONNECTION_REFUSED @ http://localhost:5173/:0
[  982134ms] [ERROR] Failed to load resource: net::ERR_CONNECTION_REFUSED @ http://localhost:5173/:0
[  983137ms] [ERROR] Failed to load resource: net::ERR_CONNECTION_REFUSED @ http://localhost:5173/:0
[  984140ms] [ERROR] Failed to load resource: net::ERR_CONNECTION_REFUSED @ http://localhost:5173/:0
[  985144ms] [ERROR] Failed to load resource: net::ERR_CONNECTION_REFUSED @ http://localhost:5173/:0
[  986147ms] [ERROR] Failed to load resource: net::ERR_CONNECTION_REFUSED @ http://localhost:5173/:0
[  987151ms] [ERROR] Failed to load resource: net::ERR_CONNECTION_REFUSED @ http://localhost:5173/:0
[  988155ms] [ERROR] Failed to load resource: net::ERR_CONNECTION_REFUSED @ http://localhost:5173/:0
[  989159ms] [ERROR] Failed to load resource: net::ERR_CONNECTION_REFUSED @ http://localhost:5173/:0
[  990163ms] [ERROR] Failed to load resource: net::ERR_CONNECTION_REFUSED @ http://localhost:5173/:0
[  991167ms] [ERROR] Failed to load resource: net::ERR_CONNECTION_REFUSED @ http://localhost:5173/:0
[  992171ms] [ERROR] Failed to load resource: net::ERR_CONNECTION_REFUSED @ http://localhost:5173/:0
[  993173ms] [ERROR] Failed to load resource: net::ERR_CONNECTION_REFUSED @ http://localhost:5173/:0
[  994176ms] [ERROR] Failed to load resource: net::ERR_CONNECTION_REFUSED @ http://localhost:5173/:0
[  995179ms] [ERROR] Failed to load resource: net::ERR_CONNECTION_REFUSED @ http://localhost:5173/:0
[  996183ms] [ERROR] Failed to load resource: net::ERR_CONNECTION_REFUSED @ http://localhost:5173/:0
[  997187ms] [ERROR] Failed to load resource: net::ERR_CONNECTION_REFUSED @ http://localhost:5173/:0
[  998192ms] [ERROR] Failed to load resource: net::ERR_CONNECTION_REFUSED @ http://localhost:5173/:0
[  999196ms] [ERROR] Failed to load resource: net::ERR_CONNECTION_REFUSED @ http://localhost:5173/:0
[ 1000200ms] [ERROR] Failed to load resource: net::ERR_CONNECTION_REFUSED @ http://localhost:5173/:0
[ 1001204ms] [ERROR] Failed to load resource: net::ERR_CONNECTION_REFUSED @ http://localhost:5173/:0
[ 1002208ms] [ERROR] Failed to load resource: net::ERR_CONNECTION_REFUSED @ http://localhost:5173/:0
[ 1003212ms] [ERROR] Failed to load resource: net::ERR_CONNECTION_REFUSED @ http://localhost:5173/:0
[ 1004217ms] [ERROR] Failed to load resource: net::ERR_CONNECTION_REFUSED @ http://localhost:5173/:0
[ 1005221ms] [ERROR] Failed to load resource: net::ERR_CONNECTION_REFUSED @ http://localhost:5173/:0
[ 1006225ms] [ERROR] Failed to load resource: net::ERR_CONNECTION_REFUSED @ http://localhost:5173/:0
[ 1007229ms] [ERROR] Failed to load resource: net::ERR_CONNECTION_REFUSED @ http://localhost:5173/:0
[ 1008233ms] [ERROR] Failed to load resource: net::ERR_CONNECTION_REFUSED @ http://localhost:5173/:0
[ 1009238ms] [ERROR] Failed to load resource: net::ERR_CONNECTION_REFUSED @ http://localhost:5173/:0
[ 1010242ms] [ERROR] Failed to load resource: net::ERR_CONNECTION_REFUSED @ http://localhost:5173/:0
[ 1011244ms] [ERROR] Failed to load resource: net::ERR_CONNECTION_REFUSED @ http://localhost:5173/:0
[ 1012248ms] [ERROR] Failed to load resource: net::ERR_CONNECTION_REFUSED @ http://localhost:5173/:0
[ 1013252ms] [ERROR] Failed to load resource: net::ERR_CONNECTION_REFUSED @ http://localhost:5173/:0
[ 1014256ms] [ERROR] Failed to load resource: net::ERR_CONNECTION_REFUSED @ http://localhost:5173/:0
[ 1015260ms] [ERROR] Failed to load resource: net::ERR_CONNECTION_REFUSED @ http://localhost:5173/:0
[ 1016264ms] [ERROR] Failed to load resource: net::ERR_CONNECTION_REFUSED @ http://localhost:5173/:0
[ 1017268ms] [ERROR] Failed to load resource: net::ERR_CONNECTION_REFUSED @ http://localhost:5173/:0
[ 1018272ms] [ERROR] Failed to load resource: net::ERR_CONNECTION_REFUSED @ http://localhost:5173/:0
[ 1019276ms] [ERROR] Failed to load resource: net::ERR_CONNECTION_REFUSED @ http://localhost:5173/:0
[ 1020280ms] [ERROR] Failed to load resource: net::ERR_CONNECTION_REFUSED @ http://localhost:5173/:0
[ 1021284ms] [ERROR] Failed to load resource: net::ERR_CONNECTION_REFUSED @ http://localhost:5173/:0
[ 1022286ms] [ERROR] Failed to load resource: net::ERR_CONNECTION_REFUSED @ http://localhost:5173/:0
[ 1023290ms] [ERROR] Failed to load resource: net::ERR_CONNECTION_REFUSED @ http://localhost:5173/:0
[ 1024295ms] [ERROR] Failed to load resource: net::ERR_CONNECTION_REFUSED @ http://localhost:5173/:0
[ 1025299ms] [ERROR] Failed to load resource: net::ERR_CONNECTION_REFUSED @ http://localhost:5173/:0
[ 1026303ms] [ERROR] Failed to load resource: net::ERR_CONNECTION_REFUSED @ http://localhost:5173/:0
[ 1027307ms] [ERROR] Failed to load resource: net::ERR_CONNECTION_REFUSED @ http://localhost:5173/:0
[ 1028310ms] [ERROR] Failed to load resource: net::ERR_CONNECTION_REFUSED @ http://localhost:5173/:0
[ 1029315ms] [ERROR] Failed to load resource: net::ERR_CONNECTION_REFUSED @ http://localhost:5173/:0
[ 1030319ms] [ERROR] Failed to load resource: net::ERR_CONNECTION_REFUSED @ http://localhost:5173/:0
[ 1031323ms] [ERROR] Failed to load resource: net::ERR_CONNECTION_REFUSED @ http://localhost:5173/:0
[ 1032326ms] [ERROR] Failed to load resource: net::ERR_CONNECTION_REFUSED @ http://localhost:5173/:0
[ 1033329ms] [ERROR] Failed to load resource: net::ERR_CONNECTION_REFUSED @ http://localhost:5173/:0
[ 1034334ms] [ERROR] Failed to load resource: net::ERR_CONNECTION_REFUSED @ http://localhost:5173/:0
[ 1035337ms] [ERROR] Failed to load resource: net::ERR_CONNECTION_REFUSED @ http://localhost:5173/:0
[ 1036342ms] [ERROR] Failed to load resource: net::ERR_CONNECTION_REFUSED @ http://localhost:5173/:0
[ 1037346ms] [ERROR] Failed to load resource: net::ERR_CONNECTION_REFUSED @ http://localhost:5173/:0
[ 1038349ms] [ERROR] Failed to load resource: net::ERR_CONNECTION_REFUSED @ http://localhost:5173/:0
[ 1039353ms] [ERROR] Failed to load resource: net::ERR_CONNECTION_REFUSED @ http://localhost:5173/:0
[ 1040356ms] [ERROR] Failed to load resource: net::ERR_CONNECTION_REFUSED @ http://localhost:5173/:0
[ 1041360ms] [ERROR] Failed to load resource: net::ERR_CONNECTION_REFUSED @ http://localhost:5173/:0
[ 1042364ms] [ERROR] Failed to load resource: net::ERR_CONNECTION_REFUSED @ http://localhost:5173/:0
[ 1043368ms] [ERROR] Failed to load resource: net::ERR_CONNECTION_REFUSED @ http://localhost:5173/:0
[ 1044371ms] [ERROR] Failed to load resource: net::ERR_CONNECTION_REFUSED @ http://localhost:5173/:0
[ 1045375ms] [ERROR] Failed to load resource: net::ERR_CONNECTION_REFUSED @ http://localhost:5173/:0
[ 1046382ms] [ERROR] Failed to load resource: net::ERR_CONNECTION_REFUSED @ http://localhost:5173/:0
[ 1047385ms] [ERROR] Failed to load resource: net::ERR_CONNECTION_REFUSED @ http://localhost:5173/:0
[ 1048389ms] [ERROR] Failed to load resource: net::ERR_CONNECTION_REFUSED @ http://localhost:5173/:0
[ 1049393ms] [ERROR] Failed to load resource: net::ERR_CONNECTION_REFUSED @ http://localhost:5173/:0
[ 1050398ms] [ERROR] Failed to load resource: net::ERR_CONNECTION_REFUSED @ http://localhost:5173/:0
[ 1051401ms] [ERROR] Failed to load resource: net::ERR_CONNECTION_REFUSED @ http://localhost:5173/:0
[ 1052405ms] [ERROR] Failed to load resource: net::ERR_CONNECTION_REFUSED @ http://localhost:5173/:0
[ 1053409ms] [ERROR] Failed to load resource: net::ERR_CONNECTION_REFUSED @ http://localhost:5173/:0
[ 1054413ms] [ERROR] Failed to load resource: net::ERR_CONNECTION_REFUSED @ http://localhost:5173/:0
[ 1055417ms] [ERROR] Failed to load resource: net::ERR_CONNECTION_REFUSED @ http://localhost:5173/:0
[ 1056421ms] [ERROR] Failed to load resource: net::ERR_CONNECTION_REFUSED @ http://localhost:5173/:0
[ 1057425ms] [ERROR] Failed to load resource: net::ERR_CONNECTION_REFUSED @ http://localhost:5173/:0
[ 1058429ms] [ERROR] Failed to load resource: net::ERR_CONNECTION_REFUSED @ http://localhost:5173/:0
[ 1059433ms] [ERROR] Failed to load resource: net::ERR_CONNECTION_REFUSED @ http://localhost:5173/:0
[ 1060437ms] [ERROR] Failed to load resource: net::ERR_CONNECTION_REFUSED @ http://localhost:5173/:0
[ 1061440ms] [ERROR] Failed to load resource: net::ERR_CONNECTION_REFUSED @ http://localhost:5173/:0
[ 1062445ms] [ERROR] Failed to load resource: net::ERR_CONNECTION_REFUSED @ http://localhost:5173/:0
[ 1063449ms] [ERROR] Failed to load resource: net::ERR_CONNECTION_REFUSED @ http://localhost:5173/:0
[ 1064452ms] [ERROR] Failed to load resource: net::ERR_CONNECTION_REFUSED @ http://localhost:5173/:0
[ 1065456ms] [ERROR] Failed to load resource: net::ERR_CONNECTION_REFUSED @ http://localhost:5173/:0
[ 1066460ms] [ERROR] Failed to load resource: net::ERR_CONNECTION_REFUSED @ http://localhost:5173/:0
[ 1067464ms] [ERROR] Failed to load resource: net::ERR_CONNECTION_REFUSED @ http://localhost:5173/:0
[ 1068468ms] [ERROR] Failed to load resource: net::ERR_CONNECTION_REFUSED @ http://localhost:5173/:0
[ 1069472ms] [ERROR] Failed to load resource: net::ERR_CONNECTION_REFUSED @ http://localhost:5173/:0
[ 1070476ms] [ERROR] Failed to load resource: net::ERR_CONNECTION_REFUSED @ http://localhost:5173/:0
[ 1071480ms] [ERROR] Failed to load resource: net::ERR_CONNECTION_REFUSED @ http://localhost:5173/:0
[ 1072484ms] [ERROR] Failed to load resource: net::ERR_CONNECTION_REFUSED @ http://localhost:5173/:0
[ 1073488ms] [ERROR] Failed to load resource: net::ERR_CONNECTION_REFUSED @ http://localhost:5173/:0
[ 1074492ms] [ERROR] Failed to load resource: net::ERR_CONNECTION_REFUSED @ http://localhost:5173/:0
[ 1075496ms] [ERROR] Failed to load resource: net::ERR_CONNECTION_REFUSED @ http://localhost:5173/:0
[ 1076500ms] [ERROR] Failed to load resource: net::ERR_CONNECTION_REFUSED @ http://localhost:5173/:0
[ 1077504ms] [ERROR] Failed to load resource: net::ERR_CONNECTION_REFUSED @ http://localhost:5173/:0
[ 1078508ms] [ERROR] Failed to load resource: net::ERR_CONNECTION_REFUSED @ http://localhost:5173/:0
[ 1079512ms] [ERROR] Failed to load resource: net::ERR_CONNECTION_REFUSED @ http://localhost:5173/:0
[ 1080516ms] [ERROR] Failed to load resource: net::ERR_CONNECTION_REFUSED @ http://localhost:5173/:0
[ 1081520ms] [ERROR] Failed to load resource: net::ERR_CONNECTION_REFUSED @ http://localhost:5173/:0
[ 1082523ms] [ERROR] Failed to load resource: net::ERR_CONNECTION_REFUSED @ http://localhost:5173/:0
[ 1083527ms] [ERROR] Failed to load resource: net::ERR_CONNECTION_REFUSED @ http://localhost:5173/:0
[ 1084531ms] [ERROR] Failed to load resource: net::ERR_CONNECTION_REFUSED @ http://localhost:5173/:0
[ 1085535ms] [ERROR] Failed to load resource: net::ERR_CONNECTION_REFUSED @ http://localhost:5173/:0
[ 1086539ms] [ERROR] Failed to load resource: net::ERR_CONNECTION_REFUSED @ http://localhost:5173/:0
[ 1087543ms] [ERROR] Failed to load resource: net::ERR_CONNECTION_REFUSED @ http://localhost:5173/:0
[ 1088548ms] [ERROR] Failed to load resource: net::ERR_CONNECTION_REFUSED @ http://localhost:5173/:0
[ 1089552ms] [ERROR] Failed to load resource: net::ERR_CONNECTION_REFUSED @ http://localhost:5173/:0
[ 1090556ms] [ERROR] Failed to load resource: net::ERR_CONNECTION_REFUSED @ http://localhost:5173/:0
[ 1091558ms] [ERROR] Failed to load resource: net::ERR_CONNECTION_REFUSED @ http://localhost:5173/:0
[ 1092565ms] [ERROR] Failed to load resource: net::ERR_CONNECTION_REFUSED @ http://localhost:5173/:0
[ 1093569ms] [ERROR] Failed to load resource: net::ERR_CONNECTION_REFUSED @ http://localhost:5173/:0
[ 1094573ms] [ERROR] Failed to load resource: net::ERR_CONNECTION_REFUSED @ http://localhost:5173/:0
[ 1095576ms] [ERROR] Failed to load resource: net::ERR_CONNECTION_REFUSED @ http://localhost:5173/:0
[ 1096580ms] [ERROR] Failed to load resource: net::ERR_CONNECTION_REFUSED @ http://localhost:5173/:0
[ 1097584ms] [ERROR] Failed to load resource: net::ERR_CONNECTION_REFUSED @ http://localhost:5173/:0
[ 1098588ms] [ERROR] Failed to load resource: net::ERR_CONNECTION_REFUSED @ http://localhost:5173/:0
[ 1099592ms] [ERROR] Failed to load resource: net::ERR_CONNECTION_REFUSED @ http://localhost:5173/:0
[ 1100596ms] [ERROR] Failed to load resource: net::ERR_CONNECTION_REFUSED @ http://localhost:5173/:0
[ 1101599ms] [ERROR] Failed to load resource: net::ERR_CONNECTION_REFUSED @ http://localhost:5173/:0
[ 1102603ms] [ERROR] Failed to load resource: net::ERR_CONNECTION_REFUSED @ http://localhost:5173/:0
[ 1103606ms] [ERROR] Failed to load resource: net::ERR_CONNECTION_REFUSED @ http://localhost:5173/:0
[ 1104609ms] [ERROR] Failed to load resource: net::ERR_CONNECTION_REFUSED @ http://localhost:5173/:0
[ 1105612ms] [ERROR] Failed to load resource: net::ERR_CONNECTION_REFUSED @ http://localhost:5173/:0
[ 1106616ms] [ERROR] Failed to load resource: net::ERR_CONNECTION_REFUSED @ http://localhost:5173/:0
[ 1107620ms] [ERROR] Failed to load resource: net::ERR_CONNECTION_REFUSED @ http://localhost:5173/:0
[ 1108623ms] [ERROR] Failed to load resource: net::ERR_CONNECTION_REFUSED @ http://localhost:5173/:0
[ 1109627ms] [ERROR] Failed to load resource: net::ERR_CONNECTION_REFUSED @ http://localhost:5173/:0
[ 1110630ms] [ERROR] Failed to load resource: net::ERR_CONNECTION_REFUSED @ http://localhost:5173/:0
[ 1111634ms] [ERROR] Failed to load resource: net::ERR_CONNECTION_REFUSED @ http://localhost:5173/:0
[ 1112637ms] [ERROR] Failed to load resource: net::ERR_CONNECTION_REFUSED @ http://localhost:5173/:0
[ 1113641ms] [ERROR] Failed to load resource: net::ERR_CONNECTION_REFUSED @ http://localhost:5173/:0
[ 1114645ms] [ERROR] Failed to load resource: net::ERR_CONNECTION_REFUSED @ http://localhost:5173/:0
[ 1115649ms] [ERROR] Failed to load resource: net::ERR_CONNECTION_REFUSED @ http://localhost:5173/:0
[ 1116653ms] [ERROR] Failed to load resource: net::ERR_CONNECTION_REFUSED @ http://localhost:5173/:0
[ 1117658ms] [ERROR] Failed to load resource: net::ERR_CONNECTION_REFUSED @ http://localhost:5173/:0
[ 1118662ms] [ERROR] Failed to load resource: net::ERR_CONNECTION_REFUSED @ http://localhost:5173/:0
[ 1119666ms] [ERROR] Failed to load resource: net::ERR_CONNECTION_REFUSED @ http://localhost:5173/:0
[ 1120671ms] [ERROR] Failed to load resource: net::ERR_CONNECTION_REFUSED @ http://localhost:5173/:0
[ 1121675ms] [ERROR] Failed to load resource: net::ERR_CONNECTION_REFUSED @ http://localhost:5173/:0
[ 1122680ms] [ERROR] Failed to load resource: net::ERR_CONNECTION_REFUSED @ http://localhost:5173/:0
[ 1123683ms] [ERROR] Failed to load resource: net::ERR_CONNECTION_REFUSED @ http://localhost:5173/:0
[ 1124692ms] [ERROR] Failed to load resource: net::ERR_CONNECTION_REFUSED @ http://localhost:5173/:0
[ 1125699ms] [ERROR] Failed to load resource: net::ERR_CONNECTION_REFUSED @ http://localhost:5173/:0
[ 1126704ms] [ERROR] Failed to load resource: net::ERR_CONNECTION_REFUSED @ http://localhost:5173/:0
[ 1127709ms] [ERROR] Failed to load resource: net::ERR_CONNECTION_REFUSED @ http://localhost:5173/:0
[ 1128713ms] [ERROR] Failed to load resource: net::ERR_CONNECTION_REFUSED @ http://localhost:5173/:0
[ 1129716ms] [ERROR] Failed to load resource: net::ERR_CONNECTION_REFUSED @ http://localhost:5173/:0
[ 1130721ms] [ERROR] Failed to load resource: net::ERR_CONNECTION_REFUSED @ http://localhost:5173/:0
[ 1131725ms] [ERROR] Failed to load resource: net::ERR_CONNECTION_REFUSED @ http://localhost:5173/:0
[ 1132729ms] [ERROR] Failed to load resource: net::ERR_CONNECTION_REFUSED @ http://localhost:5173/:0
[ 1133733ms] [ERROR] Failed to load resource: net::ERR_CONNECTION_REFUSED @ http://localhost:5173/:0
[ 1134736ms] [ERROR] Failed to load resource: net::ERR_CONNECTION_REFUSED @ http://localhost:5173/:0
[ 1135741ms] [ERROR] Failed to load resource: net::ERR_CONNECTION_REFUSED @ http://localhost:5173/:0
[ 1136744ms] [ERROR] Failed to load resource: net::ERR_CONNECTION_REFUSED @ http://localhost:5173/:0
[ 1137748ms] [ERROR] Failed to load resource: net::ERR_CONNECTION_REFUSED @ http://localhost:5173/:0
[ 1138752ms] [ERROR] Failed to load resource: net::ERR_CONNECTION_REFUSED @ http://localhost:5173/:0
[ 1139756ms] [ERROR] Failed to load resource: net::ERR_CONNECTION_REFUSED @ http://localhost:5173/:0
[ 1140760ms] [ERROR] Failed to load resource: net::ERR_CONNECTION_REFUSED @ http://localhost:5173/:0
[ 1141764ms] [ERROR] Failed to load resource: net::ERR_CONNECTION_REFUSED @ http://localhost:5173/:0
[ 1142767ms] [ERROR] Failed to load resource: net::ERR_CONNECTION_REFUSED @ http://localhost:5173/:0
[ 1143772ms] [ERROR] Failed to load resource: net::ERR_CONNECTION_REFUSED @ http://localhost:5173/:0
[ 1144776ms] [ERROR] Failed to load resource: net::ERR_CONNECTION_REFUSED @ http://localhost:5173/:0
[ 1145779ms] [ERROR] Failed to load resource: net::ERR_CONNECTION_REFUSED @ http://localhost:5173/:0
[ 1146784ms] [ERROR] Failed to load resource: net::ERR_CONNECTION_REFUSED @ http://localhost:5173/:0
[ 1147787ms] [ERROR] Failed to load resource: net::ERR_CONNECTION_REFUSED @ http://localhost:5173/:0
[ 1148790ms] [ERROR] Failed to load resource: net::ERR_CONNECTION_REFUSED @ http://localhost:5173/:0
[ 1149794ms] [ERROR] Failed to load resource: net::ERR_CONNECTION_REFUSED @ http://localhost:5173/:0
[ 1150798ms] [ERROR] Failed to load resource: net::ERR_CONNECTION_REFUSED @ http://localhost:5173/:0
[ 1151802ms] [ERROR] Failed to load resource: net::ERR_CONNECTION_REFUSED @ http://localhost:5173/:0
[ 1152807ms] [ERROR] Failed to load resource: net::ERR_CONNECTION_REFUSED @ http://localhost:5173/:0
[ 1153811ms] [ERROR] Failed to load resource: net::ERR_CONNECTION_REFUSED @ http://localhost:5173/:0
[ 1154818ms] [ERROR] Failed to load resource: net::ERR_CONNECTION_REFUSED @ http://localhost:5173/:0
[ 1155823ms] [ERROR] Failed to load resource: net::ERR_CONNECTION_REFUSED @ http://localhost:5173/:0
[ 1156827ms] [ERROR] Failed to load resource: net::ERR_CONNECTION_REFUSED @ http://localhost:5173/:0
[ 1157830ms] [ERROR] Failed to load resource: net::ERR_CONNECTION_REFUSED @ http://localhost:5173/:0
[ 1158834ms] [ERROR] Failed to load resource: net::ERR_CONNECTION_REFUSED @ http://localhost:5173/:0
[ 1159837ms] [ERROR] Failed to load resource: net::ERR_CONNECTION_REFUSED @ http://localhost:5173/:0
[ 1160841ms] [ERROR] Failed to load resource: net::ERR_CONNECTION_REFUSED @ http://localhost:5173/:0
[ 1161844ms] [ERROR] Failed to load resource: net::ERR_CONNECTION_REFUSED @ http://localhost:5173/:0
[ 1162848ms] [ERROR] Failed to load resource: net::ERR_CONNECTION_REFUSED @ http://localhost:5173/:0
[ 1163851ms] [ERROR] Failed to load resource: net::ERR_CONNECTION_REFUSED @ http://localhost:5173/:0
[ 1164855ms] [ERROR] Failed to load resource: net::ERR_CONNECTION_REFUSED @ http://localhost:5173/:0
[ 1165859ms] [ERROR] Failed to load resource: net::ERR_CONNECTION_REFUSED @ http://localhost:5173/:0
[ 1166863ms] [ERROR] Failed to load resource: net::ERR_CONNECTION_REFUSED @ http://localhost:5173/:0
[ 1167867ms] [ERROR] Failed to load resource: net::ERR_CONNECTION_REFUSED @ http://localhost:5173/:0
[ 1168871ms] [ERROR] Failed to load resource: net::ERR_CONNECTION_REFUSED @ http://localhost:5173/:0
[ 1169875ms] [ERROR] Failed to load resource: net::ERR_CONNECTION_REFUSED @ http://localhost:5173/:0
[ 1170879ms] [ERROR] Failed to load resource: net::ERR_CONNECTION_REFUSED @ http://localhost:5173/:0
[ 1171882ms] [ERROR] Failed to load resource: net::ERR_CONNECTION_REFUSED @ http://localhost:5173/:0
[ 1172887ms] [ERROR] Failed to load resource: net::ERR_CONNECTION_REFUSED @ http://localhost:5173/:0
[ 1173890ms] [ERROR] Failed to load resource: net::ERR_CONNECTION_REFUSED @ http://localhost:5173/:0
[ 1174894ms] [ERROR] Failed to load resource: net::ERR_CONNECTION_REFUSED @ http://localhost:5173/:0
[ 1175898ms] [ERROR] Failed to load resource: net::ERR_CONNECTION_REFUSED @ http://localhost:5173/:0
[ 1176902ms] [ERROR] Failed to load resource: net::ERR_CONNECTION_REFUSED @ http://localhost:5173/:0
[ 1177905ms] [ERROR] Failed to load resource: net::ERR_CONNECTION_REFUSED @ http://localhost:5173/:0
[ 1178909ms] [ERROR] Failed to load resource: net::ERR_CONNECTION_REFUSED @ http://localhost:5173/:0
[ 1179913ms] [ERROR] Failed to load resource: net::ERR_CONNECTION_REFUSED @ http://localhost:5173/:0
[ 1180916ms] [ERROR] Failed to load resource: net::ERR_CONNECTION_REFUSED @ http://localhost:5173/:0
[ 1181920ms] [ERROR] Failed to load resource: net::ERR_CONNECTION_REFUSED @ http://localhost:5173/:0
[ 1182924ms] [ERROR] Failed to load resource: net::ERR_CONNECTION_REFUSED @ http://localhost:5173/:0
[ 1183927ms] [ERROR] Failed to load resource: net::ERR_CONNECTION_REFUSED @ http://localhost:5173/:0
[ 1184931ms] [ERROR] Failed to load resource: net::ERR_CONNECTION_REFUSED @ http://localhost:5173/:0
[ 1185935ms] [ERROR] Failed to load resource: net::ERR_CONNECTION_REFUSED @ http://localhost:5173/:0
[ 1186939ms] [ERROR] Failed to load resource: net::ERR_CONNECTION_REFUSED @ http://localhost:5173/:0
[ 1187943ms] [ERROR] Failed to load resource: net::ERR_CONNECTION_REFUSED @ http://localhost:5173/:0
[ 1188946ms] [ERROR] Failed to load resource: net::ERR_CONNECTION_REFUSED @ http://localhost:5173/:0
[ 1189950ms] [ERROR] Failed to load resource: net::ERR_CONNECTION_REFUSED @ http://localhost:5173/:0
[ 1190954ms] [ERROR] Failed to load resource: net::ERR_CONNECTION_REFUSED @ http://localhost:5173/:0
[ 1191957ms] [ERROR] Failed to load resource: net::ERR_CONNECTION_REFUSED @ http://localhost:5173/:0
[ 1192961ms] [ERROR] Failed to load resource: net::ERR_CONNECTION_REFUSED @ http://localhost:5173/:0
[ 1193964ms] [ERROR] Failed to load resource: net::ERR_CONNECTION_REFUSED @ http://localhost:5173/:0
[ 1194969ms] [ERROR] Failed to load resource: net::ERR_CONNECTION_REFUSED @ http://localhost:5173/:0
[ 1195975ms] [ERROR] Failed to load resource: net::ERR_CONNECTION_REFUSED @ http://localhost:5173/:0
[ 1196979ms] [ERROR] Failed to load resource: net::ERR_CONNECTION_REFUSED @ http://localhost:5173/:0
[ 1197983ms] [ERROR] Failed to load resource: net::ERR_CONNECTION_REFUSED @ http://localhost:5173/:0
[ 1198987ms] [ERROR] Failed to load resource: net::ERR_CONNECTION_REFUSED @ http://localhost:5173/:0
[ 1199990ms] [ERROR] Failed to load resource: net::ERR_CONNECTION_REFUSED @ http://localhost:5173/:0
[ 1200994ms] [ERROR] Failed to load resource: net::ERR_CONNECTION_REFUSED @ http://localhost:5173/:0
[ 1201998ms] [ERROR] Failed to load resource: net::ERR_CONNECTION_REFUSED @ http://localhost:5173/:0
[ 1203002ms] [ERROR] Failed to load resource: net::ERR_CONNECTION_REFUSED @ http://localhost:5173/:0
[ 1204006ms] [ERROR] Failed to load resource: net::ERR_CONNECTION_REFUSED @ http://localhost:5173/:0
[ 1205010ms] [ERROR] Failed to load resource: net::ERR_CONNECTION_REFUSED @ http://localhost:5173/:0
[ 1206013ms] [ERROR] Failed to load resource: net::ERR_CONNECTION_REFUSED @ http://localhost:5173/:0
[ 1207017ms] [ERROR] Failed to load resource: net::ERR_CONNECTION_REFUSED @ http://localhost:5173/:0
[ 1208021ms] [ERROR] Failed to load resource: net::ERR_CONNECTION_REFUSED @ http://localhost:5173/:0
[ 1209025ms] [ERROR] Failed to load resource: net::ERR_CONNECTION_REFUSED @ http://localhost:5173/:0
[ 1210028ms] [ERROR] Failed to load resource: net::ERR_CONNECTION_REFUSED @ http://localhost:5173/:0
[ 1211032ms] [ERROR] Failed to load resource: net::ERR_CONNECTION_REFUSED @ http://localhost:5173/:0
[ 1212037ms] [ERROR] Failed to load resource: net::ERR_CONNECTION_REFUSED @ http://localhost:5173/:0
[ 1213041ms] [ERROR] Failed to load resource: net::ERR_CONNECTION_REFUSED @ http://localhost:5173/:0
[ 1214045ms] [ERROR] Failed to load resource: net::ERR_CONNECTION_REFUSED @ http://localhost:5173/:0
[ 1215049ms] [ERROR] Failed to load resource: net::ERR_CONNECTION_REFUSED @ http://localhost:5173/:0
[ 1216053ms] [ERROR] Failed to load resource: net::ERR_CONNECTION_REFUSED @ http://localhost:5173/:0
[ 1217057ms] [ERROR] Failed to load resource: net::ERR_CONNECTION_REFUSED @ http://localhost:5173/:0
[ 1218063ms] [ERROR] Failed to load resource: net::ERR_CONNECTION_REFUSED @ http://localhost:5173/:0
[ 1219067ms] [ERROR] Failed to load resource: net::ERR_CONNECTION_REFUSED @ http://localhost:5173/:0
[ 1220071ms] [ERROR] Failed to load resource: net::ERR_CONNECTION_REFUSED @ http://localhost:5173/:0
[ 1221075ms] [ERROR] Failed to load resource: net::ERR_CONNECTION_REFUSED @ http://localhost:5173/:0
[ 1222079ms] [ERROR] Failed to load resource: net::ERR_CONNECTION_REFUSED @ http://localhost:5173/:0
[ 1223083ms] [ERROR] Failed to load resource: net::ERR_CONNECTION_REFUSED @ http://localhost:5173/:0
[ 1224087ms] [ERROR] Failed to load resource: net::ERR_CONNECTION_REFUSED @ http://localhost:5173/:0
[ 1225091ms] [ERROR] Failed to load resource: net::ERR_CONNECTION_REFUSED @ http://localhost:5173/:0
[ 1226095ms] [ERROR] Failed to load resource: net::ERR_CONNECTION_REFUSED @ http://localhost:5173/:0
[ 1227098ms] [ERROR] Failed to load resource: net::ERR_CONNECTION_REFUSED @ http://localhost:5173/:0
[ 1228101ms] [ERROR] Failed to load resource: net::ERR_CONNECTION_REFUSED @ http://localhost:5173/:0
[ 1229105ms] [ERROR] Failed to load resource: net::ERR_CONNECTION_REFUSED @ http://localhost:5173/:0
[ 1230108ms] [ERROR] Failed to load resource: net::ERR_CONNECTION_REFUSED @ http://localhost:5173/:0
[ 1231112ms] [ERROR] Failed to load resource: net::ERR_CONNECTION_REFUSED @ http://localhost:5173/:0
[ 1232116ms] [ERROR] Failed to load resource: net::ERR_CONNECTION_REFUSED @ http://localhost:5173/:0
[ 1233119ms] [ERROR] Failed to load resource: net::ERR_CONNECTION_REFUSED @ http://localhost:5173/:0
[ 1234122ms] [ERROR] Failed to load resource: net::ERR_CONNECTION_REFUSED @ http://localhost:5173/:0
[ 1235126ms] [ERROR] Failed to load resource: net::ERR_CONNECTION_REFUSED @ http://localhost:5173/:0
[ 1236130ms] [ERROR] Failed to load resource: net::ERR_CONNECTION_REFUSED @ http://localhost:5173/:0
[ 1237134ms] [ERROR] Failed to load resource: net::ERR_CONNECTION_REFUSED @ http://localhost:5173/:0
[ 1238138ms] [ERROR] Failed to load resource: net::ERR_CONNECTION_REFUSED @ http://localhost:5173/:0
[ 1239141ms] [ERROR] Failed to load resource: net::ERR_CONNECTION_REFUSED @ http://localhost:5173/:0
[ 1240145ms] [ERROR] Failed to load resource: net::ERR_CONNECTION_REFUSED @ http://localhost:5173/:0
[ 1241149ms] [ERROR] Failed to load resource: net::ERR_CONNECTION_REFUSED @ http://localhost:5173/:0
[ 1242152ms] [ERROR] Failed to load resource: net::ERR_CONNECTION_REFUSED @ http://localhost:5173/:0
[ 1243156ms] [ERROR] Failed to load resource: net::ERR_CONNECTION_REFUSED @ http://localhost:5173/:0
[ 1244159ms] [ERROR] Failed to load resource: net::ERR_CONNECTION_REFUSED @ http://localhost:5173/:0
[ 1245164ms] [ERROR] Failed to load resource: net::ERR_CONNECTION_REFUSED @ http://localhost:5173/:0
[ 1246168ms] [ERROR] Failed to load resource: net::ERR_CONNECTION_REFUSED @ http://localhost:5173/:0
[ 1247171ms] [ERROR] Failed to load resource: net::ERR_CONNECTION_REFUSED @ http://localhost:5173/:0
[ 1248174ms] [ERROR] Failed to load resource: net::ERR_CONNECTION_REFUSED @ http://localhost:5173/:0
[ 1249178ms] [ERROR] Failed to load resource: net::ERR_CONNECTION_REFUSED @ http://localhost:5173/:0
[ 1250182ms] [ERROR] Failed to load resource: net::ERR_CONNECTION_REFUSED @ http://localhost:5173/:0
[ 1251186ms] [ERROR] Failed to load resource: net::ERR_CONNECTION_REFUSED @ http://localhost:5173/:0
[ 1252190ms] [ERROR] Failed to load resource: net::ERR_CONNECTION_REFUSED @ http://localhost:5173/:0
[ 1253194ms] [ERROR] Failed to load resource: net::ERR_CONNECTION_REFUSED @ http://localhost:5173/:0
[ 1254198ms] [ERROR] Failed to load resource: net::ERR_CONNECTION_REFUSED @ http://localhost:5173/:0
[ 1255202ms] [ERROR] Failed to load resource: net::ERR_CONNECTION_REFUSED @ http://localhost:5173/:0
[ 1256206ms] [ERROR] Failed to load resource: net::ERR_CONNECTION_REFUSED @ http://localhost:5173/:0
[ 1257211ms] [ERROR] Failed to load resource: net::ERR_CONNECTION_REFUSED @ http://localhost:5173/:0
[ 1258215ms] [ERROR] Failed to load resource: net::ERR_CONNECTION_REFUSED @ http://localhost:5173/:0
[ 1259220ms] [ERROR] Failed to load resource: net::ERR_CONNECTION_REFUSED @ http://localhost:5173/:0
[ 1260224ms] [ERROR] Failed to load resource: net::ERR_CONNECTION_REFUSED @ http://localhost:5173/:0
[ 1261228ms] [ERROR] Failed to load resource: net::ERR_CONNECTION_REFUSED @ http://localhost:5173/:0
[ 1262231ms] [ERROR] Failed to load resource: net::ERR_CONNECTION_REFUSED @ http://localhost:5173/:0
[ 1263236ms] [ERROR] Failed to load resource: net::ERR_CONNECTION_REFUSED @ http://localhost:5173/:0
[ 1264240ms] [ERROR] Failed to load resource: net::ERR_CONNECTION_REFUSED @ http://localhost:5173/:0
[ 1265244ms] [ERROR] Failed to load resource: net::ERR_CONNECTION_REFUSED @ http://localhost:5173/:0
[ 1266248ms] [ERROR] Failed to load resource: net::ERR_CONNECTION_REFUSED @ http://localhost:5173/:0
[ 1267252ms] [ERROR] Failed to load resource: net::ERR_CONNECTION_REFUSED @ http://localhost:5173/:0
[ 1268256ms] [ERROR] Failed to load resource: net::ERR_CONNECTION_REFUSED @ http://localhost:5173/:0
[ 1269260ms] [ERROR] Failed to load resource: net::ERR_CONNECTION_REFUSED @ http://localhost:5173/:0
[ 1270265ms] [ERROR] Failed to load resource: net::ERR_CONNECTION_REFUSED @ http://localhost:5173/:0
[ 1271268ms] [ERROR] Failed to load resource: net::ERR_CONNECTION_REFUSED @ http://localhost:5173/:0
[ 1272271ms] [ERROR] Failed to load resource: net::ERR_CONNECTION_REFUSED @ http://localhost:5173/:0
[ 1273274ms] [ERROR] Failed to load resource: net::ERR_CONNECTION_REFUSED @ http://localhost:5173/:0
[ 1274278ms] [ERROR] Failed to load resource: net::ERR_CONNECTION_REFUSED @ http://localhost:5173/:0
[ 1275284ms] [ERROR] Failed to load resource: net::ERR_CONNECTION_REFUSED @ http://localhost:5173/:0
[ 1276287ms] [ERROR] Failed to load resource: net::ERR_CONNECTION_REFUSED @ http://localhost:5173/:0
[ 1277289ms] [ERROR] Failed to load resource: net::ERR_CONNECTION_REFUSED @ http://localhost:5173/:0
[ 1278293ms] [ERROR] Failed to load resource: net::ERR_CONNECTION_REFUSED @ http://localhost:5173/:0
[ 1279295ms] [ERROR] Failed to load resource: net::ERR_CONNECTION_REFUSED @ http://localhost:5173/:0
[ 1280298ms] [ERROR] Failed to load resource: net::ERR_CONNECTION_REFUSED @ http://localhost:5173/:0
[ 1281303ms] [ERROR] Failed to load resource: net::ERR_CONNECTION_REFUSED @ http://localhost:5173/:0
[ 1282307ms] [ERROR] Failed to load resource: net::ERR_CONNECTION_REFUSED @ http://localhost:5173/:0
[ 1283311ms] [ERROR] Failed to load resource: net::ERR_CONNECTION_REFUSED @ http://localhost:5173/:0
[ 1284313ms] [ERROR] Failed to load resource: net::ERR_CONNECTION_REFUSED @ http://localhost:5173/:0
[ 1285316ms] [ERROR] Failed to load resource: net::ERR_CONNECTION_REFUSED @ http://localhost:5173/:0
[ 1286319ms] [ERROR] Failed to load resource: net::ERR_CONNECTION_REFUSED @ http://localhost:5173/:0
[ 1287321ms] [ERROR] Failed to load resource: net::ERR_CONNECTION_REFUSED @ http://localhost:5173/:0
[ 1288324ms] [ERROR] Failed to load resource: net::ERR_CONNECTION_REFUSED @ http://localhost:5173/:0
[ 1289327ms] [ERROR] Failed to load resource: net::ERR_CONNECTION_REFUSED @ http://localhost:5173/:0
[ 1290332ms] [ERROR] Failed to load resource: net::ERR_CONNECTION_REFUSED @ http://localhost:5173/:0
[ 1291336ms] [ERROR] Failed to load resource: net::ERR_CONNECTION_REFUSED @ http://localhost:5173/:0
[ 1292339ms] [ERROR] Failed to load resource: net::ERR_CONNECTION_REFUSED @ http://localhost:5173/:0
[ 1293342ms] [ERROR] Failed to load resource: net::ERR_CONNECTION_REFUSED @ http://localhost:5173/:0
[ 1294346ms] [ERROR] Failed to load resource: net::ERR_CONNECTION_REFUSED @ http://localhost:5173/:0
[ 1295350ms] [ERROR] Failed to load resource: net::ERR_CONNECTION_REFUSED @ http://localhost:5173/:0
[ 1296353ms] [ERROR] Failed to load resource: net::ERR_CONNECTION_REFUSED @ http://localhost:5173/:0
[ 1297356ms] [ERROR] Failed to load resource: net::ERR_CONNECTION_REFUSED @ http://localhost:5173/:0
[ 1298361ms] [ERROR] Failed to load resource: net::ERR_CONNECTION_REFUSED @ http://localhost:5173/:0
[ 1299366ms] [ERROR] Failed to load resource: net::ERR_CONNECTION_REFUSED @ http://localhost:5173/:0
[ 1300369ms] [ERROR] Failed to load resource: net::ERR_CONNECTION_REFUSED @ http://localhost:5173/:0
[ 1301374ms] [ERROR] Failed to load resource: net::ERR_CONNECTION_REFUSED @ http://localhost:5173/:0
[ 1302377ms] [ERROR] Failed to load resource: net::ERR_CONNECTION_REFUSED @ http://localhost:5173/:0
[ 1303382ms] [ERROR] Failed to load resource: net::ERR_CONNECTION_REFUSED @ http://localhost:5173/:0
[ 1304386ms] [ERROR] Failed to load resource: net::ERR_CONNECTION_REFUSED @ http://localhost:5173/:0
[ 1305390ms] [ERROR] Failed to load resource: net::ERR_CONNECTION_REFUSED @ http://localhost:5173/:0
[ 1306393ms] [ERROR] Failed to load resource: net::ERR_CONNECTION_REFUSED @ http://localhost:5173/:0
[ 1307397ms] [ERROR] Failed to load resource: net::ERR_CONNECTION_REFUSED @ http://localhost:5173/:0
[ 1308402ms] [ERROR] Failed to load resource: net::ERR_CONNECTION_REFUSED @ http://localhost:5173/:0
[ 1309406ms] [ERROR] Failed to load resource: net::ERR_CONNECTION_REFUSED @ http://localhost:5173/:0
[ 1310409ms] [ERROR] Failed to load resource: net::ERR_CONNECTION_REFUSED @ http://localhost:5173/:0
[ 1311413ms] [ERROR] Failed to load resource: net::ERR_CONNECTION_REFUSED @ http://localhost:5173/:0
[ 1312417ms] [ERROR] Failed to load resource: net::ERR_CONNECTION_REFUSED @ http://localhost:5173/:0
[ 1313422ms] [ERROR] Failed to load resource: net::ERR_CONNECTION_REFUSED @ http://localhost:5173/:0
[ 1314425ms] [ERROR] Failed to load resource: net::ERR_CONNECTION_REFUSED @ http://localhost:5173/:0
[ 1315429ms] [ERROR] Failed to load resource: net::ERR_CONNECTION_REFUSED @ http://localhost:5173/:0
[ 1316433ms] [ERROR] Failed to load resource: net::ERR_CONNECTION_REFUSED @ http://localhost:5173/:0
[ 1317437ms] [ERROR] Failed to load resource: net::ERR_CONNECTION_REFUSED @ http://localhost:5173/:0
[ 1318441ms] [ERROR] Failed to load resource: net::ERR_CONNECTION_REFUSED @ http://localhost:5173/:0
[ 1319445ms] [ERROR] Failed to load resource: net::ERR_CONNECTION_REFUSED @ http://localhost:5173/:0
[ 1320448ms] [ERROR] Failed to load resource: net::ERR_CONNECTION_REFUSED @ http://localhost:5173/:0
[ 1321451ms] [ERROR] Failed to load resource: net::ERR_CONNECTION_REFUSED @ http://localhost:5173/:0
[ 1322454ms] [ERROR] Failed to load resource: net::ERR_CONNECTION_REFUSED @ http://localhost:5173/:0
[ 1323459ms] [ERROR] Failed to load resource: net::ERR_CONNECTION_REFUSED @ http://localhost:5173/:0
[ 1324463ms] [ERROR] Failed to load resource: net::ERR_CONNECTION_REFUSED @ http://localhost:5173/:0
[ 1325466ms] [ERROR] Failed to load resource: net::ERR_CONNECTION_REFUSED @ http://localhost:5173/:0
[ 1326469ms] [ERROR] Failed to load resource: net::ERR_CONNECTION_REFUSED @ http://localhost:5173/:0
[ 1327473ms] [ERROR] Failed to load resource: net::ERR_CONNECTION_REFUSED @ http://localhost:5173/:0
[ 1328476ms] [ERROR] Failed to load resource: net::ERR_CONNECTION_REFUSED @ http://localhost:5173/:0
[ 1329479ms] [ERROR] Failed to load resource: net::ERR_CONNECTION_REFUSED @ http://localhost:5173/:0
[ 1330484ms] [ERROR] Failed to load resource: net::ERR_CONNECTION_REFUSED @ http://localhost:5173/:0
[ 1331487ms] [ERROR] Failed to load resource: net::ERR_CONNECTION_REFUSED @ http://localhost:5173/:0
[ 1332490ms] [ERROR] Failed to load resource: net::ERR_CONNECTION_REFUSED @ http://localhost:5173/:0
[ 1333494ms] [ERROR] Failed to load resource: net::ERR_CONNECTION_REFUSED @ http://localhost:5173/:0
[ 1334501ms] [ERROR] Failed to load resource: net::ERR_CONNECTION_REFUSED @ http://localhost:5173/:0
[ 1335505ms] [ERROR] Failed to load resource: net::ERR_CONNECTION_REFUSED @ http://localhost:5173/:0
[ 1336507ms] [ERROR] Failed to load resource: net::ERR_CONNECTION_REFUSED @ http://localhost:5173/:0
[ 1337511ms] [ERROR] Failed to load resource: net::ERR_CONNECTION_REFUSED @ http://localhost:5173/:0
[ 1338515ms] [ERROR] Failed to load resource: net::ERR_CONNECTION_REFUSED @ http://localhost:5173/:0
[ 1339520ms] [ERROR] Failed to load resource: net::ERR_CONNECTION_REFUSED @ http://localhost:5173/:0
[ 1340522ms] [ERROR] Failed to load resource: net::ERR_CONNECTION_REFUSED @ http://localhost:5173/:0
[ 1341525ms] [ERROR] Failed to load resource: net::ERR_CONNECTION_REFUSED @ http://localhost:5173/:0
[ 1342529ms] [ERROR] Failed to load resource: net::ERR_CONNECTION_REFUSED @ http://localhost:5173/:0
[ 1343532ms] [ERROR] Failed to load resource: net::ERR_CONNECTION_REFUSED @ http://localhost:5173/:0
[ 1344535ms] [ERROR] Failed to load resource: net::ERR_CONNECTION_REFUSED @ http://localhost:5173/:0
[ 1345538ms] [ERROR] Failed to load resource: net::ERR_CONNECTION_REFUSED @ http://localhost:5173/:0
[ 1346541ms] [ERROR] Failed to load resource: net::ERR_CONNECTION_REFUSED @ http://localhost:5173/:0
[ 1347544ms] [ERROR] Failed to load resource: net::ERR_CONNECTION_REFUSED @ http://localhost:5173/:0
[ 1348551ms] [ERROR] Failed to load resource: net::ERR_CONNECTION_REFUSED @ http://localhost:5173/:0
[ 1349556ms] [ERROR] Failed to load resource: net::ERR_CONNECTION_REFUSED @ http://localhost:5173/:0
[ 1350561ms] [ERROR] Failed to load resource: net::ERR_CONNECTION_REFUSED @ http://localhost:5173/:0
[ 1351564ms] [ERROR] Failed to load resource: net::ERR_CONNECTION_REFUSED @ http://localhost:5173/:0
[ 1352569ms] [ERROR] Failed to load resource: net::ERR_CONNECTION_REFUSED @ http://localhost:5173/:0
[ 1353572ms] [ERROR] Failed to load resource: net::ERR_CONNECTION_REFUSED @ http://localhost:5173/:0
[ 1354575ms] [ERROR] Failed to load resource: net::ERR_CONNECTION_REFUSED @ http://localhost:5173/:0
[ 1355579ms] [ERROR] Failed to load resource: net::ERR_CONNECTION_REFUSED @ http://localhost:5173/:0
[ 1356582ms] [ERROR] Failed to load resource: net::ERR_CONNECTION_REFUSED @ http://localhost:5173/:0
[ 1357586ms] [ERROR] Failed to load resource: net::ERR_CONNECTION_REFUSED @ http://localhost:5173/:0
[ 1358591ms] [ERROR] Failed to load resource: net::ERR_CONNECTION_REFUSED @ http://localhost:5173/:0
[ 1359594ms] [ERROR] Failed to load resource: net::ERR_CONNECTION_REFUSED @ http://localhost:5173/:0
[ 1360599ms] [ERROR] Failed to load resource: net::ERR_CONNECTION_REFUSED @ http://localhost:5173/:0
[ 1361606ms] [ERROR] Failed to load resource: net::ERR_CONNECTION_REFUSED @ http://localhost:5173/:0
[ 1362610ms] [ERROR] Failed to load resource: net::ERR_CONNECTION_REFUSED @ http://localhost:5173/:0
[ 1363614ms] [ERROR] Failed to load resource: net::ERR_CONNECTION_REFUSED @ http://localhost:5173/:0
[ 1364617ms] [ERROR] Failed to load resource: net::ERR_CONNECTION_REFUSED @ http://localhost:5173/:0
[ 1365621ms] [ERROR] Failed to load resource: net::ERR_CONNECTION_REFUSED @ http://localhost:5173/:0
[ 1366625ms] [ERROR] Failed to load resource: net::ERR_CONNECTION_REFUSED @ http://localhost:5173/:0
[ 1367628ms] [ERROR] Failed to load resource: net::ERR_CONNECTION_REFUSED @ http://localhost:5173/:0
[ 1368630ms] [ERROR] Failed to load resource: net::ERR_CONNECTION_REFUSED @ http://localhost:5173/:0
[ 1369633ms] [ERROR] Failed to load resource: net::ERR_CONNECTION_REFUSED @ http://localhost:5173/:0
[ 1370637ms] [ERROR] Failed to load resource: net::ERR_CONNECTION_REFUSED @ http://localhost:5173/:0
[ 1371640ms] [ERROR] Failed to load resource: net::ERR_CONNECTION_REFUSED @ http://localhost:5173/:0
[ 1372644ms] [ERROR] Failed to load resource: net::ERR_CONNECTION_REFUSED @ http://localhost:5173/:0
[ 1373646ms] [ERROR] Failed to load resource: net::ERR_CONNECTION_REFUSED @ http://localhost:5173/:0
[ 1374649ms] [ERROR] Failed to load resource: net::ERR_CONNECTION_REFUSED @ http://localhost:5173/:0
[ 1375653ms] [ERROR] Failed to load resource: net::ERR_CONNECTION_REFUSED @ http://localhost:5173/:0
[ 1376656ms] [ERROR] Failed to load resource: net::ERR_CONNECTION_REFUSED @ http://localhost:5173/:0
[ 1377660ms] [ERROR] Failed to load resource: net::ERR_CONNECTION_REFUSED @ http://localhost:5173/:0
[ 1378664ms] [ERROR] Failed to load resource: net::ERR_CONNECTION_REFUSED @ http://localhost:5173/:0
[ 1379668ms] [ERROR] Failed to load resource: net::ERR_CONNECTION_REFUSED @ http://localhost:5173/:0
[ 1380672ms] [ERROR] Failed to load resource: net::ERR_CONNECTION_REFUSED @ http://localhost:5173/:0
[ 1381676ms] [ERROR] Failed to load resource: net::ERR_CONNECTION_REFUSED @ http://localhost:5173/:0
[ 1382681ms] [ERROR] Failed to load resource: net::ERR_CONNECTION_REFUSED @ http://localhost:5173/:0
[ 1383685ms] [ERROR] Failed to load resource: net::ERR_CONNECTION_REFUSED @ http://localhost:5173/:0
[ 1384688ms] [ERROR] Failed to load resource: net::ERR_CONNECTION_REFUSED @ http://localhost:5173/:0
[ 1385691ms] [ERROR] Failed to load resource: net::ERR_CONNECTION_REFUSED @ http://localhost:5173/:0
[ 1386695ms] [ERROR] Failed to load resource: net::ERR_CONNECTION_REFUSED @ http://localhost:5173/:0
[ 1387699ms] [ERROR] Failed to load resource: net::ERR_CONNECTION_REFUSED @ http://localhost:5173/:0
[ 1388703ms] [ERROR] Failed to load resource: net::ERR_CONNECTION_REFUSED @ http://localhost:5173/:0
[ 1389706ms] [ERROR] Failed to load resource: net::ERR_CONNECTION_REFUSED @ http://localhost:5173/:0
[ 1390708ms] [ERROR] Failed to load resource: net::ERR_CONNECTION_REFUSED @ http://localhost:5173/:0
[ 1391715ms] [ERROR] Failed to load resource: net::ERR_CONNECTION_REFUSED @ http://localhost:5173/:0
[ 1392719ms] [ERROR] Failed to load resource: net::ERR_CONNECTION_REFUSED @ http://localhost:5173/:0
[ 1393722ms] [ERROR] Failed to load resource: net::ERR_CONNECTION_REFUSED @ http://localhost:5173/:0
[ 1394727ms] [ERROR] Failed to load resource: net::ERR_CONNECTION_REFUSED @ http://localhost:5173/:0
[ 1395731ms] [ERROR] Failed to load resource: net::ERR_CONNECTION_REFUSED @ http://localhost:5173/:0
[ 1396734ms] [ERROR] Failed to load resource: net::ERR_CONNECTION_REFUSED @ http://localhost:5173/:0
[ 1397741ms] [ERROR] Failed to load resource: net::ERR_CONNECTION_REFUSED @ http://localhost:5173/:0
[ 1398744ms] [ERROR] Failed to load resource: net::ERR_CONNECTION_REFUSED @ http://localhost:5173/:0
[ 1399748ms] [ERROR] Failed to load resource: net::ERR_CONNECTION_REFUSED @ http://localhost:5173/:0
[ 1400751ms] [ERROR] Failed to load resource: net::ERR_CONNECTION_REFUSED @ http://localhost:5173/:0
[ 1401753ms] [ERROR] Failed to load resource: net::ERR_CONNECTION_REFUSED @ http://localhost:5173/:0
[ 1402756ms] [ERROR] Failed to load resource: net::ERR_CONNECTION_REFUSED @ http://localhost:5173/:0
[ 1403760ms] [ERROR] Failed to load resource: net::ERR_CONNECTION_REFUSED @ http://localhost:5173/:0
[ 1404763ms] [ERROR] Failed to load resource: net::ERR_CONNECTION_REFUSED @ http://localhost:5173/:0
[ 1405767ms] [ERROR] Failed to load resource: net::ERR_CONNECTION_REFUSED @ http://localhost:5173/:0
[ 1406770ms] [ERROR] Failed to load resource: net::ERR_CONNECTION_REFUSED @ http://localhost:5173/:0
[ 1407772ms] [ERROR] Failed to load resource: net::ERR_CONNECTION_REFUSED @ http://localhost:5173/:0
[ 1408776ms] [ERROR] Failed to load resource: net::ERR_CONNECTION_REFUSED @ http://localhost:5173/:0
[ 1409780ms] [ERROR] Failed to load resource: net::ERR_CONNECTION_REFUSED @ http://localhost:5173/:0
[ 1410784ms] [ERROR] Failed to load resource: net::ERR_CONNECTION_REFUSED @ http://localhost:5173/:0
[ 1411789ms] [ERROR] Failed to load resource: net::ERR_CONNECTION_REFUSED @ http://localhost:5173/:0
[ 1412793ms] [ERROR] Failed to load resource: net::ERR_CONNECTION_REFUSED @ http://localhost:5173/:0
[ 1413796ms] [ERROR] Failed to load resource: net::ERR_CONNECTION_REFUSED @ http://localhost:5173/:0
[ 1414799ms] [ERROR] Failed to load resource: net::ERR_CONNECTION_REFUSED @ http://localhost:5173/:0
[ 1415802ms] [ERROR] Failed to load resource: net::ERR_CONNECTION_REFUSED @ http://localhost:5173/:0
[ 1416806ms] [ERROR] Failed to load resource: net::ERR_CONNECTION_REFUSED @ http://localhost:5173/:0
[ 1417810ms] [ERROR] Failed to load resource: net::ERR_CONNECTION_REFUSED @ http://localhost:5173/:0
[ 1418814ms] [ERROR] Failed to load resource: net::ERR_CONNECTION_REFUSED @ http://localhost:5173/:0
[ 1419818ms] [ERROR] Failed to load resource: net::ERR_CONNECTION_REFUSED @ http://localhost:5173/:0
[ 1420821ms] [ERROR] Failed to load resource: net::ERR_CONNECTION_REFUSED @ http://localhost:5173/:0
[ 1421824ms] [ERROR] Failed to load resource: net::ERR_CONNECTION_REFUSED @ http://localhost:5173/:0
[ 1422827ms] [ERROR] Failed to load resource: net::ERR_CONNECTION_REFUSED @ http://localhost:5173/:0
[ 1423830ms] [ERROR] Failed to load resource: net::ERR_CONNECTION_REFUSED @ http://localhost:5173/:0
[ 1424832ms] [ERROR] Failed to load resource: net::ERR_CONNECTION_REFUSED @ http://localhost:5173/:0
[ 1425835ms] [ERROR] Failed to load resource: net::ERR_CONNECTION_REFUSED @ http://localhost:5173/:0
[ 1426839ms] [ERROR] Failed to load resource: net::ERR_CONNECTION_REFUSED @ http://localhost:5173/:0
[ 1427842ms] [ERROR] Failed to load resource: net::ERR_CONNECTION_REFUSED @ http://localhost:5173/:0
[ 1428847ms] [ERROR] Failed to load resource: net::ERR_CONNECTION_REFUSED @ http://localhost:5173/:0
[ 1429851ms] [ERROR] Failed to load resource: net::ERR_CONNECTION_REFUSED @ http://localhost:5173/:0
[ 1430855ms] [ERROR] Failed to load resource: net::ERR_CONNECTION_REFUSED @ http://localhost:5173/:0
[ 1431859ms] [ERROR] Failed to load resource: net::ERR_CONNECTION_REFUSED @ http://localhost:5173/:0
[ 1432863ms] [ERROR] Failed to load resource: net::ERR_CONNECTION_REFUSED @ http://localhost:5173/:0
[ 1433867ms] [ERROR] Failed to load resource: net::ERR_CONNECTION_REFUSED @ http://localhost:5173/:0
[ 1434871ms] [ERROR] Failed to load resource: net::ERR_CONNECTION_REFUSED @ http://localhost:5173/:0
[ 1435875ms] [ERROR] Failed to load resource: net::ERR_CONNECTION_REFUSED @ http://localhost:5173/:0
[ 1436879ms] [ERROR] Failed to load resource: net::ERR_CONNECTION_REFUSED @ http://localhost:5173/:0
[ 1437881ms] [ERROR] Failed to load resource: net::ERR_CONNECTION_REFUSED @ http://localhost:5173/:0
[ 1438885ms] [ERROR] Failed to load resource: net::ERR_CONNECTION_REFUSED @ http://localhost:5173/:0
[ 1439889ms] [ERROR] Failed to load resource: net::ERR_CONNECTION_REFUSED @ http://localhost:5173/:0
[ 1440891ms] [ERROR] Failed to load resource: net::ERR_CONNECTION_REFUSED @ http://localhost:5173/:0
[ 1441895ms] [ERROR] Failed to load resource: net::ERR_CONNECTION_REFUSED @ http://localhost:5173/:0
[ 1442899ms] [ERROR] Failed to load resource: net::ERR_CONNECTION_REFUSED @ http://localhost:5173/:0
[ 1443902ms] [ERROR] Failed to load resource: net::ERR_CONNECTION_REFUSED @ http://localhost:5173/:0
[ 1444909ms] [ERROR] Failed to load resource: net::ERR_CONNECTION_REFUSED @ http://localhost:5173/:0
[ 1445913ms] [ERROR] Failed to load resource: net::ERR_CONNECTION_REFUSED @ http://localhost:5173/:0
[ 1446916ms] [ERROR] Failed to load resource: net::ERR_CONNECTION_REFUSED @ http://localhost:5173/:0
[ 1447919ms] [ERROR] Failed to load resource: net::ERR_CONNECTION_REFUSED @ http://localhost:5173/:0
[ 1448923ms] [ERROR] Failed to load resource: net::ERR_CONNECTION_REFUSED @ http://localhost:5173/:0
[ 1449927ms] [ERROR] Failed to load resource: net::ERR_CONNECTION_REFUSED @ http://localhost:5173/:0
[ 1450931ms] [ERROR] Failed to load resource: net::ERR_CONNECTION_REFUSED @ http://localhost:5173/:0
[ 1451934ms] [ERROR] Failed to load resource: net::ERR_CONNECTION_REFUSED @ http://localhost:5173/:0
[ 1452938ms] [ERROR] Failed to load resource: net::ERR_CONNECTION_REFUSED @ http://localhost:5173/:0
[ 1453944ms] [ERROR] Failed to load resource: net::ERR_CONNECTION_REFUSED @ http://localhost:5173/:0
[ 1454947ms] [ERROR] Failed to load resource: net::ERR_CONNECTION_REFUSED @ http://localhost:5173/:0
[ 1455951ms] [ERROR] Failed to load resource: net::ERR_CONNECTION_REFUSED @ http://localhost:5173/:0
[ 1456953ms] [ERROR] Failed to load resource: net::ERR_CONNECTION_REFUSED @ http://localhost:5173/:0
[ 1457955ms] [ERROR] Failed to load resource: net::ERR_CONNECTION_REFUSED @ http://localhost:5173/:0
[ 1458957ms] [ERROR] Failed to load resource: net::ERR_CONNECTION_REFUSED @ http://localhost:5173/:0
[ 1459963ms] [ERROR] Failed to load resource: net::ERR_CONNECTION_REFUSED @ http://localhost:5173/:0
[ 1460965ms] [ERROR] Failed to load resource: net::ERR_CONNECTION_REFUSED @ http://localhost:5173/:0
[ 1461969ms] [ERROR] Failed to load resource: net::ERR_CONNECTION_REFUSED @ http://localhost:5173/:0
[ 1462971ms] [ERROR] Failed to load resource: net::ERR_CONNECTION_REFUSED @ http://localhost:5173/:0
[ 1463974ms] [ERROR] Failed to load resource: net::ERR_CONNECTION_REFUSED @ http://localhost:5173/:0
[ 1464979ms] [ERROR] Failed to load resource: net::ERR_CONNECTION_REFUSED @ http://localhost:5173/:0
[ 1465986ms] [ERROR] Failed to load resource: net::ERR_CONNECTION_REFUSED @ http://localhost:5173/:0
[ 1466990ms] [ERROR] Failed to load resource: net::ERR_CONNECTION_REFUSED @ http://localhost:5173/:0
[ 1467993ms] [ERROR] Failed to load resource: net::ERR_CONNECTION_REFUSED @ http://localhost:5173/:0
[ 1468996ms] [ERROR] Failed to load resource: net::ERR_CONNECTION_REFUSED @ http://localhost:5173/:0
[ 1469999ms] [ERROR] Failed to load resource: net::ERR_CONNECTION_REFUSED @ http://localhost:5173/:0
[ 1471004ms] [ERROR] Failed to load resource: net::ERR_CONNECTION_REFUSED @ http://localhost:5173/:0
[ 1472007ms] [ERROR] Failed to load resource: net::ERR_CONNECTION_REFUSED @ http://localhost:5173/:0
[ 1473010ms] [ERROR] Failed to load resource: net::ERR_CONNECTION_REFUSED @ http://localhost:5173/:0
[ 1474014ms] [ERROR] Failed to load resource: net::ERR_CONNECTION_REFUSED @ http://localhost:5173/:0
[ 1475017ms] [ERROR] Failed to load resource: net::ERR_CONNECTION_REFUSED @ http://localhost:5173/:0
[ 1476021ms] [ERROR] Failed to load resource: net::ERR_CONNECTION_REFUSED @ http://localhost:5173/:0
[ 1477024ms] [ERROR] Failed to load resource: net::ERR_CONNECTION_REFUSED @ http://localhost:5173/:0
[ 1478027ms] [ERROR] Failed to load resource: net::ERR_CONNECTION_REFUSED @ http://localhost:5173/:0
[ 1479031ms] [ERROR] Failed to load resource: net::ERR_CONNECTION_REFUSED @ http://localhost:5173/:0
[ 1480035ms] [ERROR] Failed to load resource: net::ERR_CONNECTION_REFUSED @ http://localhost:5173/:0
[ 1481038ms] [ERROR] Failed to load resource: net::ERR_CONNECTION_REFUSED @ http://localhost:5173/:0
[ 1482042ms] [ERROR] Failed to load resource: net::ERR_CONNECTION_REFUSED @ http://localhost:5173/:0
[ 1483046ms] [ERROR] Failed to load resource: net::ERR_CONNECTION_REFUSED @ http://localhost:5173/:0
[ 1484049ms] [ERROR] Failed to load resource: net::ERR_CONNECTION_REFUSED @ http://localhost:5173/:0
[ 1485054ms] [ERROR] Failed to load resource: net::ERR_CONNECTION_REFUSED @ http://localhost:5173/:0
[ 1486059ms] [ERROR] Failed to load resource: net::ERR_CONNECTION_REFUSED @ http://localhost:5173/:0
[ 1487061ms] [ERROR] Failed to load resource: net::ERR_CONNECTION_REFUSED @ http://localhost:5173/:0
[ 1488065ms] [ERROR] Failed to load resource: net::ERR_CONNECTION_REFUSED @ http://localhost:5173/:0
[ 1489069ms] [ERROR] Failed to load resource: net::ERR_CONNECTION_REFUSED @ http://localhost:5173/:0
[ 1490071ms] [ERROR] Failed to load resource: net::ERR_CONNECTION_REFUSED @ http://localhost:5173/:0
[ 1491074ms] [ERROR] Failed to load resource: net::ERR_CONNECTION_REFUSED @ http://localhost:5173/:0
[ 1492077ms] [ERROR] Failed to load resource: net::ERR_CONNECTION_REFUSED @ http://localhost:5173/:0
[ 1493081ms] [ERROR] Failed to load resource: net::ERR_CONNECTION_REFUSED @ http://localhost:5173/:0
[ 1494085ms] [ERROR] Failed to load resource: net::ERR_CONNECTION_REFUSED @ http://localhost:5173/:0
[ 1495088ms] [ERROR] Failed to load resource: net::ERR_CONNECTION_REFUSED @ http://localhost:5173/:0
[ 1496092ms] [ERROR] Failed to load resource: net::ERR_CONNECTION_REFUSED @ http://localhost:5173/:0
[ 1497095ms] [ERROR] Failed to load resource: net::ERR_CONNECTION_REFUSED @ http://localhost:5173/:0
[ 1498100ms] [ERROR] Failed to load resource: net::ERR_CONNECTION_REFUSED @ http://localhost:5173/:0
[ 1499103ms] [ERROR] Failed to load resource: net::ERR_CONNECTION_REFUSED @ http://localhost:5173/:0
[ 1500109ms] [ERROR] Failed to load resource: net::ERR_CONNECTION_REFUSED @ http://localhost:5173/:0
[ 1501113ms] [ERROR] Failed to load resource: net::ERR_CONNECTION_REFUSED @ http://localhost:5173/:0
[ 1502117ms] [ERROR] Failed to load resource: net::ERR_CONNECTION_REFUSED @ http://localhost:5173/:0
[ 1503121ms] [ERROR] Failed to load resource: net::ERR_CONNECTION_REFUSED @ http://localhost:5173/:0
[ 1504125ms] [ERROR] Failed to load resource: net::ERR_CONNECTION_REFUSED @ http://localhost:5173/:0
[ 1505128ms] [ERROR] Failed to load resource: net::ERR_CONNECTION_REFUSED @ http://localhost:5173/:0
[ 1506132ms] [ERROR] Failed to load resource: net::ERR_CONNECTION_REFUSED @ http://localhost:5173/:0
[ 1507136ms] [ERROR] Failed to load resource: net::ERR_CONNECTION_REFUSED @ http://localhost:5173/:0
[ 1508140ms] [ERROR] Failed to load resource: net::ERR_CONNECTION_REFUSED @ http://localhost:5173/:0
[ 1509144ms] [ERROR] Failed to load resource: net::ERR_CONNECTION_REFUSED @ http://localhost:5173/:0
[ 1510148ms] [ERROR] Failed to load resource: net::ERR_CONNECTION_REFUSED @ http://localhost:5173/:0
[ 1511152ms] [ERROR] Failed to load resource: net::ERR_CONNECTION_REFUSED @ http://localhost:5173/:0
[ 1512156ms] [ERROR] Failed to load resource: net::ERR_CONNECTION_REFUSED @ http://localhost:5173/:0
[ 1513160ms] [ERROR] Failed to load resource: net::ERR_CONNECTION_REFUSED @ http://localhost:5173/:0
[ 1514164ms] [ERROR] Failed to load resource: net::ERR_CONNECTION_REFUSED @ http://localhost:5173/:0
[ 1515169ms] [ERROR] Failed to load resource: net::ERR_CONNECTION_REFUSED @ http://localhost:5173/:0
[ 1516172ms] [ERROR] Failed to load resource: net::ERR_CONNECTION_REFUSED @ http://localhost:5173/:0
[ 1517179ms] [ERROR] Failed to load resource: net::ERR_CONNECTION_REFUSED @ http://localhost:5173/:0
[ 1518182ms] [ERROR] Failed to load resource: net::ERR_CONNECTION_REFUSED @ http://localhost:5173/:0
[ 1519187ms] [ERROR] Failed to load resource: net::ERR_CONNECTION_REFUSED @ http://localhost:5173/:0
[ 1520190ms] [ERROR] Failed to load resource: net::ERR_CONNECTION_REFUSED @ http://localhost:5173/:0
[ 1521194ms] [ERROR] Failed to load resource: net::ERR_CONNECTION_REFUSED @ http://localhost:5173/:0
[ 1522197ms] [ERROR] Failed to load resource: net::ERR_CONNECTION_REFUSED @ http://localhost:5173/:0
[ 1523201ms] [ERROR] Failed to load resource: net::ERR_CONNECTION_REFUSED @ http://localhost:5173/:0
[ 1524205ms] [ERROR] Failed to load resource: net::ERR_CONNECTION_REFUSED @ http://localhost:5173/:0
[ 1525209ms] [ERROR] Failed to load resource: net::ERR_CONNECTION_REFUSED @ http://localhost:5173/:0
[ 1526213ms] [ERROR] Failed to load resource: net::ERR_CONNECTION_REFUSED @ http://localhost:5173/:0
[ 1527216ms] [ERROR] Failed to load resource: net::ERR_CONNECTION_REFUSED @ http://localhost:5173/:0
[ 1528219ms] [ERROR] Failed to load resource: net::ERR_CONNECTION_REFUSED @ http://localhost:5173/:0
[ 1529222ms] [ERROR] Failed to load resource: net::ERR_CONNECTION_REFUSED @ http://localhost:5173/:0
[ 1530226ms] [ERROR] Failed to load resource: net::ERR_CONNECTION_REFUSED @ http://localhost:5173/:0
[ 1531230ms] [ERROR] Failed to load resource: net::ERR_CONNECTION_REFUSED @ http://localhost:5173/:0
[ 1532234ms] [ERROR] Failed to load resource: net::ERR_CONNECTION_REFUSED @ http://localhost:5173/:0
[ 1533238ms] [ERROR] Failed to load resource: net::ERR_CONNECTION_REFUSED @ http://localhost:5173/:0
[ 1534241ms] [ERROR] Failed to load resource: net::ERR_CONNECTION_REFUSED @ http://localhost:5173/:0
[ 1535245ms] [ERROR] Failed to load resource: net::ERR_CONNECTION_REFUSED @ http://localhost:5173/:0
[ 1536249ms] [ERROR] Failed to load resource: net::ERR_CONNECTION_REFUSED @ http://localhost:5173/:0
[ 1537254ms] [ERROR] Failed to load resource: net::ERR_CONNECTION_REFUSED @ http://localhost:5173/:0
[ 1538257ms] [ERROR] Failed to load resource: net::ERR_CONNECTION_REFUSED @ http://localhost:5173/:0
[ 1539261ms] [ERROR] Failed to load resource: net::ERR_CONNECTION_REFUSED @ http://localhost:5173/:0
[ 1540264ms] [ERROR] Failed to load resource: net::ERR_CONNECTION_REFUSED @ http://localhost:5173/:0
[ 1541269ms] [ERROR] Failed to load resource: net::ERR_CONNECTION_REFUSED @ http://localhost:5173/:0
[ 1542273ms] [ERROR] Failed to load resource: net::ERR_CONNECTION_REFUSED @ http://localhost:5173/:0
[ 1543277ms] [ERROR] Failed to load resource: net::ERR_CONNECTION_REFUSED @ http://localhost:5173/:0
[ 1544281ms] [ERROR] Failed to load resource: net::ERR_CONNECTION_REFUSED @ http://localhost:5173/:0
[ 1545285ms] [ERROR] Failed to load resource: net::ERR_CONNECTION_REFUSED @ http://localhost:5173/:0
[ 1546289ms] [ERROR] Failed to load resource: net::ERR_CONNECTION_REFUSED @ http://localhost:5173/:0
[ 1547293ms] [ERROR] Failed to load resource: net::ERR_CONNECTION_REFUSED @ http://localhost:5173/:0
[ 1548296ms] [ERROR] Failed to load resource: net::ERR_CONNECTION_REFUSED @ http://localhost:5173/:0
[ 1549299ms] [ERROR] Failed to load resource: net::ERR_CONNECTION_REFUSED @ http://localhost:5173/:0
[ 1550303ms] [ERROR] Failed to load resource: net::ERR_CONNECTION_REFUSED @ http://localhost:5173/:0
[ 1551306ms] [ERROR] Failed to load resource: net::ERR_CONNECTION_REFUSED @ http://localhost:5173/:0
[ 1552310ms] [ERROR] Failed to load resource: net::ERR_CONNECTION_REFUSED @ http://localhost:5173/:0
[ 1553314ms] [ERROR] Failed to load resource: net::ERR_CONNECTION_REFUSED @ http://localhost:5173/:0
[ 1554318ms] [ERROR] Failed to load resource: net::ERR_CONNECTION_REFUSED @ http://localhost:5173/:0
[ 1555322ms] [ERROR] Failed to load resource: net::ERR_CONNECTION_REFUSED @ http://localhost:5173/:0
[ 1556325ms] [ERROR] Failed to load resource: net::ERR_CONNECTION_REFUSED @ http://localhost:5173/:0
[ 1557328ms] [ERROR] Failed to load resource: net::ERR_CONNECTION_REFUSED @ http://localhost:5173/:0
[ 1558332ms] [ERROR] Failed to load resource: net::ERR_CONNECTION_REFUSED @ http://localhost:5173/:0
[ 1559336ms] [ERROR] Failed to load resource: net::ERR_CONNECTION_REFUSED @ http://localhost:5173/:0
[ 1560340ms] [ERROR] Failed to load resource: net::ERR_CONNECTION_REFUSED @ http://localhost:5173/:0
[ 1561343ms] [ERROR] Failed to load resource: net::ERR_CONNECTION_REFUSED @ http://localhost:5173/:0
[ 1562348ms] [ERROR] Failed to load resource: net::ERR_CONNECTION_REFUSED @ http://localhost:5173/:0
[ 1563351ms] [ERROR] Failed to load resource: net::ERR_CONNECTION_REFUSED @ http://localhost:5173/:0
[ 1564354ms] [ERROR] Failed to load resource: net::ERR_CONNECTION_REFUSED @ http://localhost:5173/:0
[ 1565358ms] [ERROR] Failed to load resource: net::ERR_CONNECTION_REFUSED @ http://localhost:5173/:0
[ 1566361ms] [ERROR] Failed to load resource: net::ERR_CONNECTION_REFUSED @ http://localhost:5173/:0
[ 1567364ms] [ERROR] Failed to load resource: net::ERR_CONNECTION_REFUSED @ http://localhost:5173/:0
[ 1568368ms] [ERROR] Failed to load resource: net::ERR_CONNECTION_REFUSED @ http://localhost:5173/:0
[ 1569372ms] [ERROR] Failed to load resource: net::ERR_CONNECTION_REFUSED @ http://localhost:5173/:0
[ 1570375ms] [ERROR] Failed to load resource: net::ERR_CONNECTION_REFUSED @ http://localhost:5173/:0
[ 1571378ms] [ERROR] Failed to load resource: net::ERR_CONNECTION_REFUSED @ http://localhost:5173/:0
[ 1572382ms] [ERROR] Failed to load resource: net::ERR_CONNECTION_REFUSED @ http://localhost:5173/:0
[ 1573385ms] [ERROR] Failed to load resource: net::ERR_CONNECTION_REFUSED @ http://localhost:5173/:0
[ 1574389ms] [ERROR] Failed to load resource: net::ERR_CONNECTION_REFUSED @ http://localhost:5173/:0
[ 1575392ms] [ERROR] Failed to load resource: net::ERR_CONNECTION_REFUSED @ http://localhost:5173/:0
[ 1576396ms] [ERROR] Failed to load resource: net::ERR_CONNECTION_REFUSED @ http://localhost:5173/:0
[ 1577400ms] [ERROR] Failed to load resource: net::ERR_CONNECTION_REFUSED @ http://localhost:5173/:0
[ 1578404ms] [ERROR] Failed to load resource: net::ERR_CONNECTION_REFUSED @ http://localhost:5173/:0
[ 1579408ms] [ERROR] Failed to load resource: net::ERR_CONNECTION_REFUSED @ http://localhost:5173/:0
[ 1580411ms] [ERROR] Failed to load resource: net::ERR_CONNECTION_REFUSED @ http://localhost:5173/:0
[ 1581415ms] [ERROR] Failed to load resource: net::ERR_CONNECTION_REFUSED @ http://localhost:5173/:0
[ 1582421ms] [ERROR] Failed to load resource: net::ERR_CONNECTION_REFUSED @ http://localhost:5173/:0
[ 1583425ms] [ERROR] Failed to load resource: net::ERR_CONNECTION_REFUSED @ http://localhost:5173/:0
[ 1584429ms] [ERROR] Failed to load resource: net::ERR_CONNECTION_REFUSED @ http://localhost:5173/:0
[ 1585433ms] [ERROR] Failed to load resource: net::ERR_CONNECTION_REFUSED @ http://localhost:5173/:0
[ 1586436ms] [ERROR] Failed to load resource: net::ERR_CONNECTION_REFUSED @ http://localhost:5173/:0
[ 1587440ms] [ERROR] Failed to load resource: net::ERR_CONNECTION_REFUSED @ http://localhost:5173/:0
[ 1588445ms] [ERROR] Failed to load resource: net::ERR_CONNECTION_REFUSED @ http://localhost:5173/:0
[ 1589448ms] [ERROR] Failed to load resource: net::ERR_CONNECTION_REFUSED @ http://localhost:5173/:0
[ 1590452ms] [ERROR] Failed to load resource: net::ERR_CONNECTION_REFUSED @ http://localhost:5173/:0
[ 1591454ms] [ERROR] Failed to load resource: net::ERR_CONNECTION_REFUSED @ http://localhost:5173/:0
[ 1592457ms] [ERROR] Failed to load resource: net::ERR_CONNECTION_REFUSED @ http://localhost:5173/:0
[ 1593460ms] [ERROR] Failed to load resource: net::ERR_CONNECTION_REFUSED @ http://localhost:5173/:0
[ 1594466ms] [ERROR] Failed to load resource: net::ERR_CONNECTION_REFUSED @ http://localhost:5173/:0
[ 1595470ms] [ERROR] Failed to load resource: net::ERR_CONNECTION_REFUSED @ http://localhost:5173/:0
[ 1596476ms] [ERROR] Failed to load resource: net::ERR_CONNECTION_REFUSED @ http://localhost:5173/:0
[ 1597479ms] [ERROR] Failed to load resource: net::ERR_CONNECTION_REFUSED @ http://localhost:5173/:0
[ 1598483ms] [ERROR] Failed to load resource: net::ERR_CONNECTION_REFUSED @ http://localhost:5173/:0
[ 1599486ms] [ERROR] Failed to load resource: net::ERR_CONNECTION_REFUSED @ http://localhost:5173/:0
[ 1600488ms] [ERROR] Failed to load resource: net::ERR_CONNECTION_REFUSED @ http://localhost:5173/:0
[ 1601505ms] [ERROR] Failed to load resource: net::ERR_CONNECTION_REFUSED @ http://localhost:5173/:0
[ 1602509ms] [ERROR] Failed to load resource: net::ERR_CONNECTION_REFUSED @ http://localhost:5173/:0
[ 1603511ms] [ERROR] Failed to load resource: net::ERR_CONNECTION_REFUSED @ http://localhost:5173/:0
[ 1604515ms] [ERROR] Failed to load resource: net::ERR_CONNECTION_REFUSED @ http://localhost:5173/:0
[ 1605519ms] [ERROR] Failed to load resource: net::ERR_CONNECTION_REFUSED @ http://localhost:5173/:0
[ 1606522ms] [ERROR] Failed to load resource: net::ERR_CONNECTION_REFUSED @ http://localhost:5173/:0
[ 1607525ms] [ERROR] Failed to load resource: net::ERR_CONNECTION_REFUSED @ http://localhost:5173/:0
[ 1608528ms] [ERROR] Failed to load resource: net::ERR_CONNECTION_REFUSED @ http://localhost:5173/:0
[ 1609531ms] [ERROR] Failed to load resource: net::ERR_CONNECTION_REFUSED @ http://localhost:5173/:0
[ 1610534ms] [ERROR] Failed to load resource: net::ERR_CONNECTION_REFUSED @ http://localhost:5173/:0
[ 1611538ms] [ERROR] Failed to load resource: net::ERR_CONNECTION_REFUSED @ http://localhost:5173/:0
[ 1612541ms] [ERROR] Failed to load resource: net::ERR_CONNECTION_REFUSED @ http://localhost:5173/:0
[ 1613545ms] [ERROR] Failed to load resource: net::ERR_CONNECTION_REFUSED @ http://localhost:5173/:0
[ 1614549ms] [ERROR] Failed to load resource: net::ERR_CONNECTION_REFUSED @ http://localhost:5173/:0
[ 1615553ms] [ERROR] Failed to load resource: net::ERR_CONNECTION_REFUSED @ http://localhost:5173/:0
[ 1616557ms] [ERROR] Failed to load resource: net::ERR_CONNECTION_REFUSED @ http://localhost:5173/:0
[ 1617561ms] [ERROR] Failed to load resource: net::ERR_CONNECTION_REFUSED @ http://localhost:5173/:0
[ 1618565ms] [ERROR] Failed to load resource: net::ERR_CONNECTION_REFUSED @ http://localhost:5173/:0
[ 1619568ms] [ERROR] Failed to load resource: net::ERR_CONNECTION_REFUSED @ http://localhost:5173/:0
[ 1620573ms] [ERROR] Failed to load resource: net::ERR_CONNECTION_REFUSED @ http://localhost:5173/:0
[ 1621576ms] [ERROR] Failed to load resource: net::ERR_CONNECTION_REFUSED @ http://localhost:5173/:0
[ 1622582ms] [ERROR] Failed to load resource: net::ERR_CONNECTION_REFUSED @ http://localhost:5173/:0
[ 1623586ms] [ERROR] Failed to load resource: net::ERR_CONNECTION_REFUSED @ http://localhost:5173/:0
[ 1624590ms] [ERROR] Failed to load resource: net::ERR_CONNECTION_REFUSED @ http://localhost:5173/:0
[ 1625594ms] [ERROR] Failed to load resource: net::ERR_CONNECTION_REFUSED @ http://localhost:5173/:0
[ 1626598ms] [ERROR] Failed to load resource: net::ERR_CONNECTION_REFUSED @ http://localhost:5173/:0
[ 1627602ms] [ERROR] Failed to load resource: net::ERR_CONNECTION_REFUSED @ http://localhost:5173/:0
[ 1628606ms] [ERROR] Failed to load resource: net::ERR_CONNECTION_REFUSED @ http://localhost:5173/:0
[ 1629609ms] [ERROR] Failed to load resource: net::ERR_CONNECTION_REFUSED @ http://localhost:5173/:0
[ 1630612ms] [ERROR] Failed to load resource: net::ERR_CONNECTION_REFUSED @ http://localhost:5173/:0
[ 1631616ms] [ERROR] Failed to load resource: net::ERR_CONNECTION_REFUSED @ http://localhost:5173/:0
[ 1632623ms] [ERROR] Failed to load resource: net::ERR_CONNECTION_REFUSED @ http://localhost:5173/:0
[ 1633627ms] [ERROR] Failed to load resource: net::ERR_CONNECTION_REFUSED @ http://localhost:5173/:0
[ 1634630ms] [ERROR] Failed to load resource: net::ERR_CONNECTION_REFUSED @ http://localhost:5173/:0
[ 1635634ms] [ERROR] Failed to load resource: net::ERR_CONNECTION_REFUSED @ http://localhost:5173/:0
[ 1636639ms] [ERROR] Failed to load resource: net::ERR_CONNECTION_REFUSED @ http://localhost:5173/:0
[ 1637643ms] [ERROR] Failed to load resource: net::ERR_CONNECTION_REFUSED @ http://localhost:5173/:0
[ 1638647ms] [ERROR] Failed to load resource: net::ERR_CONNECTION_REFUSED @ http://localhost:5173/:0
[ 1639652ms] [ERROR] Failed to load resource: net::ERR_CONNECTION_REFUSED @ http://localhost:5173/:0
[ 1640655ms] [ERROR] Failed to load resource: net::ERR_CONNECTION_REFUSED @ http://localhost:5173/:0
[ 1641658ms] [ERROR] Failed to load resource: net::ERR_CONNECTION_REFUSED @ http://localhost:5173/:0
[ 1642662ms] [ERROR] Failed to load resource: net::ERR_CONNECTION_REFUSED @ http://localhost:5173/:0
[ 1643666ms] [ERROR] Failed to load resource: net::ERR_CONNECTION_REFUSED @ http://localhost:5173/:0
[ 1644670ms] [ERROR] Failed to load resource: net::ERR_CONNECTION_REFUSED @ http://localhost:5173/:0
[ 1645673ms] [ERROR] Failed to load resource: net::ERR_CONNECTION_REFUSED @ http://localhost:5173/:0
[ 1646677ms] [ERROR] Failed to load resource: net::ERR_CONNECTION_REFUSED @ http://localhost:5173/:0
[ 1647681ms] [ERROR] Failed to load resource: net::ERR_CONNECTION_REFUSED @ http://localhost:5173/:0
[ 1648686ms] [ERROR] Failed to load resource: net::ERR_CONNECTION_REFUSED @ http://localhost:5173/:0
[ 1649690ms] [ERROR] Failed to load resource: net::ERR_CONNECTION_REFUSED @ http://localhost:5173/:0
[ 1650695ms] [ERROR] Failed to load resource: net::ERR_CONNECTION_REFUSED @ http://localhost:5173/:0
[ 1651698ms] [ERROR] Failed to load resource: net::ERR_CONNECTION_REFUSED @ http://localhost:5173/:0
[ 1652701ms] [ERROR] Failed to load resource: net::ERR_CONNECTION_REFUSED @ http://localhost:5173/:0
[ 1653705ms] [ERROR] Failed to load resource: net::ERR_CONNECTION_REFUSED @ http://localhost:5173/:0
[ 1654709ms] [ERROR] Failed to load resource: net::ERR_CONNECTION_REFUSED @ http://localhost:5173/:0
[ 1655712ms] [ERROR] Failed to load resource: net::ERR_CONNECTION_REFUSED @ http://localhost:5173/:0
[ 1656715ms] [ERROR] Failed to load resource: net::ERR_CONNECTION_REFUSED @ http://localhost:5173/:0
[ 1657718ms] [ERROR] Failed to load resource: net::ERR_CONNECTION_REFUSED @ http://localhost:5173/:0
[ 1658723ms] [ERROR] Failed to load resource: net::ERR_CONNECTION_REFUSED @ http://localhost:5173/:0
[ 1659727ms] [ERROR] Failed to load resource: net::ERR_CONNECTION_REFUSED @ http://localhost:5173/:0
[ 1660731ms] [ERROR] Failed to load resource: net::ERR_CONNECTION_REFUSED @ http://localhost:5173/:0
[ 1661735ms] [ERROR] Failed to load resource: net::ERR_CONNECTION_REFUSED @ http://localhost:5173/:0
[ 1662739ms] [ERROR] Failed to load resource: net::ERR_CONNECTION_REFUSED @ http://localhost:5173/:0
[ 1663743ms] [ERROR] Failed to load resource: net::ERR_CONNECTION_REFUSED @ http://localhost:5173/:0
[ 1664747ms] [ERROR] Failed to load resource: net::ERR_CONNECTION_REFUSED @ http://localhost:5173/:0
[ 1665751ms] [ERROR] Failed to load resource: net::ERR_CONNECTION_REFUSED @ http://localhost:5173/:0
[ 1666754ms] [ERROR] Failed to load resource: net::ERR_CONNECTION_REFUSED @ http://localhost:5173/:0
[ 1667758ms] [ERROR] Failed to load resource: net::ERR_CONNECTION_REFUSED @ http://localhost:5173/:0
[ 1668762ms] [ERROR] Failed to load resource: net::ERR_CONNECTION_REFUSED @ http://localhost:5173/:0
[ 1669765ms] [ERROR] Failed to load resource: net::ERR_CONNECTION_REFUSED @ http://localhost:5173/:0
[ 1670768ms] [ERROR] Failed to load resource: net::ERR_CONNECTION_REFUSED @ http://localhost:5173/:0
[ 1671772ms] [ERROR] Failed to load resource: net::ERR_CONNECTION_REFUSED @ http://localhost:5173/:0
[ 1672777ms] [ERROR] Failed to load resource: net::ERR_CONNECTION_REFUSED @ http://localhost:5173/:0
[ 1673781ms] [ERROR] Failed to load resource: net::ERR_CONNECTION_REFUSED @ http://localhost:5173/:0
[ 1674784ms] [ERROR] Failed to load resource: net::ERR_CONNECTION_REFUSED @ http://localhost:5173/:0
[ 1675789ms] [ERROR] Failed to load resource: net::ERR_CONNECTION_REFUSED @ http://localhost:5173/:0
[ 1676793ms] [ERROR] Failed to load resource: net::ERR_CONNECTION_REFUSED @ http://localhost:5173/:0
[ 1677796ms] [ERROR] Failed to load resource: net::ERR_CONNECTION_REFUSED @ http://localhost:5173/:0
[ 1678800ms] [ERROR] Failed to load resource: net::ERR_CONNECTION_REFUSED @ http://localhost:5173/:0
[ 1679803ms] [ERROR] Failed to load resource: net::ERR_CONNECTION_REFUSED @ http://localhost:5173/:0
[ 1680807ms] [ERROR] Failed to load resource: net::ERR_CONNECTION_REFUSED @ http://localhost:5173/:0
[ 1681812ms] [ERROR] Failed to load resource: net::ERR_CONNECTION_REFUSED @ http://localhost:5173/:0
[ 1682815ms] [ERROR] Failed to load resource: net::ERR_CONNECTION_REFUSED @ http://localhost:5173/:0
[ 1683819ms] [ERROR] Failed to load resource: net::ERR_CONNECTION_REFUSED @ http://localhost:5173/:0
[ 1684823ms] [ERROR] Failed to load resource: net::ERR_CONNECTION_REFUSED @ http://localhost:5173/:0
[ 1685827ms] [ERROR] Failed to load resource: net::ERR_CONNECTION_REFUSED @ http://localhost:5173/:0
[ 1686830ms] [ERROR] Failed to load resource: net::ERR_CONNECTION_REFUSED @ http://localhost:5173/:0
[ 1687834ms] [ERROR] Failed to load resource: net::ERR_CONNECTION_REFUSED @ http://localhost:5173/:0
[ 1688837ms] [ERROR] Failed to load resource: net::ERR_CONNECTION_REFUSED @ http://localhost:5173/:0
[ 1689840ms] [ERROR] Failed to load resource: net::ERR_CONNECTION_REFUSED @ http://localhost:5173/:0
[ 1690844ms] [ERROR] Failed to load resource: net::ERR_CONNECTION_REFUSED @ http://localhost:5173/:0
[ 1691847ms] [ERROR] Failed to load resource: net::ERR_CONNECTION_REFUSED @ http://localhost:5173/:0
[ 1692851ms] [ERROR] Failed to load resource: net::ERR_CONNECTION_REFUSED @ http://localhost:5173/:0
[ 1693854ms] [ERROR] Failed to load resource: net::ERR_CONNECTION_REFUSED @ http://localhost:5173/:0
[ 1694858ms] [ERROR] Failed to load resource: net::ERR_CONNECTION_REFUSED @ http://localhost:5173/:0
[ 1695862ms] [ERROR] Failed to load resource: net::ERR_CONNECTION_REFUSED @ http://localhost:5173/:0
[ 1696865ms] [ERROR] Failed to load resource: net::ERR_CONNECTION_REFUSED @ http://localhost:5173/:0
[ 1697867ms] [ERROR] Failed to load resource: net::ERR_CONNECTION_REFUSED @ http://localhost:5173/:0
[ 1698871ms] [ERROR] Failed to load resource: net::ERR_CONNECTION_REFUSED @ http://localhost:5173/:0
[ 1699875ms] [ERROR] Failed to load resource: net::ERR_CONNECTION_REFUSED @ http://localhost:5173/:0
[ 1700877ms] [ERROR] Failed to load resource: net::ERR_CONNECTION_REFUSED @ http://localhost:5173/:0
[ 1701881ms] [ERROR] Failed to load resource: net::ERR_CONNECTION_REFUSED @ http://localhost:5173/:0
[ 1702884ms] [ERROR] Failed to load resource: net::ERR_CONNECTION_REFUSED @ http://localhost:5173/:0
[ 1703888ms] [ERROR] Failed to load resource: net::ERR_CONNECTION_REFUSED @ http://localhost:5173/:0
[ 1704892ms] [ERROR] Failed to load resource: net::ERR_CONNECTION_REFUSED @ http://localhost:5173/:0
[ 1705895ms] [ERROR] Failed to load resource: net::ERR_CONNECTION_REFUSED @ http://localhost:5173/:0
[ 1706899ms] [ERROR] Failed to load resource: net::ERR_CONNECTION_REFUSED @ http://localhost:5173/:0
[ 1707904ms] [ERROR] Failed to load resource: net::ERR_CONNECTION_REFUSED @ http://localhost:5173/:0
[ 1708907ms] [ERROR] Failed to load resource: net::ERR_CONNECTION_REFUSED @ http://localhost:5173/:0
[ 1709911ms] [ERROR] Failed to load resource: net::ERR_CONNECTION_REFUSED @ http://localhost:5173/:0
[ 1710915ms] [ERROR] Failed to load resource: net::ERR_CONNECTION_REFUSED @ http://localhost:5173/:0
[ 1711919ms] [ERROR] Failed to load resource: net::ERR_CONNECTION_REFUSED @ http://localhost:5173/:0
[ 1712922ms] [ERROR] Failed to load resource: net::ERR_CONNECTION_REFUSED @ http://localhost:5173/:0
[ 1713926ms] [ERROR] Failed to load resource: net::ERR_CONNECTION_REFUSED @ http://localhost:5173/:0
[ 1714932ms] [ERROR] Failed to load resource: net::ERR_CONNECTION_REFUSED @ http://localhost:5173/:0
[ 1715936ms] [ERROR] Failed to load resource: net::ERR_CONNECTION_REFUSED @ http://localhost:5173/:0
[ 1716940ms] [ERROR] Failed to load resource: net::ERR_CONNECTION_REFUSED @ http://localhost:5173/:0
[ 1717944ms] [ERROR] Failed to load resource: net::ERR_CONNECTION_REFUSED @ http://localhost:5173/:0
[ 1718948ms] [ERROR] Failed to load resource: net::ERR_CONNECTION_REFUSED @ http://localhost:5173/:0
[ 1719951ms] [ERROR] Failed to load resource: net::ERR_CONNECTION_REFUSED @ http://localhost:5173/:0
[ 1720956ms] [ERROR] Failed to load resource: net::ERR_CONNECTION_REFUSED @ http://localhost:5173/:0
[ 1721960ms] [ERROR] Failed to load resource: net::ERR_CONNECTION_REFUSED @ http://localhost:5173/:0
[ 1722964ms] [ERROR] Failed to load resource: net::ERR_CONNECTION_REFUSED @ http://localhost:5173/:0
[ 1723968ms] [ERROR] Failed to load resource: net::ERR_CONNECTION_REFUSED @ http://localhost:5173/:0
[ 1724971ms] [ERROR] Failed to load resource: net::ERR_CONNECTION_REFUSED @ http://localhost:5173/:0
[ 1725975ms] [ERROR] Failed to load resource: net::ERR_CONNECTION_REFUSED @ http://localhost:5173/:0
[ 1726979ms] [ERROR] Failed to load resource: net::ERR_CONNECTION_REFUSED @ http://localhost:5173/:0
[ 1727983ms] [ERROR] Failed to load resource: net::ERR_CONNECTION_REFUSED @ http://localhost:5173/:0
[ 1728987ms] [ERROR] Failed to load resource: net::ERR_CONNECTION_REFUSED @ http://localhost:5173/:0
[ 1729990ms] [ERROR] Failed to load resource: net::ERR_CONNECTION_REFUSED @ http://localhost:5173/:0
[ 1730994ms] [ERROR] Failed to load resource: net::ERR_CONNECTION_REFUSED @ http://localhost:5173/:0
[ 1731997ms] [ERROR] Failed to load resource: net::ERR_CONNECTION_REFUSED @ http://localhost:5173/:0
[ 1733000ms] [ERROR] Failed to load resource: net::ERR_CONNECTION_REFUSED @ http://localhost:5173/:0
[ 1734003ms] [ERROR] Failed to load resource: net::ERR_CONNECTION_REFUSED @ http://localhost:5173/:0
[ 1735007ms] [ERROR] Failed to load resource: net::ERR_CONNECTION_REFUSED @ http://localhost:5173/:0
[ 1736011ms] [ERROR] Failed to load resource: net::ERR_CONNECTION_REFUSED @ http://localhost:5173/:0
[ 1737015ms] [ERROR] Failed to load resource: net::ERR_CONNECTION_REFUSED @ http://localhost:5173/:0
[ 1738019ms] [ERROR] Failed to load resource: net::ERR_CONNECTION_REFUSED @ http://localhost:5173/:0
[ 1739022ms] [ERROR] Failed to load resource: net::ERR_CONNECTION_REFUSED @ http://localhost:5173/:0
[ 1740026ms] [ERROR] Failed to load resource: net::ERR_CONNECTION_REFUSED @ http://localhost:5173/:0
[ 1741029ms] [ERROR] Failed to load resource: net::ERR_CONNECTION_REFUSED @ http://localhost:5173/:0
[ 1742032ms] [ERROR] Failed to load resource: net::ERR_CONNECTION_REFUSED @ http://localhost:5173/:0
[ 1743033ms] [ERROR] Failed to load resource: net::ERR_CONNECTION_REFUSED @ http://localhost:5173/:0
[ 1744036ms] [ERROR] Failed to load resource: net::ERR_CONNECTION_REFUSED @ http://localhost:5173/:0
[ 1745040ms] [ERROR] Failed to load resource: net::ERR_CONNECTION_REFUSED @ http://localhost:5173/:0
[ 1746044ms] [ERROR] Failed to load resource: net::ERR_CONNECTION_REFUSED @ http://localhost:5173/:0
[ 1747048ms] [ERROR] Failed to load resource: net::ERR_CONNECTION_REFUSED @ http://localhost:5173/:0
[ 1748052ms] [ERROR] Failed to load resource: net::ERR_CONNECTION_REFUSED @ http://localhost:5173/:0
[ 1749056ms] [ERROR] Failed to load resource: net::ERR_CONNECTION_REFUSED @ http://localhost:5173/:0
[ 1750060ms] [ERROR] Failed to load resource: net::ERR_CONNECTION_REFUSED @ http://localhost:5173/:0
[ 1751065ms] [ERROR] Failed to load resource: net::ERR_CONNECTION_REFUSED @ http://localhost:5173/:0
[ 1752068ms] [ERROR] Failed to load resource: net::ERR_CONNECTION_REFUSED @ http://localhost:5173/:0
[ 1753070ms] [ERROR] Failed to load resource: net::ERR_CONNECTION_REFUSED @ http://localhost:5173/:0
[ 1754075ms] [ERROR] Failed to load resource: net::ERR_CONNECTION_REFUSED @ http://localhost:5173/:0
[ 1755079ms] [ERROR] Failed to load resource: net::ERR_CONNECTION_REFUSED @ http://localhost:5173/:0
[ 1756082ms] [ERROR] Failed to load resource: net::ERR_CONNECTION_REFUSED @ http://localhost:5173/:0
[ 1757086ms] [ERROR] Failed to load resource: net::ERR_CONNECTION_REFUSED @ http://localhost:5173/:0
[ 1758090ms] [ERROR] Failed to load resource: net::ERR_CONNECTION_REFUSED @ http://localhost:5173/:0
[ 1759093ms] [ERROR] Failed to load resource: net::ERR_CONNECTION_REFUSED @ http://localhost:5173/:0
[ 1760097ms] [ERROR] Failed to load resource: net::ERR_CONNECTION_REFUSED @ http://localhost:5173/:0
[ 1761100ms] [ERROR] Failed to load resource: net::ERR_CONNECTION_REFUSED @ http://localhost:5173/:0
[ 1762103ms] [ERROR] Failed to load resource: net::ERR_CONNECTION_REFUSED @ http://localhost:5173/:0
[ 1763107ms] [ERROR] Failed to load resource: net::ERR_CONNECTION_REFUSED @ http://localhost:5173/:0
[ 1764114ms] [ERROR] Failed to load resource: net::ERR_CONNECTION_REFUSED @ http://localhost:5173/:0
[ 1765118ms] [ERROR] Failed to load resource: net::ERR_CONNECTION_REFUSED @ http://localhost:5173/:0
[ 1766121ms] [ERROR] Failed to load resource: net::ERR_CONNECTION_REFUSED @ http://localhost:5173/:0
[ 1767125ms] [ERROR] Failed to load resource: net::ERR_CONNECTION_REFUSED @ http://localhost:5173/:0
[ 1768129ms] [ERROR] Failed to load resource: net::ERR_CONNECTION_REFUSED @ http://localhost:5173/:0
[ 1769132ms] [ERROR] Failed to load resource: net::ERR_CONNECTION_REFUSED @ http://localhost:5173/:0
[ 1770136ms] [ERROR] Failed to load resource: net::ERR_CONNECTION_REFUSED @ http://localhost:5173/:0
[ 1771140ms] [ERROR] Failed to load resource: net::ERR_CONNECTION_REFUSED @ http://localhost:5173/:0
[ 1772144ms] [ERROR] Failed to load resource: net::ERR_CONNECTION_REFUSED @ http://localhost:5173/:0
[ 1773148ms] [ERROR] Failed to load resource: net::ERR_CONNECTION_REFUSED @ http://localhost:5173/:0
[ 1774152ms] [ERROR] Failed to load resource: net::ERR_CONNECTION_REFUSED @ http://localhost:5173/:0
[ 1775156ms] [ERROR] Failed to load resource: net::ERR_CONNECTION_REFUSED @ http://localhost:5173/:0
[ 1776160ms] [ERROR] Failed to load resource: net::ERR_CONNECTION_REFUSED @ http://localhost:5173/:0
[ 1777165ms] [ERROR] Failed to load resource: net::ERR_CONNECTION_REFUSED @ http://localhost:5173/:0
[ 1778169ms] [ERROR] Failed to load resource: net::ERR_CONNECTION_REFUSED @ http://localhost:5173/:0
[ 1779173ms] [ERROR] Failed to load resource: net::ERR_CONNECTION_REFUSED @ http://localhost:5173/:0
[ 1780176ms] [ERROR] Failed to load resource: net::ERR_CONNECTION_REFUSED @ http://localhost:5173/:0
[ 1781180ms] [ERROR] Failed to load resource: net::ERR_CONNECTION_REFUSED @ http://localhost:5173/:0
[ 1782184ms] [ERROR] Failed to load resource: net::ERR_CONNECTION_REFUSED @ http://localhost:5173/:0
[ 1783187ms] [ERROR] Failed to load resource: net::ERR_CONNECTION_REFUSED @ http://localhost:5173/:0
[ 1784191ms] [ERROR] Failed to load resource: net::ERR_CONNECTION_REFUSED @ http://localhost:5173/:0
[ 1785195ms] [ERROR] Failed to load resource: net::ERR_CONNECTION_REFUSED @ http://localhost:5173/:0
[ 1786199ms] [ERROR] Failed to load resource: net::ERR_CONNECTION_REFUSED @ http://localhost:5173/:0
[ 1787202ms] [ERROR] Failed to load resource: net::ERR_CONNECTION_REFUSED @ http://localhost:5173/:0
[ 1788206ms] [ERROR] Failed to load resource: net::ERR_CONNECTION_REFUSED @ http://localhost:5173/:0
[ 1789209ms] [ERROR] Failed to load resource: net::ERR_CONNECTION_REFUSED @ http://localhost:5173/:0
[ 1790213ms] [ERROR] Failed to load resource: net::ERR_CONNECTION_REFUSED @ http://localhost:5173/:0
[ 1791216ms] [ERROR] Failed to load resource: net::ERR_CONNECTION_REFUSED @ http://localhost:5173/:0
[ 1792219ms] [ERROR] Failed to load resource: net::ERR_CONNECTION_REFUSED @ http://localhost:5173/:0
[ 1793222ms] [ERROR] Failed to load resource: net::ERR_CONNECTION_REFUSED @ http://localhost:5173/:0
[ 1794228ms] [ERROR] Failed to load resource: net::ERR_CONNECTION_REFUSED @ http://localhost:5173/:0
[ 1795232ms] [ERROR] Failed to load resource: net::ERR_CONNECTION_REFUSED @ http://localhost:5173/:0
[ 1796236ms] [ERROR] Failed to load resource: net::ERR_CONNECTION_REFUSED @ http://localhost:5173/:0
[ 1797240ms] [ERROR] Failed to load resource: net::ERR_CONNECTION_REFUSED @ http://localhost:5173/:0
[ 1798243ms] [ERROR] Failed to load resource: net::ERR_CONNECTION_REFUSED @ http://localhost:5173/:0
[ 1799247ms] [ERROR] Failed to load resource: net::ERR_CONNECTION_REFUSED @ http://localhost:5173/:0
[ 1800251ms] [ERROR] Failed to load resource: net::ERR_CONNECTION_REFUSED @ http://localhost:5173/:0
[ 1801255ms] [ERROR] Failed to load resource: net::ERR_CONNECTION_REFUSED @ http://localhost:5173/:0
[ 1802260ms] [ERROR] Failed to load resource: net::ERR_CONNECTION_REFUSED @ http://localhost:5173/:0
[ 1803264ms] [ERROR] Failed to load resource: net::ERR_CONNECTION_REFUSED @ http://localhost:5173/:0
[ 1804269ms] [ERROR] Failed to load resource: net::ERR_CONNECTION_REFUSED @ http://localhost:5173/:0
[ 1805273ms] [ERROR] Failed to load resource: net::ERR_CONNECTION_REFUSED @ http://localhost:5173/:0
[ 1806277ms] [ERROR] Failed to load resource: net::ERR_CONNECTION_REFUSED @ http://localhost:5173/:0
[ 1807281ms] [ERROR] Failed to load resource: net::ERR_CONNECTION_REFUSED @ http://localhost:5173/:0
[ 1808286ms] [ERROR] Failed to load resource: net::ERR_CONNECTION_REFUSED @ http://localhost:5173/:0
[ 1809288ms] [ERROR] Failed to load resource: net::ERR_CONNECTION_REFUSED @ http://localhost:5173/:0
[ 1810293ms] [ERROR] Failed to load resource: net::ERR_CONNECTION_REFUSED @ http://localhost:5173/:0
[ 1811296ms] [ERROR] Failed to load resource: net::ERR_CONNECTION_REFUSED @ http://localhost:5173/:0
[ 1812299ms] [ERROR] Failed to load resource: net::ERR_CONNECTION_REFUSED @ http://localhost:5173/:0
[ 1813304ms] [ERROR] Failed to load resource: net::ERR_CONNECTION_REFUSED @ http://localhost:5173/:0
[ 1814307ms] [ERROR] Failed to load resource: net::ERR_CONNECTION_REFUSED @ http://localhost:5173/:0
[ 1815311ms] [ERROR] Failed to load resource: net::ERR_CONNECTION_REFUSED @ http://localhost:5173/:0
[ 1816313ms] [ERROR] Failed to load resource: net::ERR_CONNECTION_REFUSED @ http://localhost:5173/:0
[ 1817317ms] [ERROR] Failed to load resource: net::ERR_CONNECTION_REFUSED @ http://localhost:5173/:0
[ 1818321ms] [ERROR] Failed to load resource: net::ERR_CONNECTION_REFUSED @ http://localhost:5173/:0
[ 1819324ms] [ERROR] Failed to load resource: net::ERR_CONNECTION_REFUSED @ http://localhost:5173/:0
[ 1820328ms] [ERROR] Failed to load resource: net::ERR_CONNECTION_REFUSED @ http://localhost:5173/:0
[ 1821332ms] [ERROR] Failed to load resource: net::ERR_CONNECTION_REFUSED @ http://localhost:5173/:0
[ 1822335ms] [ERROR] Failed to load resource: net::ERR_CONNECTION_REFUSED @ http://localhost:5173/:0
[ 1823338ms] [ERROR] Failed to load resource: net::ERR_CONNECTION_REFUSED @ http://localhost:5173/:0
[ 1824343ms] [ERROR] Failed to load resource: net::ERR_CONNECTION_REFUSED @ http://localhost:5173/:0
[ 1825346ms] [ERROR] Failed to load resource: net::ERR_CONNECTION_REFUSED @ http://localhost:5173/:0
[ 1826350ms] [ERROR] Failed to load resource: net::ERR_CONNECTION_REFUSED @ http://localhost:5173/:0
[ 1827353ms] [ERROR] Failed to load resource: net::ERR_CONNECTION_REFUSED @ http://localhost:5173/:0
[ 1828356ms] [ERROR] Failed to load resource: net::ERR_CONNECTION_REFUSED @ http://localhost:5173/:0
[ 1829360ms] [ERROR] Failed to load resource: net::ERR_CONNECTION_REFUSED @ http://localhost:5173/:0
[ 1830364ms] [ERROR] Failed to load resource: net::ERR_CONNECTION_REFUSED @ http://localhost:5173/:0
[ 1831368ms] [ERROR] Failed to load resource: net::ERR_CONNECTION_REFUSED @ http://localhost:5173/:0
[ 1832373ms] [ERROR] Failed to load resource: net::ERR_CONNECTION_REFUSED @ http://localhost:5173/:0
[ 1833376ms] [ERROR] Failed to load resource: net::ERR_CONNECTION_REFUSED @ http://localhost:5173/:0
[ 1834379ms] [ERROR] Failed to load resource: net::ERR_CONNECTION_REFUSED @ http://localhost:5173/:0
[ 1835382ms] [ERROR] Failed to load resource: net::ERR_CONNECTION_REFUSED @ http://localhost:5173/:0
[ 1836385ms] [ERROR] Failed to load resource: net::ERR_CONNECTION_REFUSED @ http://localhost:5173/:0
[ 1837387ms] [ERROR] Failed to load resource: net::ERR_CONNECTION_REFUSED @ http://localhost:5173/:0
[ 1838390ms] [ERROR] Failed to load resource: net::ERR_CONNECTION_REFUSED @ http://localhost:5173/:0
[ 1839395ms] [ERROR] Failed to load resource: net::ERR_CONNECTION_REFUSED @ http://localhost:5173/:0
[ 1840397ms] [ERROR] Failed to load resource: net::ERR_CONNECTION_REFUSED @ http://localhost:5173/:0
[ 1841400ms] [ERROR] Failed to load resource: net::ERR_CONNECTION_REFUSED @ http://localhost:5173/:0
[ 1842403ms] [ERROR] Failed to load resource: net::ERR_CONNECTION_REFUSED @ http://localhost:5173/:0
[ 1843406ms] [ERROR] Failed to load resource: net::ERR_CONNECTION_REFUSED @ http://localhost:5173/:0
[ 1844408ms] [ERROR] Failed to load resource: net::ERR_CONNECTION_REFUSED @ http://localhost:5173/:0
[ 1845413ms] [ERROR] Failed to load resource: net::ERR_CONNECTION_REFUSED @ http://localhost:5173/:0
[ 1846416ms] [ERROR] Failed to load resource: net::ERR_CONNECTION_REFUSED @ http://localhost:5173/:0
[ 1847419ms] [ERROR] Failed to load resource: net::ERR_CONNECTION_REFUSED @ http://localhost:5173/:0
[ 1848423ms] [ERROR] Failed to load resource: net::ERR_CONNECTION_REFUSED @ http://localhost:5173/:0
[ 1849426ms] [ERROR] Failed to load resource: net::ERR_CONNECTION_REFUSED @ http://localhost:5173/:0
[ 1850429ms] [ERROR] Failed to load resource: net::ERR_CONNECTION_REFUSED @ http://localhost:5173/:0
[ 1851431ms] [ERROR] Failed to load resource: net::ERR_CONNECTION_REFUSED @ http://localhost:5173/:0
[ 1852434ms] [ERROR] Failed to load resource: net::ERR_CONNECTION_REFUSED @ http://localhost:5173/:0
[ 1853437ms] [ERROR] Failed to load resource: net::ERR_CONNECTION_REFUSED @ http://localhost:5173/:0
[ 1854440ms] [ERROR] Failed to load resource: net::ERR_CONNECTION_REFUSED @ http://localhost:5173/:0
[ 1855443ms] [ERROR] Failed to load resource: net::ERR_CONNECTION_REFUSED @ http://localhost:5173/:0
[ 1856446ms] [ERROR] Failed to load resource: net::ERR_CONNECTION_REFUSED @ http://localhost:5173/:0
[ 1857450ms] [ERROR] Failed to load resource: net::ERR_CONNECTION_REFUSED @ http://localhost:5173/:0
[ 1858453ms] [ERROR] Failed to load resource: net::ERR_CONNECTION_REFUSED @ http://localhost:5173/:0
[ 1859456ms] [ERROR] Failed to load resource: net::ERR_CONNECTION_REFUSED @ http://localhost:5173/:0
[ 1860460ms] [ERROR] Failed to load resource: net::ERR_CONNECTION_REFUSED @ http://localhost:5173/:0
[ 1861464ms] [ERROR] Failed to load resource: net::ERR_CONNECTION_REFUSED @ http://localhost:5173/:0
[ 1862467ms] [ERROR] Failed to load resource: net::ERR_CONNECTION_REFUSED @ http://localhost:5173/:0
[ 1863470ms] [ERROR] Failed to load resource: net::ERR_CONNECTION_REFUSED @ http://localhost:5173/:0
[ 1864474ms] [ERROR] Failed to load resource: net::ERR_CONNECTION_REFUSED @ http://localhost:5173/:0
[ 1865477ms] [ERROR] Failed to load resource: net::ERR_CONNECTION_REFUSED @ http://localhost:5173/:0
[ 1866481ms] [ERROR] Failed to load resource: net::ERR_CONNECTION_REFUSED @ http://localhost:5173/:0
[ 1867483ms] [ERROR] Failed to load resource: net::ERR_CONNECTION_REFUSED @ http://localhost:5173/:0
[ 1868486ms] [ERROR] Failed to load resource: net::ERR_CONNECTION_REFUSED @ http://localhost:5173/:0
[ 1869488ms] [ERROR] Failed to load resource: net::ERR_CONNECTION_REFUSED @ http://localhost:5173/:0
[ 1870492ms] [ERROR] Failed to load resource: net::ERR_CONNECTION_REFUSED @ http://localhost:5173/:0
[ 1871494ms] [ERROR] Failed to load resource: net::ERR_CONNECTION_REFUSED @ http://localhost:5173/:0
[ 1872497ms] [ERROR] Failed to load resource: net::ERR_CONNECTION_REFUSED @ http://localhost:5173/:0
[ 1873500ms] [ERROR] Failed to load resource: net::ERR_CONNECTION_REFUSED @ http://localhost:5173/:0
[ 1874503ms] [ERROR] Failed to load resource: net::ERR_CONNECTION_REFUSED @ http://localhost:5173/:0
[ 1875508ms] [ERROR] Failed to load resource: net::ERR_CONNECTION_REFUSED @ http://localhost:5173/:0
[ 1876511ms] [ERROR] Failed to load resource: net::ERR_CONNECTION_REFUSED @ http://localhost:5173/:0
[ 1877514ms] [ERROR] Failed to load resource: net::ERR_CONNECTION_REFUSED @ http://localhost:5173/:0
[ 1878517ms] [ERROR] Failed to load resource: net::ERR_CONNECTION_REFUSED @ http://localhost:5173/:0
[ 1879520ms] [ERROR] Failed to load resource: net::ERR_CONNECTION_REFUSED @ http://localhost:5173/:0
[ 1880523ms] [ERROR] Failed to load resource: net::ERR_CONNECTION_REFUSED @ http://localhost:5173/:0
[ 1881526ms] [ERROR] Failed to load resource: net::ERR_CONNECTION_REFUSED @ http://localhost:5173/:0
[ 1882531ms] [ERROR] Failed to load resource: net::ERR_CONNECTION_REFUSED @ http://localhost:5173/:0
[ 1883533ms] [ERROR] Failed to load resource: net::ERR_CONNECTION_REFUSED @ http://localhost:5173/:0
[ 1884536ms] [ERROR] Failed to load resource: net::ERR_CONNECTION_REFUSED @ http://localhost:5173/:0
[ 1885539ms] [ERROR] Failed to load resource: net::ERR_CONNECTION_REFUSED @ http://localhost:5173/:0
[ 1886547ms] [ERROR] Failed to load resource: net::ERR_CONNECTION_REFUSED @ http://localhost:5173/:0
[ 1887551ms] [ERROR] Failed to load resource: net::ERR_CONNECTION_REFUSED @ http://localhost:5173/:0
[ 1888553ms] [ERROR] Failed to load resource: net::ERR_CONNECTION_REFUSED @ http://localhost:5173/:0
[ 1889557ms] [ERROR] Failed to load resource: net::ERR_CONNECTION_REFUSED @ http://localhost:5173/:0
[ 1890561ms] [ERROR] Failed to load resource: net::ERR_CONNECTION_REFUSED @ http://localhost:5173/:0
[ 1891563ms] [ERROR] Failed to load resource: net::ERR_CONNECTION_REFUSED @ http://localhost:5173/:0
[ 1892568ms] [ERROR] Failed to load resource: net::ERR_CONNECTION_REFUSED @ http://localhost:5173/:0
[ 1893570ms] [ERROR] Failed to load resource: net::ERR_CONNECTION_REFUSED @ http://localhost:5173/:0
[ 1894572ms] [ERROR] Failed to load resource: net::ERR_CONNECTION_REFUSED @ http://localhost:5173/:0
[ 1895576ms] [ERROR] Failed to load resource: net::ERR_CONNECTION_REFUSED @ http://localhost:5173/:0
[ 1896578ms] [ERROR] Failed to load resource: net::ERR_CONNECTION_REFUSED @ http://localhost:5173/:0
[ 1897581ms] [ERROR] Failed to load resource: net::ERR_CONNECTION_REFUSED @ http://localhost:5173/:0
[ 1898584ms] [ERROR] Failed to load resource: net::ERR_CONNECTION_REFUSED @ http://localhost:5173/:0
[ 1899587ms] [ERROR] Failed to load resource: net::ERR_CONNECTION_REFUSED @ http://localhost:5173/:0
[ 1900590ms] [ERROR] Failed to load resource: net::ERR_CONNECTION_REFUSED @ http://localhost:5173/:0
[ 1901593ms] [ERROR] Failed to load resource: net::ERR_CONNECTION_REFUSED @ http://localhost:5173/:0
[ 1902595ms] [ERROR] Failed to load resource: net::ERR_CONNECTION_REFUSED @ http://localhost:5173/:0
[ 1903598ms] [ERROR] Failed to load resource: net::ERR_CONNECTION_REFUSED @ http://localhost:5173/:0
[ 1904601ms] [ERROR] Failed to load resource: net::ERR_CONNECTION_REFUSED @ http://localhost:5173/:0
[ 1905604ms] [ERROR] Failed to load resource: net::ERR_CONNECTION_REFUSED @ http://localhost:5173/:0
[ 1906607ms] [ERROR] Failed to load resource: net::ERR_CONNECTION_REFUSED @ http://localhost:5173/:0
[ 1907609ms] [ERROR] Failed to load resource: net::ERR_CONNECTION_REFUSED @ http://localhost:5173/:0
[ 1908612ms] [ERROR] Failed to load resource: net::ERR_CONNECTION_REFUSED @ http://localhost:5173/:0
[ 1909615ms] [ERROR] Failed to load resource: net::ERR_CONNECTION_REFUSED @ http://localhost:5173/:0
[ 1910617ms] [ERROR] Failed to load resource: net::ERR_CONNECTION_REFUSED @ http://localhost:5173/:0
[ 1911620ms] [ERROR] Failed to load resource: net::ERR_CONNECTION_REFUSED @ http://localhost:5173/:0
[ 1912624ms] [ERROR] Failed to load resource: net::ERR_CONNECTION_REFUSED @ http://localhost:5173/:0
[ 1913627ms] [ERROR] Failed to load resource: net::ERR_CONNECTION_REFUSED @ http://localhost:5173/:0
[ 1914629ms] [ERROR] Failed to load resource: net::ERR_CONNECTION_REFUSED @ http://localhost:5173/:0
[ 1915633ms] [ERROR] Failed to load resource: net::ERR_CONNECTION_REFUSED @ http://localhost:5173/:0
[ 1916634ms] [ERROR] Failed to load resource: net::ERR_CONNECTION_REFUSED @ http://localhost:5173/:0
[ 1917640ms] [ERROR] Failed to load resource: net::ERR_CONNECTION_REFUSED @ http://localhost:5173/:0
[ 1918643ms] [ERROR] Failed to load resource: net::ERR_CONNECTION_REFUSED @ http://localhost:5173/:0
[ 1919647ms] [ERROR] Failed to load resource: net::ERR_CONNECTION_REFUSED @ http://localhost:5173/:0
[ 1920649ms] [ERROR] Failed to load resource: net::ERR_CONNECTION_REFUSED @ http://localhost:5173/:0
[ 1921652ms] [ERROR] Failed to load resource: net::ERR_CONNECTION_REFUSED @ http://localhost:5173/:0
[ 1922655ms] [ERROR] Failed to load resource: net::ERR_CONNECTION_REFUSED @ http://localhost:5173/:0
[ 1923658ms] [ERROR] Failed to load resource: net::ERR_CONNECTION_REFUSED @ http://localhost:5173/:0
[ 1924661ms] [ERROR] Failed to load resource: net::ERR_CONNECTION_REFUSED @ http://localhost:5173/:0
[ 1925664ms] [ERROR] Failed to load resource: net::ERR_CONNECTION_REFUSED @ http://localhost:5173/:0
[ 1926667ms] [ERROR] Failed to load resource: net::ERR_CONNECTION_REFUSED @ http://localhost:5173/:0
[ 1927670ms] [ERROR] Failed to load resource: net::ERR_CONNECTION_REFUSED @ http://localhost:5173/:0
[ 1928673ms] [ERROR] Failed to load resource: net::ERR_CONNECTION_REFUSED @ http://localhost:5173/:0
[ 1929676ms] [ERROR] Failed to load resource: net::ERR_CONNECTION_REFUSED @ http://localhost:5173/:0
[ 1930678ms] [ERROR] Failed to load resource: net::ERR_CONNECTION_REFUSED @ http://localhost:5173/:0
[ 1931682ms] [ERROR] Failed to load resource: net::ERR_CONNECTION_REFUSED @ http://localhost:5173/:0
[ 1932685ms] [ERROR] Failed to load resource: net::ERR_CONNECTION_REFUSED @ http://localhost:5173/:0
[ 1933688ms] [ERROR] Failed to load resource: net::ERR_CONNECTION_REFUSED @ http://localhost:5173/:0
[ 1934692ms] [ERROR] Failed to load resource: net::ERR_CONNECTION_REFUSED @ http://localhost:5173/:0
[ 1935695ms] [ERROR] Failed to load resource: net::ERR_CONNECTION_REFUSED @ http://localhost:5173/:0
[ 1936698ms] [ERROR] Failed to load resource: net::ERR_CONNECTION_REFUSED @ http://localhost:5173/:0
[ 1937700ms] [ERROR] Failed to load resource: net::ERR_CONNECTION_REFUSED @ http://localhost:5173/:0
[ 1938703ms] [ERROR] Failed to load resource: net::ERR_CONNECTION_REFUSED @ http://localhost:5173/:0
[ 1939705ms] [ERROR] Failed to load resource: net::ERR_CONNECTION_REFUSED @ http://localhost:5173/:0
[ 1940707ms] [ERROR] Failed to load resource: net::ERR_CONNECTION_REFUSED @ http://localhost:5173/:0
[ 1941709ms] [ERROR] Failed to load resource: net::ERR_CONNECTION_REFUSED @ http://localhost:5173/:0
[ 1942712ms] [ERROR] Failed to load resource: net::ERR_CONNECTION_REFUSED @ http://localhost:5173/:0
[ 1943713ms] [ERROR] Failed to load resource: net::ERR_CONNECTION_REFUSED @ http://localhost:5173/:0
[ 1944716ms] [ERROR] Failed to load resource: net::ERR_CONNECTION_REFUSED @ http://localhost:5173/:0
[ 1945717ms] [ERROR] Failed to load resource: net::ERR_CONNECTION_REFUSED @ http://localhost:5173/:0
[ 1946719ms] [ERROR] Failed to load resource: net::ERR_CONNECTION_REFUSED @ http://localhost:5173/:0
[ 1947722ms] [ERROR] Failed to load resource: net::ERR_CONNECTION_REFUSED @ http://localhost:5173/:0
[ 1948724ms] [ERROR] Failed to load resource: net::ERR_CONNECTION_REFUSED @ http://localhost:5173/:0
[ 1949726ms] [ERROR] Failed to load resource: net::ERR_CONNECTION_REFUSED @ http://localhost:5173/:0
[ 1950729ms] [ERROR] Failed to load resource: net::ERR_CONNECTION_REFUSED @ http://localhost:5173/:0
[ 1951731ms] [ERROR] Failed to load resource: net::ERR_CONNECTION_REFUSED @ http://localhost:5173/:0
[ 1952734ms] [ERROR] Failed to load resource: net::ERR_CONNECTION_REFUSED @ http://localhost:5173/:0
[ 1953737ms] [ERROR] Failed to load resource: net::ERR_CONNECTION_REFUSED @ http://localhost:5173/:0
[ 1954740ms] [ERROR] Failed to load resource: net::ERR_CONNECTION_REFUSED @ http://localhost:5173/:0
[ 1955743ms] [ERROR] Failed to load resource: net::ERR_CONNECTION_REFUSED @ http://localhost:5173/:0
[ 1956747ms] [ERROR] Failed to load resource: net::ERR_CONNECTION_REFUSED @ http://localhost:5173/:0
[ 1957750ms] [ERROR] Failed to load resource: net::ERR_CONNECTION_REFUSED @ http://localhost:5173/:0
[ 1958753ms] [ERROR] Failed to load resource: net::ERR_CONNECTION_REFUSED @ http://localhost:5173/:0
[ 1959756ms] [ERROR] Failed to load resource: net::ERR_CONNECTION_REFUSED @ http://localhost:5173/:0
[ 1960760ms] [ERROR] Failed to load resource: net::ERR_CONNECTION_REFUSED @ http://localhost:5173/:0
[ 1961764ms] [ERROR] Failed to load resource: net::ERR_CONNECTION_REFUSED @ http://localhost:5173/:0
[ 1962769ms] [ERROR] Failed to load resource: net::ERR_CONNECTION_REFUSED @ http://localhost:5173/:0
[ 1963773ms] [ERROR] Failed to load resource: net::ERR_CONNECTION_REFUSED @ http://localhost:5173/:0
[ 1964776ms] [ERROR] Failed to load resource: net::ERR_CONNECTION_REFUSED @ http://localhost:5173/:0
[ 1965780ms] [ERROR] Failed to load resource: net::ERR_CONNECTION_REFUSED @ http://localhost:5173/:0
[ 1966784ms] [ERROR] Failed to load resource: net::ERR_CONNECTION_REFUSED @ http://localhost:5173/:0
[ 1967787ms] [ERROR] Failed to load resource: net::ERR_CONNECTION_REFUSED @ http://localhost:5173/:0
[ 1968790ms] [ERROR] Failed to load resource: net::ERR_CONNECTION_REFUSED @ http://localhost:5173/:0
[ 1969794ms] [ERROR] Failed to load resource: net::ERR_CONNECTION_REFUSED @ http://localhost:5173/:0
[ 1970796ms] [ERROR] Failed to load resource: net::ERR_CONNECTION_REFUSED @ http://localhost:5173/:0
[ 1971800ms] [ERROR] Failed to load resource: net::ERR_CONNECTION_REFUSED @ http://localhost:5173/:0
[ 1972804ms] [ERROR] Failed to load resource: net::ERR_CONNECTION_REFUSED @ http://localhost:5173/:0
[ 1973808ms] [ERROR] Failed to load resource: net::ERR_CONNECTION_REFUSED @ http://localhost:5173/:0
[ 1974812ms] [ERROR] Failed to load resource: net::ERR_CONNECTION_REFUSED @ http://localhost:5173/:0
[ 1975815ms] [ERROR] Failed to load resource: net::ERR_CONNECTION_REFUSED @ http://localhost:5173/:0
[ 1976818ms] [ERROR] Failed to load resource: net::ERR_CONNECTION_REFUSED @ http://localhost:5173/:0
[ 1977822ms] [ERROR] Failed to load resource: net::ERR_CONNECTION_REFUSED @ http://localhost:5173/:0
[ 1978825ms] [ERROR] Failed to load resource: net::ERR_CONNECTION_REFUSED @ http://localhost:5173/:0
[ 1979828ms] [ERROR] Failed to load resource: net::ERR_CONNECTION_REFUSED @ http://localhost:5173/:0
[ 1980832ms] [ERROR] Failed to load resource: net::ERR_CONNECTION_REFUSED @ http://localhost:5173/:0
[ 1981836ms] [ERROR] Failed to load resource: net::ERR_CONNECTION_REFUSED @ http://localhost:5173/:0
[ 1982839ms] [ERROR] Failed to load resource: net::ERR_CONNECTION_REFUSED @ http://localhost:5173/:0
[ 1983843ms] [ERROR] Failed to load resource: net::ERR_CONNECTION_REFUSED @ http://localhost:5173/:0
[ 1984850ms] [ERROR] Failed to load resource: net::ERR_CONNECTION_REFUSED @ http://localhost:5173/:0
[ 1985856ms] [ERROR] Failed to load resource: net::ERR_CONNECTION_REFUSED @ http://localhost:5173/:0
[ 1986860ms] [ERROR] Failed to load resource: net::ERR_CONNECTION_REFUSED @ http://localhost:5173/:0
[ 1987864ms] [ERROR] Failed to load resource: net::ERR_CONNECTION_REFUSED @ http://localhost:5173/:0
[ 1988866ms] [ERROR] Failed to load resource: net::ERR_CONNECTION_REFUSED @ http://localhost:5173/:0
[ 1989869ms] [ERROR] Failed to load resource: net::ERR_CONNECTION_REFUSED @ http://localhost:5173/:0
[ 1990874ms] [ERROR] Failed to load resource: net::ERR_CONNECTION_REFUSED @ http://localhost:5173/:0
[ 1991879ms] [ERROR] Failed to load resource: net::ERR_CONNECTION_REFUSED @ http://localhost:5173/:0
[ 1992883ms] [ERROR] Failed to load resource: net::ERR_CONNECTION_REFUSED @ http://localhost:5173/:0
[ 1993888ms] [ERROR] Failed to load resource: net::ERR_CONNECTION_REFUSED @ http://localhost:5173/:0
[ 1994892ms] [ERROR] Failed to load resource: net::ERR_CONNECTION_REFUSED @ http://localhost:5173/:0
[ 1995895ms] [ERROR] Failed to load resource: net::ERR_CONNECTION_REFUSED @ http://localhost:5173/:0
[ 1996898ms] [ERROR] Failed to load resource: net::ERR_CONNECTION_REFUSED @ http://localhost:5173/:0
[ 1997901ms] [ERROR] Failed to load resource: net::ERR_CONNECTION_REFUSED @ http://localhost:5173/:0
[ 1998904ms] [ERROR] Failed to load resource: net::ERR_CONNECTION_REFUSED @ http://localhost:5173/:0
[ 1999906ms] [ERROR] Failed to load resource: net::ERR_CONNECTION_REFUSED @ http://localhost:5173/:0
[ 2000909ms] [ERROR] Failed to load resource: net::ERR_CONNECTION_REFUSED @ http://localhost:5173/:0
[ 2001913ms] [ERROR] Failed to load resource: net::ERR_CONNECTION_REFUSED @ http://localhost:5173/:0
[ 2002916ms] [ERROR] Failed to load resource: net::ERR_CONNECTION_REFUSED @ http://localhost:5173/:0
[ 2003919ms] [ERROR] Failed to load resource: net::ERR_CONNECTION_REFUSED @ http://localhost:5173/:0
[ 2004924ms] [ERROR] Failed to load resource: net::ERR_CONNECTION_REFUSED @ http://localhost:5173/:0
[ 2005927ms] [ERROR] Failed to load resource: net::ERR_CONNECTION_REFUSED @ http://localhost:5173/:0
[ 2006929ms] [ERROR] Failed to load resource: net::ERR_CONNECTION_REFUSED @ http://localhost:5173/:0
[ 2007931ms] [ERROR] Failed to load resource: net::ERR_CONNECTION_REFUSED @ http://localhost:5173/:0
[ 2008933ms] [ERROR] Failed to load resource: net::ERR_CONNECTION_REFUSED @ http://localhost:5173/:0
[ 2010825ms] [INFO] %cDownload the React DevTools for a better development experience: https://reactjs.org/link/react-devtools font-weight:bold @ http://localhost:5173/node_modules/.vite/deps/chunk-ZFBEYDM4.js?v=b5ab7bed:21550
