[     184ms] [INFO] %cDownload the React DevTools for a better development experience: https://reactjs.org/link/react-devtools font-weight:bold @ http://localhost:5173/node_modules/.vite/deps/chunk-ZFBEYDM4.js?v=b5ab7bed:21550
[  142089ms] [WARNING] Canvas2D: Multiple readback operations using getImageData are faster with the willReadFrequently attribute set to true. See: https://html.spec.whatwg.org/multipage/canvas.html#concept-canvas-will-read-frequently @ :4
[  346029ms] [ERROR] WebSocket connection to 'ws://localhost:5173/?token=w9AkpPXVrKhn' failed:  @ http://localhost:5173/@vite/client:535
[  346029ms] [LOG] [vite] server connection lost. Polling for restart... @ http://localhost:5173/@vite/client:559
[  347054ms] [ERROR] Failed to load resource: net::ERR_CONNECTION_REFUSED @ http://localhost:5173/:0
[  348056ms] [ERROR] Failed to load resource: net::ERR_CONNECTION_REFUSED @ http://localhost:5173/:0
[  349059ms] [ERROR] Failed to load resource: net::ERR_CONNECTION_REFUSED @ http://localhost:5173/:0
[  350061ms] [ERROR] Failed to load resource: net::ERR_CONNECTION_REFUSED @ http://localhost:5173/:0
[  351064ms] [ERROR] Failed to load resource: net::ERR_CONNECTION_REFUSED @ http://localhost:5173/:0
[  352067ms] [ERROR] Failed to load resource: net::ERR_CONNECTION_REFUSED @ http://localhost:5173/:0
[  353071ms] [ERROR] Failed to load resource: net::ERR_CONNECTION_REFUSED @ http://localhost:5173/:0
[  354074ms] [ERROR] Failed to load resource: net::ERR_CONNECTION_REFUSED @ http://localhost:5173/:0
[  355077ms] [ERROR] Failed to load resource: net::ERR_CONNECTION_REFUSED @ http://localhost:5173/:0
[  356080ms] [ERROR] Failed to load resource: net::ERR_CONNECTION_REFUSED @ http://localhost:5173/:0
[  357083ms] [ERROR] Failed to load resource: net::ERR_CONNECTION_REFUSED @ http://localhost:5173/:0
[  358086ms] [ERROR] Failed to load resource: net::ERR_CONNECTION_REFUSED @ http://localhost:5173/:0
[  359089ms] [ERROR] Failed to load resource: net::ERR_CONNECTION_REFUSED @ http://localhost:5173/:0
[  360092ms] [ERROR] Failed to load resource: net::ERR_CONNECTION_REFUSED @ http://localhost:5173/:0
[  361094ms] [ERROR] Failed to load resource: net::ERR_CONNECTION_REFUSED @ http://localhost:5173/:0
[  362096ms] [ERROR] Failed to load resource: net::ERR_CONNECTION_REFUSED @ http://localhost:5173/:0
[  363098ms] [ERROR] Failed to load resource: net::ERR_CONNECTION_REFUSED @ http://localhost:5173/:0
[  364101ms] [ERROR] Failed to load resource: net::ERR_CONNECTION_REFUSED @ http://localhost:5173/:0
[  365105ms] [ERROR] Failed to load resource: net::ERR_CONNECTION_REFUSED @ http://localhost:5173/:0
[  366108ms] [ERROR] Failed to load resource: net::ERR_CONNECTION_REFUSED @ http://localhost:5173/:0
[  367111ms] [ERROR] Failed to load resource: net::ERR_CONNECTION_REFUSED @ http://localhost:5173/:0
[  368115ms] [ERROR] Failed to load resource: net::ERR_CONNECTION_REFUSED @ http://localhost:5173/:0
[  369118ms] [ERROR] Failed to load resource: net::ERR_CONNECTION_REFUSED @ http://localhost:5173/:0
[  370121ms] [ERROR] Failed to load resource: net::ERR_CONNECTION_REFUSED @ http://localhost:5173/:0
[  371124ms] [ERROR] Failed to load resource: net::ERR_CONNECTION_REFUSED @ http://localhost:5173/:0
[  372127ms] [ERROR] Failed to load resource: net::ERR_CONNECTION_REFUSED @ http://localhost:5173/:0
[  373133ms] [ERROR] Failed to load resource: net::ERR_CONNECTION_REFUSED @ http://localhost:5173/:0
[  374136ms] [ERROR] Failed to load resource: net::ERR_CONNECTION_REFUSED @ http://localhost:5173/:0
[  375141ms] [ERROR] Failed to load resource: net::ERR_CONNECTION_REFUSED @ http://localhost:5173/:0
[  376145ms] [ERROR] Failed to load resource: net::ERR_CONNECTION_REFUSED @ http://localhost:5173/:0
[  377148ms] [ERROR] Failed to load resource: net::ERR_CONNECTION_REFUSED @ http://localhost:5173/:0
[  378150ms] [ERROR] Failed to load resource: net::ERR_CONNECTION_REFUSED @ http://localhost:5173/:0
[  379153ms] [ERROR] Failed to load resource: net::ERR_CONNECTION_REFUSED @ http://localhost:5173/:0
[  380157ms] [ERROR] Failed to load resource: net::ERR_CONNECTION_REFUSED @ http://localhost:5173/:0
[  381161ms] [ERROR] Failed to load resource: net::ERR_CONNECTION_REFUSED @ http://localhost:5173/:0
[  382165ms] [ERROR] Failed to load resource: net::ERR_CONNECTION_REFUSED @ http://localhost:5173/:0
[  383168ms] [ERROR] Failed to load resource: net::ERR_CONNECTION_REFUSED @ http://localhost:5173/:0
[  384171ms] [ERROR] Failed to load resource: net::ERR_CONNECTION_REFUSED @ http://localhost:5173/:0
[  385174ms] [ERROR] Failed to load resource: net::ERR_CONNECTION_REFUSED @ http://localhost:5173/:0
[  386179ms] [ERROR] Failed to load resource: net::ERR_CONNECTION_REFUSED @ http://localhost:5173/:0
[  387182ms] [ERROR] Failed to load resource: net::ERR_CONNECTION_REFUSED @ http://localhost:5173/:0
[  388186ms] [ERROR] Failed to load resource: net::ERR_CONNECTION_REFUSED @ http://localhost:5173/:0
[  389190ms] [ERROR] Failed to load resource: net::ERR_CONNECTION_REFUSED @ http://localhost:5173/:0
[  390193ms] [ERROR] Failed to load resource: net::ERR_CONNECTION_REFUSED @ http://localhost:5173/:0
[  391197ms] [ERROR] Failed to load resource: net::ERR_CONNECTION_REFUSED @ http://localhost:5173/:0
[  392200ms] [ERROR] Failed to load resource: net::ERR_CONNECTION_REFUSED @ http://localhost:5173/:0
[  393203ms] [ERROR] Failed to load resource: net::ERR_CONNECTION_REFUSED @ http://localhost:5173/:0
[  394207ms] [ERROR] Failed to load resource: net::ERR_CONNECTION_REFUSED @ http://localhost:5173/:0
[  395210ms] [ERROR] Failed to load resource: net::ERR_CONNECTION_REFUSED @ http://localhost:5173/:0
[  396213ms] [ERROR] Failed to load resource: net::ERR_CONNECTION_REFUSED @ http://localhost:5173/:0
[  397217ms] [ERROR] Failed to load resource: net::ERR_CONNECTION_REFUSED @ http://localhost:5173/:0
[  398220ms] [ERROR] Failed to load resource: net::ERR_CONNECTION_REFUSED @ http://localhost:5173/:0
[  399224ms] [ERROR] Failed to load resource: net::ERR_CONNECTION_REFUSED @ http://localhost:5173/:0
[  400227ms] [ERROR] Failed to load resource: net::ERR_CONNECTION_REFUSED @ http://localhost:5173/:0
[  401230ms] [ERROR] Failed to load resource: net::ERR_CONNECTION_REFUSED @ http://localhost:5173/:0
[  402237ms] [ERROR] Failed to load resource: net::ERR_CONNECTION_REFUSED @ http://localhost:5173/:0
[  403239ms] [ERROR] Failed to load resource: net::ERR_CONNECTION_REFUSED @ http://localhost:5173/:0
[  404244ms] [ERROR] Failed to load resource: net::ERR_CONNECTION_REFUSED @ http://localhost:5173/:0
[  405247ms] [ERROR] Failed to load resource: net::ERR_CONNECTION_REFUSED @ http://localhost:5173/:0
[  406250ms] [ERROR] Failed to load resource: net::ERR_CONNECTION_REFUSED @ http://localhost:5173/:0
[  407252ms] [ERROR] Failed to load resource: net::ERR_CONNECTION_REFUSED @ http://localhost:5173/:0
[  408256ms] [ERROR] Failed to load resource: net::ERR_CONNECTION_REFUSED @ http://localhost:5173/:0
[  409259ms] [ERROR] Failed to load resource: net::ERR_CONNECTION_REFUSED @ http://localhost:5173/:0
[  410263ms] [ERROR] Failed to load resource: net::ERR_CONNECTION_REFUSED @ http://localhost:5173/:0
[  411268ms] [ERROR] Failed to load resource: net::ERR_CONNECTION_REFUSED @ http://localhost:5173/:0
[  412270ms] [ERROR] Failed to load resource: net::ERR_CONNECTION_REFUSED @ http://localhost:5173/:0
[  413274ms] [ERROR] Failed to load resource: net::ERR_CONNECTION_REFUSED @ http://localhost:5173/:0
[  414277ms] [ERROR] Failed to load resource: net::ERR_CONNECTION_REFUSED @ http://localhost:5173/:0
[  415280ms] [ERROR] Failed to load resource: net::ERR_CONNECTION_REFUSED @ http://localhost:5173/:0
[  416282ms] [ERROR] Failed to load resource: net::ERR_CONNECTION_REFUSED @ http://localhost:5173/:0
[  417285ms] [ERROR] Failed to load resource: net::ERR_CONNECTION_REFUSED @ http://localhost:5173/:0
[  418289ms] [ERROR] Failed to load resource: net::ERR_CONNECTION_REFUSED @ http://localhost:5173/:0
[  419293ms] [ERROR] Failed to load resource: net::ERR_CONNECTION_REFUSED @ http://localhost:5173/:0
[  420296ms] [ERROR] Failed to load resource: net::ERR_CONNECTION_REFUSED @ http://localhost:5173/:0
[  421300ms] [ERROR] Failed to load resource: net::ERR_CONNECTION_REFUSED @ http://localhost:5173/:0
[  422304ms] [ERROR] Failed to load resource: net::ERR_CONNECTION_REFUSED @ http://localhost:5173/:0
[  423307ms] [ERROR] Failed to load resource: net::ERR_CONNECTION_REFUSED @ http://localhost:5173/:0
[  424314ms] [ERROR] Failed to load resource: net::ERR_CONNECTION_REFUSED @ http://localhost:5173/:0
[  425317ms] [ERROR] Failed to load resource: net::ERR_CONNECTION_REFUSED @ http://localhost:5173/:0
[  426319ms] [ERROR] Failed to load resource: net::ERR_CONNECTION_REFUSED @ http://localhost:5173/:0
[  427324ms] [ERROR] Failed to load resource: net::ERR_CONNECTION_REFUSED @ http://localhost:5173/:0
[  428327ms] [ERROR] Failed to load resource: net::ERR_CONNECTION_REFUSED @ http://localhost:5173/:0
[  429331ms] [ERROR] Failed to load resource: net::ERR_CONNECTION_REFUSED @ http://localhost:5173/:0
[  430334ms] [ERROR] Failed to load resource: net::ERR_CONNECTION_REFUSED @ http://localhost:5173/:0
[  431338ms] [ERROR] Failed to load resource: net::ERR_CONNECTION_REFUSED @ http://localhost:5173/:0
[  432342ms] [ERROR] Failed to load resource: net::ERR_CONNECTION_REFUSED @ http://localhost:5173/:0
[  433345ms] [ERROR] Failed to load resource: net::ERR_CONNECTION_REFUSED @ http://localhost:5173/:0
[  434350ms] [ERROR] Failed to load resource: net::ERR_CONNECTION_REFUSED @ http://localhost:5173/:0
[  435353ms] [ERROR] Failed to load resource: net::ERR_CONNECTION_REFUSED @ http://localhost:5173/:0
[  436356ms] [ERROR] Failed to load resource: net::ERR_CONNECTION_REFUSED @ http://localhost:5173/:0
[  437360ms] [ERROR] Failed to load resource: net::ERR_CONNECTION_REFUSED @ http://localhost:5173/:0
[  438364ms] [ERROR] Failed to load resource: net::ERR_CONNECTION_REFUSED @ http://localhost:5173/:0
[  439366ms] [ERROR] Failed to load resource: net::ERR_CONNECTION_REFUSED @ http://localhost:5173/:0
[  440369ms] [ERROR] Failed to load resource: net::ERR_CONNECTION_REFUSED @ http://localhost:5173/:0
[  441374ms] [ERROR] Failed to load resource: net::ERR_CONNECTION_REFUSED @ http://localhost:5173/:0
[  442377ms] [ERROR] Failed to load resource: net::ERR_CONNECTION_REFUSED @ http://localhost:5173/:0
[  443381ms] [ERROR] Failed to load resource: net::ERR_CONNECTION_REFUSED @ http://localhost:5173/:0
[  444384ms] [ERROR] Failed to load resource: net::ERR_CONNECTION_REFUSED @ http://localhost:5173/:0
[  445388ms] [ERROR] Failed to load resource: net::ERR_CONNECTION_REFUSED @ http://localhost:5173/:0
[  446390ms] [ERROR] Failed to load resource: net::ERR_CONNECTION_REFUSED @ http://localhost:5173/:0
[  447393ms] [ERROR] Failed to load resource: net::ERR_CONNECTION_REFUSED @ http://localhost:5173/:0
[  448397ms] [ERROR] Failed to load resource: net::ERR_CONNECTION_REFUSED @ http://localhost:5173/:0
[  449401ms] [ERROR] Failed to load resource: net::ERR_CONNECTION_REFUSED @ http://localhost:5173/:0
[  450404ms] [ERROR] Failed to load resource: net::ERR_CONNECTION_REFUSED @ http://localhost:5173/:0
[  451407ms] [ERROR] Failed to load resource: net::ERR_CONNECTION_REFUSED @ http://localhost:5173/:0
[  452410ms] [ERROR] Failed to load resource: net::ERR_CONNECTION_REFUSED @ http://localhost:5173/:0
[  453414ms] [ERROR] Failed to load resource: net::ERR_CONNECTION_REFUSED @ http://localhost:5173/:0
[  454418ms] [ERROR] Failed to load resource: net::ERR_CONNECTION_REFUSED @ http://localhost:5173/:0
[  455421ms] [ERROR] Failed to load resource: net::ERR_CONNECTION_REFUSED @ http://localhost:5173/:0
[  456424ms] [ERROR] Failed to load resource: net::ERR_CONNECTION_REFUSED @ http://localhost:5173/:0
[  457428ms] [ERROR] Failed to load resource: net::ERR_CONNECTION_REFUSED @ http://localhost:5173/:0
[  458431ms] [ERROR] Failed to load resource: net::ERR_CONNECTION_REFUSED @ http://localhost:5173/:0
[  459434ms] [ERROR] Failed to load resource: net::ERR_CONNECTION_REFUSED @ http://localhost:5173/:0
[  460437ms] [ERROR] Failed to load resource: net::ERR_CONNECTION_REFUSED @ http://localhost:5173/:0
[  461441ms] [ERROR] Failed to load resource: net::ERR_CONNECTION_REFUSED @ http://localhost:5173/:0
[  462443ms] [ERROR] Failed to load resource: net::ERR_CONNECTION_REFUSED @ http://localhost:5173/:0
[  463448ms] [ERROR] Failed to load resource: net::ERR_CONNECTION_REFUSED @ http://localhost:5173/:0
[  464451ms] [ERROR] Failed to load resource: net::ERR_CONNECTION_REFUSED @ http://localhost:5173/:0
[  465455ms] [ERROR] Failed to load resource: net::ERR_CONNECTION_REFUSED @ http://localhost:5173/:0
[  466458ms] [ERROR] Failed to load resource: net::ERR_CONNECTION_REFUSED @ http://localhost:5173/:0
[  467462ms] [ERROR] Failed to load resource: net::ERR_CONNECTION_REFUSED @ http://localhost:5173/:0
[  468464ms] [ERROR] Failed to load resource: net::ERR_CONNECTION_REFUSED @ http://localhost:5173/:0
[  469468ms] [ERROR] Failed to load resource: net::ERR_CONNECTION_REFUSED @ http://localhost:5173/:0
[  470472ms] [ERROR] Failed to load resource: net::ERR_CONNECTION_REFUSED @ http://localhost:5173/:0
[  471476ms] [ERROR] Failed to load resource: net::ERR_CONNECTION_REFUSED @ http://localhost:5173/:0
[  472481ms] [ERROR] Failed to load resource: net::ERR_CONNECTION_REFUSED @ http://localhost:5173/:0
[  473484ms] [ERROR] Failed to load resource: net::ERR_CONNECTION_REFUSED @ http://localhost:5173/:0
[  474491ms] [ERROR] Failed to load resource: net::ERR_CONNECTION_REFUSED @ http://localhost:5173/:0
[  475495ms] [ERROR] Failed to load resource: net::ERR_CONNECTION_REFUSED @ http://localhost:5173/:0
[  476498ms] [ERROR] Failed to load resource: net::ERR_CONNECTION_REFUSED @ http://localhost:5173/:0
[  477502ms] [ERROR] Failed to load resource: net::ERR_CONNECTION_REFUSED @ http://localhost:5173/:0
[  478506ms] [ERROR] Failed to load resource: net::ERR_CONNECTION_REFUSED @ http://localhost:5173/:0
[  479509ms] [ERROR] Failed to load resource: net::ERR_CONNECTION_REFUSED @ http://localhost:5173/:0
[  480513ms] [ERROR] Failed to load resource: net::ERR_CONNECTION_REFUSED @ http://localhost:5173/:0
[  481517ms] [ERROR] Failed to load resource: net::ERR_CONNECTION_REFUSED @ http://localhost:5173/:0
[  482520ms] [ERROR] Failed to load resource: net::ERR_CONNECTION_REFUSED @ http://localhost:5173/:0
[  483522ms] [ERROR] Failed to load resource: net::ERR_CONNECTION_REFUSED @ http://localhost:5173/:0
[  484526ms] [ERROR] Failed to load resource: net::ERR_CONNECTION_REFUSED @ http://localhost:5173/:0
[  485531ms] [ERROR] Failed to load resource: net::ERR_CONNECTION_REFUSED @ http://localhost:5173/:0
[  486534ms] [ERROR] Failed to load resource: net::ERR_CONNECTION_REFUSED @ http://localhost:5173/:0
[  487537ms] [ERROR] Failed to load resource: net::ERR_CONNECTION_REFUSED @ http://localhost:5173/:0
[  488540ms] [ERROR] Failed to load resource: net::ERR_CONNECTION_REFUSED @ http://localhost:5173/:0
[  489544ms] [ERROR] Failed to load resource: net::ERR_CONNECTION_REFUSED @ http://localhost:5173/:0
[  490548ms] [ERROR] Failed to load resource: net::ERR_CONNECTION_REFUSED @ http://localhost:5173/:0
[  491551ms] [ERROR] Failed to load resource: net::ERR_CONNECTION_REFUSED @ http://localhost:5173/:0
[  492556ms] [ERROR] Failed to load resource: net::ERR_CONNECTION_REFUSED @ http://localhost:5173/:0
[  493559ms] [ERROR] Failed to load resource: net::ERR_CONNECTION_REFUSED @ http://localhost:5173/:0
[  494563ms] [ERROR] Failed to load resource: net::ERR_CONNECTION_REFUSED @ http://localhost:5173/:0
[  495566ms] [ERROR] Failed to load resource: net::ERR_CONNECTION_REFUSED @ http://localhost:5173/:0
[  496569ms] [ERROR] Failed to load resource: net::ERR_CONNECTION_REFUSED @ http://localhost:5173/:0
[  497575ms] [ERROR] Failed to load resource: net::ERR_CONNECTION_REFUSED @ http://localhost:5173/:0
[  498578ms] [ERROR] Failed to load resource: net::ERR_CONNECTION_REFUSED @ http://localhost:5173/:0
[  499581ms] [ERROR] Failed to load resource: net::ERR_CONNECTION_REFUSED @ http://localhost:5173/:0
[  500585ms] [ERROR] Failed to load resource: net::ERR_CONNECTION_REFUSED @ http://localhost:5173/:0
[  501589ms] [ERROR] Failed to load resource: net::ERR_CONNECTION_REFUSED @ http://localhost:5173/:0
[  502593ms] [ERROR] Failed to load resource: net::ERR_CONNECTION_REFUSED @ http://localhost:5173/:0
[  503596ms] [ERROR] Failed to load resource: net::ERR_CONNECTION_REFUSED @ http://localhost:5173/:0
[  504599ms] [ERROR] Failed to load resource: net::ERR_CONNECTION_REFUSED @ http://localhost:5173/:0
[  505603ms] [ERROR] Failed to load resource: net::ERR_CONNECTION_REFUSED @ http://localhost:5173/:0
[  506608ms] [ERROR] Failed to load resource: net::ERR_CONNECTION_REFUSED @ http://localhost:5173/:0
[  507612ms] [ERROR] Failed to load resource: net::ERR_CONNECTION_REFUSED @ http://localhost:5173/:0
[  508615ms] [ERROR] Failed to load resource: net::ERR_CONNECTION_REFUSED @ http://localhost:5173/:0
[  509617ms] [ERROR] Failed to load resource: net::ERR_CONNECTION_REFUSED @ http://localhost:5173/:0
[  510623ms] [ERROR] Failed to load resource: net::ERR_CONNECTION_REFUSED @ http://localhost:5173/:0
[  511626ms] [ERROR] Failed to load resource: net::ERR_CONNECTION_REFUSED @ http://localhost:5173/:0
[  512631ms] [ERROR] Failed to load resource: net::ERR_CONNECTION_REFUSED @ http://localhost:5173/:0
[  513633ms] [ERROR] Failed to load resource: net::ERR_CONNECTION_REFUSED @ http://localhost:5173/:0
[  514637ms] [ERROR] Failed to load resource: net::ERR_CONNECTION_REFUSED @ http://localhost:5173/:0
[  515644ms] [ERROR] Failed to load resource: net::ERR_CONNECTION_REFUSED @ http://localhost:5173/:0
[  516646ms] [ERROR] Failed to load resource: net::ERR_CONNECTION_REFUSED @ http://localhost:5173/:0
[  517650ms] [ERROR] Failed to load resource: net::ERR_CONNECTION_REFUSED @ http://localhost:5173/:0
[  518654ms] [ERROR] Failed to load resource: net::ERR_CONNECTION_REFUSED @ http://localhost:5173/:0
[  519657ms] [ERROR] Failed to load resource: net::ERR_CONNECTION_REFUSED @ http://localhost:5173/:0
[  520660ms] [ERROR] Failed to load resource: net::ERR_CONNECTION_REFUSED @ http://localhost:5173/:0
[  521663ms] [ERROR] Failed to load resource: net::ERR_CONNECTION_REFUSED @ http://localhost:5173/:0
[  522667ms] [ERROR] Failed to load resource: net::ERR_CONNECTION_REFUSED @ http://localhost:5173/:0
[  523671ms] [ERROR] Failed to load resource: net::ERR_CONNECTION_REFUSED @ http://localhost:5173/:0
[  524673ms] [ERROR] Failed to load resource: net::ERR_CONNECTION_REFUSED @ http://localhost:5173/:0
[  525676ms] [ERROR] Failed to load resource: net::ERR_CONNECTION_REFUSED @ http://localhost:5173/:0
[  526679ms] [ERROR] Failed to load resource: net::ERR_CONNECTION_REFUSED @ http://localhost:5173/:0
[  527683ms] [ERROR] Failed to load resource: net::ERR_CONNECTION_REFUSED @ http://localhost:5173/:0
[  528686ms] [ERROR] Failed to load resource: net::ERR_CONNECTION_REFUSED @ http://localhost:5173/:0
[  529688ms] [ERROR] Failed to load resource: net::ERR_CONNECTION_REFUSED @ http://localhost:5173/:0
[  530692ms] [ERROR] Failed to load resource: net::ERR_CONNECTION_REFUSED @ http://localhost:5173/:0
[  531696ms] [ERROR] Failed to load resource: net::ERR_CONNECTION_REFUSED @ http://localhost:5173/:0
[  532699ms] [ERROR] Failed to load resource: net::ERR_CONNECTION_REFUSED @ http://localhost:5173/:0
[  533704ms] [ERROR] Failed to load resource: net::ERR_CONNECTION_REFUSED @ http://localhost:5173/:0
[  534712ms] [ERROR] Failed to load resource: net::ERR_CONNECTION_REFUSED @ http://localhost:5173/:0
[  535714ms] [ERROR] Failed to load resource: net::ERR_CONNECTION_REFUSED @ http://localhost:5173/:0
[  536717ms] [ERROR] Failed to load resource: net::ERR_CONNECTION_REFUSED @ http://localhost:5173/:0
[  537721ms] [ERROR] Failed to load resource: net::ERR_CONNECTION_REFUSED @ http://localhost:5173/:0
[  538724ms] [ERROR] Failed to load resource: net::ERR_CONNECTION_REFUSED @ http://localhost:5173/:0
[  539728ms] [ERROR] Failed to load resource: net::ERR_CONNECTION_REFUSED @ http://localhost:5173/:0
[  540730ms] [ERROR] Failed to load resource: net::ERR_CONNECTION_REFUSED @ http://localhost:5173/:0
[  541734ms] [ERROR] Failed to load resource: net::ERR_CONNECTION_REFUSED @ http://localhost:5173/:0
[  542738ms] [ERROR] Failed to load resource: net::ERR_CONNECTION_REFUSED @ http://localhost:5173/:0
[  543741ms] [ERROR] Failed to load resource: net::ERR_CONNECTION_REFUSED @ http://localhost:5173/:0
[  544745ms] [ERROR] Failed to load resource: net::ERR_CONNECTION_REFUSED @ http://localhost:5173/:0
[  545748ms] [ERROR] Failed to load resource: net::ERR_CONNECTION_REFUSED @ http://localhost:5173/:0
[  546750ms] [ERROR] Failed to load resource: net::ERR_CONNECTION_REFUSED @ http://localhost:5173/:0
[  547754ms] [ERROR] Failed to load resource: net::ERR_CONNECTION_REFUSED @ http://localhost:5173/:0
[  548758ms] [ERROR] Failed to load resource: net::ERR_CONNECTION_REFUSED @ http://localhost:5173/:0
[  549761ms] [ERROR] Failed to load resource: net::ERR_CONNECTION_REFUSED @ http://localhost:5173/:0
[  550764ms] [ERROR] Failed to load resource: net::ERR_CONNECTION_REFUSED @ http://localhost:5173/:0
[  551768ms] [ERROR] Failed to load resource: net::ERR_CONNECTION_REFUSED @ http://localhost:5173/:0
[  552772ms] [ERROR] Failed to load resource: net::ERR_CONNECTION_REFUSED @ http://localhost:5173/:0
[  553775ms] [ERROR] Failed to load resource: net::ERR_CONNECTION_REFUSED @ http://localhost:5173/:0
[  554777ms] [ERROR] Failed to load resource: net::ERR_CONNECTION_REFUSED @ http://localhost:5173/:0
[  555781ms] [ERROR] Failed to load resource: net::ERR_CONNECTION_REFUSED @ http://localhost:5173/:0
[  556786ms] [ERROR] Failed to load resource: net::ERR_CONNECTION_REFUSED @ http://localhost:5173/:0
[  557790ms] [ERROR] Failed to load resource: net::ERR_CONNECTION_REFUSED @ http://localhost:5173/:0
[  558793ms] [ERROR] Failed to load resource: net::ERR_CONNECTION_REFUSED @ http://localhost:5173/:0
[  559796ms] [ERROR] Failed to load resource: net::ERR_CONNECTION_REFUSED @ http://localhost:5173/:0
[  560799ms] [ERROR] Failed to load resource: net::ERR_CONNECTION_REFUSED @ http://localhost:5173/:0
[  561801ms] [ERROR] Failed to load resource: net::ERR_CONNECTION_REFUSED @ http://localhost:5173/:0
[  562805ms] [ERROR] Failed to load resource: net::ERR_CONNECTION_REFUSED @ http://localhost:5173/:0
[  563810ms] [ERROR] Failed to load resource: net::ERR_CONNECTION_REFUSED @ http://localhost:5173/:0
[  564812ms] [ERROR] Failed to load resource: net::ERR_CONNECTION_REFUSED @ http://localhost:5173/:0
[  565816ms] [ERROR] Failed to load resource: net::ERR_CONNECTION_REFUSED @ http://localhost:5173/:0
[  566819ms] [ERROR] Failed to load resource: net::ERR_CONNECTION_REFUSED @ http://localhost:5173/:0
[  567822ms] [ERROR] Failed to load resource: net::ERR_CONNECTION_REFUSED @ http://localhost:5173/:0
[  568826ms] [ERROR] Failed to load resource: net::ERR_CONNECTION_REFUSED @ http://localhost:5173/:0
[  569829ms] [ERROR] Failed to load resource: net::ERR_CONNECTION_REFUSED @ http://localhost:5173/:0
[  570833ms] [ERROR] Failed to load resource: net::ERR_CONNECTION_REFUSED @ http://localhost:5173/:0
[  571836ms] [ERROR] Failed to load resource: net::ERR_CONNECTION_REFUSED @ http://localhost:5173/:0
[  572840ms] [ERROR] Failed to load resource: net::ERR_CONNECTION_REFUSED @ http://localhost:5173/:0
[  573843ms] [ERROR] Failed to load resource: net::ERR_CONNECTION_REFUSED @ http://localhost:5173/:0
[  574846ms] [ERROR] Failed to load resource: net::ERR_CONNECTION_REFUSED @ http://localhost:5173/:0
[  575849ms] [ERROR] Failed to load resource: net::ERR_CONNECTION_REFUSED @ http://localhost:5173/:0
[  576852ms] [ERROR] Failed to load resource: net::ERR_CONNECTION_REFUSED @ http://localhost:5173/:0
[  577854ms] [ERROR] Failed to load resource: net::ERR_CONNECTION_REFUSED @ http://localhost:5173/:0
[  578858ms] [ERROR] Failed to load resource: net::ERR_CONNECTION_REFUSED @ http://localhost:5173/:0
[  579861ms] [ERROR] Failed to load resource: net::ERR_CONNECTION_REFUSED @ http://localhost:5173/:0
[  580864ms] [ERROR] Failed to load resource: net::ERR_CONNECTION_REFUSED @ http://localhost:5173/:0
[  581867ms] [ERROR] Failed to load resource: net::ERR_CONNECTION_REFUSED @ http://localhost:5173/:0
[  582871ms] [ERROR] Failed to load resource: net::ERR_CONNECTION_REFUSED @ http://localhost:5173/:0
[  583874ms] [ERROR] Failed to load resource: net::ERR_CONNECTION_REFUSED @ http://localhost:5173/:0
[  584877ms] [ERROR] Failed to load resource: net::ERR_CONNECTION_REFUSED @ http://localhost:5173/:0
[  585880ms] [ERROR] Failed to load resource: net::ERR_CONNECTION_REFUSED @ http://localhost:5173/:0
[  586882ms] [ERROR] Failed to load resource: net::ERR_CONNECTION_REFUSED @ http://localhost:5173/:0
[  587885ms] [ERROR] Failed to load resource: net::ERR_CONNECTION_REFUSED @ http://localhost:5173/:0
[  588887ms] [ERROR] Failed to load resource: net::ERR_CONNECTION_REFUSED @ http://localhost:5173/:0
[  589890ms] [ERROR] Failed to load resource: net::ERR_CONNECTION_REFUSED @ http://localhost:5173/:0
[  590893ms] [ERROR] Failed to load resource: net::ERR_CONNECTION_REFUSED @ http://localhost:5173/:0
[  591896ms] [ERROR] Failed to load resource: net::ERR_CONNECTION_REFUSED @ http://localhost:5173/:0
[  592898ms] [ERROR] Failed to load resource: net::ERR_CONNECTION_REFUSED @ http://localhost:5173/:0
[  593902ms] [ERROR] Failed to load resource: net::ERR_CONNECTION_REFUSED @ http://localhost:5173/:0
[  594904ms] [ERROR] Failed to load resource: net::ERR_CONNECTION_REFUSED @ http://localhost:5173/:0
[  595906ms] [ERROR] Failed to load resource: net::ERR_CONNECTION_REFUSED @ http://localhost:5173/:0
[  596909ms] [ERROR] Failed to load resource: net::ERR_CONNECTION_REFUSED @ http://localhost:5173/:0
[  597913ms] [ERROR] Failed to load resource: net::ERR_CONNECTION_REFUSED @ http://localhost:5173/:0
[  598915ms] [ERROR] Failed to load resource: net::ERR_CONNECTION_REFUSED @ http://localhost:5173/:0
[  599920ms] [ERROR] Failed to load resource: net::ERR_CONNECTION_REFUSED @ http://localhost:5173/:0
[  600922ms] [ERROR] Failed to load resource: net::ERR_CONNECTION_REFUSED @ http://localhost:5173/:0
[  601925ms] [ERROR] Failed to load resource: net::ERR_CONNECTION_REFUSED @ http://localhost:5173/:0
[  602928ms] [ERROR] Failed to load resource: net::ERR_CONNECTION_REFUSED @ http://localhost:5173/:0
[  603932ms] [ERROR] Failed to load resource: net::ERR_CONNECTION_REFUSED @ http://localhost:5173/:0
[  604935ms] [ERROR] Failed to load resource: net::ERR_CONNECTION_REFUSED @ http://localhost:5173/:0
[  605939ms] [ERROR] Failed to load resource: net::ERR_CONNECTION_REFUSED @ http://localhost:5173/:0
[  606943ms] [ERROR] Failed to load resource: net::ERR_CONNECTION_REFUSED @ http://localhost:5173/:0
[  607946ms] [ERROR] Failed to load resource: net::ERR_CONNECTION_REFUSED @ http://localhost:5173/:0
[  608950ms] [ERROR] Failed to load resource: net::ERR_CONNECTION_REFUSED @ http://localhost:5173/:0
[  609955ms] [ERROR] Failed to load resource: net::ERR_CONNECTION_REFUSED @ http://localhost:5173/:0
[  610958ms] [ERROR] Failed to load resource: net::ERR_CONNECTION_REFUSED @ http://localhost:5173/:0
[  611961ms] [ERROR] Failed to load resource: net::ERR_CONNECTION_REFUSED @ http://localhost:5173/:0
[  612964ms] [ERROR] Failed to load resource: net::ERR_CONNECTION_REFUSED @ http://localhost:5173/:0
[  613968ms] [ERROR] Failed to load resource: net::ERR_CONNECTION_REFUSED @ http://localhost:5173/:0
[  614972ms] [ERROR] Failed to load resource: net::ERR_CONNECTION_REFUSED @ http://localhost:5173/:0
[  615976ms] [ERROR] Failed to load resource: net::ERR_CONNECTION_REFUSED @ http://localhost:5173/:0
[  616979ms] [ERROR] Failed to load resource: net::ERR_CONNECTION_REFUSED @ http://localhost:5173/:0
[  617982ms] [ERROR] Failed to load resource: net::ERR_CONNECTION_REFUSED @ http://localhost:5173/:0
[  618985ms] [ERROR] Failed to load resource: net::ERR_CONNECTION_REFUSED @ http://localhost:5173/:0
[  619987ms] [ERROR] Failed to load resource: net::ERR_CONNECTION_REFUSED @ http://localhost:5173/:0
[  620991ms] [ERROR] Failed to load resource: net::ERR_CONNECTION_REFUSED @ http://localhost:5173/:0
[  621994ms] [ERROR] Failed to load resource: net::ERR_CONNECTION_REFUSED @ http://localhost:5173/:0
[  622998ms] [ERROR] Failed to load resource: net::ERR_CONNECTION_REFUSED @ http://localhost:5173/:0
[  624001ms] [ERROR] Failed to load resource: net::ERR_CONNECTION_REFUSED @ http://localhost:5173/:0
[  625005ms] [ERROR] Failed to load resource: net::ERR_CONNECTION_REFUSED @ http://localhost:5173/:0
[  626009ms] [ERROR] Failed to load resource: net::ERR_CONNECTION_REFUSED @ http://localhost:5173/:0
[  627013ms] [ERROR] Failed to load resource: net::ERR_CONNECTION_REFUSED @ http://localhost:5173/:0
[  628016ms] [ERROR] Failed to load resource: net::ERR_CONNECTION_REFUSED @ http://localhost:5173/:0
[  629020ms] [ERROR] Failed to load resource: net::ERR_CONNECTION_REFUSED @ http://localhost:5173/:0
[  630023ms] [ERROR] Failed to load resource: net::ERR_CONNECTION_REFUSED @ http://localhost:5173/:0
[  631027ms] [ERROR] Failed to load resource: net::ERR_CONNECTION_REFUSED @ http://localhost:5173/:0
[  632030ms] [ERROR] Failed to load resource: net::ERR_CONNECTION_REFUSED @ http://localhost:5173/:0
[  633034ms] [ERROR] Failed to load resource: net::ERR_CONNECTION_REFUSED @ http://localhost:5173/:0
[  634038ms] [ERROR] Failed to load resource: net::ERR_CONNECTION_REFUSED @ http://localhost:5173/:0
[  635042ms] [ERROR] Failed to load resource: net::ERR_CONNECTION_REFUSED @ http://localhost:5173/:0
[  636046ms] [ERROR] Failed to load resource: net::ERR_CONNECTION_REFUSED @ http://localhost:5173/:0
[  637050ms] [ERROR] Failed to load resource: net::ERR_CONNECTION_REFUSED @ http://localhost:5173/:0
[  638054ms] [ERROR] Failed to load resource: net::ERR_CONNECTION_REFUSED @ http://localhost:5173/:0
[  639058ms] [ERROR] Failed to load resource: net::ERR_CONNECTION_REFUSED @ http://localhost:5173/:0
[  640062ms] [ERROR] Failed to load resource: net::ERR_CONNECTION_REFUSED @ http://localhost:5173/:0
[  641067ms] [ERROR] Failed to load resource: net::ERR_CONNECTION_REFUSED @ http://localhost:5173/:0
[  642071ms] [ERROR] Failed to load resource: net::ERR_CONNECTION_REFUSED @ http://localhost:5173/:0
[  643075ms] [ERROR] Failed to load resource: net::ERR_CONNECTION_REFUSED @ http://localhost:5173/:0
[  644079ms] [ERROR] Failed to load resource: net::ERR_CONNECTION_REFUSED @ http://localhost:5173/:0
[  645083ms] [ERROR] Failed to load resource: net::ERR_CONNECTION_REFUSED @ http://localhost:5173/:0
[  646089ms] [ERROR] Failed to load resource: net::ERR_CONNECTION_REFUSED @ http://localhost:5173/:0
[  647093ms] [ERROR] Failed to load resource: net::ERR_CONNECTION_REFUSED @ http://localhost:5173/:0
[  648096ms] [ERROR] Failed to load resource: net::ERR_CONNECTION_REFUSED @ http://localhost:5173/:0
[  649099ms] [ERROR] Failed to load resource: net::ERR_CONNECTION_REFUSED @ http://localhost:5173/:0
[  650103ms] [ERROR] Failed to load resource: net::ERR_CONNECTION_REFUSED @ http://localhost:5173/:0
[  651107ms] [ERROR] Failed to load resource: net::ERR_CONNECTION_REFUSED @ http://localhost:5173/:0
[  652111ms] [ERROR] Failed to load resource: net::ERR_CONNECTION_REFUSED @ http://localhost:5173/:0
[  653114ms] [ERROR] Failed to load resource: net::ERR_CONNECTION_REFUSED @ http://localhost:5173/:0
[  654117ms] [ERROR] Failed to load resource: net::ERR_CONNECTION_REFUSED @ http://localhost:5173/:0
[  655121ms] [ERROR] Failed to load resource: net::ERR_CONNECTION_REFUSED @ http://localhost:5173/:0
[  656125ms] [ERROR] Failed to load resource: net::ERR_CONNECTION_REFUSED @ http://localhost:5173/:0
[  657129ms] [ERROR] Failed to load resource: net::ERR_CONNECTION_REFUSED @ http://localhost:5173/:0
[  658132ms] [ERROR] Failed to load resource: net::ERR_CONNECTION_REFUSED @ http://localhost:5173/:0
[  659136ms] [ERROR] Failed to load resource: net::ERR_CONNECTION_REFUSED @ http://localhost:5173/:0
[  660138ms] [ERROR] Failed to load resource: net::ERR_CONNECTION_REFUSED @ http://localhost:5173/:0
[  661141ms] [ERROR] Failed to load resource: net::ERR_CONNECTION_REFUSED @ http://localhost:5173/:0
[  662144ms] [ERROR] Failed to load resource: net::ERR_CONNECTION_REFUSED @ http://localhost:5173/:0
[  663148ms] [ERROR] Failed to load resource: net::ERR_CONNECTION_REFUSED @ http://localhost:5173/:0
[  664153ms] [ERROR] Failed to load resource: net::ERR_CONNECTION_REFUSED @ http://localhost:5173/:0
[  665157ms] [ERROR] Failed to load resource: net::ERR_CONNECTION_REFUSED @ http://localhost:5173/:0
[  666161ms] [ERROR] Failed to load resource: net::ERR_CONNECTION_REFUSED @ http://localhost:5173/:0
[  667165ms] [ERROR] Failed to load resource: net::ERR_CONNECTION_REFUSED @ http://localhost:5173/:0
[  668169ms] [ERROR] Failed to load resource: net::ERR_CONNECTION_REFUSED @ http://localhost:5173/:0
[  669172ms] [ERROR] Failed to load resource: net::ERR_CONNECTION_REFUSED @ http://localhost:5173/:0
[  670175ms] [ERROR] Failed to load resource: net::ERR_CONNECTION_REFUSED @ http://localhost:5173/:0
[  671179ms] [ERROR] Failed to load resource: net::ERR_CONNECTION_REFUSED @ http://localhost:5173/:0
[  672183ms] [ERROR] Failed to load resource: net::ERR_CONNECTION_REFUSED @ http://localhost:5173/:0
[  673187ms] [ERROR] Failed to load resource: net::ERR_CONNECTION_REFUSED @ http://localhost:5173/:0
[  674191ms] [ERROR] Failed to load resource: net::ERR_CONNECTION_REFUSED @ http://localhost:5173/:0
[  675195ms] [ERROR] Failed to load resource: net::ERR_CONNECTION_REFUSED @ http://localhost:5173/:0
[  676197ms] [ERROR] Failed to load resource: net::ERR_CONNECTION_REFUSED @ http://localhost:5173/:0
[  677199ms] [ERROR] Failed to load resource: net::ERR_CONNECTION_REFUSED @ http://localhost:5173/:0
[  678204ms] [ERROR] Failed to load resource: net::ERR_CONNECTION_REFUSED @ http://localhost:5173/:0
[  679207ms] [ERROR] Failed to load resource: net::ERR_CONNECTION_REFUSED @ http://localhost:5173/:0
[  680211ms] [ERROR] Failed to load resource: net::ERR_CONNECTION_REFUSED @ http://localhost:5173/:0
[  681213ms] [ERROR] Failed to load resource: net::ERR_CONNECTION_REFUSED @ http://localhost:5173/:0
[  682216ms] [ERROR] Failed to load resource: net::ERR_CONNECTION_REFUSED @ http://localhost:5173/:0
[  683221ms] [ERROR] Failed to load resource: net::ERR_CONNECTION_REFUSED @ http://localhost:5173/:0
[  684224ms] [ERROR] Failed to load resource: net::ERR_CONNECTION_REFUSED @ http://localhost:5173/:0
[  685229ms] [ERROR] Failed to load resource: net::ERR_CONNECTION_REFUSED @ http://localhost:5173/:0
[  686233ms] [ERROR] Failed to load resource: net::ERR_CONNECTION_REFUSED @ http://localhost:5173/:0
[  687237ms] [ERROR] Failed to load resource: net::ERR_CONNECTION_REFUSED @ http://localhost:5173/:0
[  688241ms] [ERROR] Failed to load resource: net::ERR_CONNECTION_REFUSED @ http://localhost:5173/:0
[  689244ms] [ERROR] Failed to load resource: net::ERR_CONNECTION_REFUSED @ http://localhost:5173/:0
[  690247ms] [ERROR] Failed to load resource: net::ERR_CONNECTION_REFUSED @ http://localhost:5173/:0
[  691251ms] [ERROR] Failed to load resource: net::ERR_CONNECTION_REFUSED @ http://localhost:5173/:0
[  692254ms] [ERROR] Failed to load resource: net::ERR_CONNECTION_REFUSED @ http://localhost:5173/:0
[  693258ms] [ERROR] Failed to load resource: net::ERR_CONNECTION_REFUSED @ http://localhost:5173/:0
[  694261ms] [ERROR] Failed to load resource: net::ERR_CONNECTION_REFUSED @ http://localhost:5173/:0
[  695265ms] [ERROR] Failed to load resource: net::ERR_CONNECTION_REFUSED @ http://localhost:5173/:0
[  696268ms] [ERROR] Failed to load resource: net::ERR_CONNECTION_REFUSED @ http://localhost:5173/:0
[  697272ms] [ERROR] Failed to load resource: net::ERR_CONNECTION_REFUSED @ http://localhost:5173/:0
[  698275ms] [ERROR] Failed to load resource: net::ERR_CONNECTION_REFUSED @ http://localhost:5173/:0
[  699278ms] [ERROR] Failed to load resource: net::ERR_CONNECTION_REFUSED @ http://localhost:5173/:0
[  700282ms] [ERROR] Failed to load resource: net::ERR_CONNECTION_REFUSED @ http://localhost:5173/:0
[  701285ms] [ERROR] Failed to load resource: net::ERR_CONNECTION_REFUSED @ http://localhost:5173/:0
[  702289ms] [ERROR] Failed to load resource: net::ERR_CONNECTION_REFUSED @ http://localhost:5173/:0
[  703292ms] [ERROR] Failed to load resource: net::ERR_CONNECTION_REFUSED @ http://localhost:5173/:0
[  704296ms] [ERROR] Failed to load resource: net::ERR_CONNECTION_REFUSED @ http://localhost:5173/:0
[  705299ms] [ERROR] Failed to load resource: net::ERR_CONNECTION_REFUSED @ http://localhost:5173/:0
[  706304ms] [ERROR] Failed to load resource: net::ERR_CONNECTION_REFUSED @ http://localhost:5173/:0
[  707308ms] [ERROR] Failed to load resource: net::ERR_CONNECTION_REFUSED @ http://localhost:5173/:0
[  708312ms] [ERROR] Failed to load resource: net::ERR_CONNECTION_REFUSED @ http://localhost:5173/:0
[  709316ms] [ERROR] Failed to load resource: net::ERR_CONNECTION_REFUSED @ http://localhost:5173/:0
[  710319ms] [ERROR] Failed to load resource: net::ERR_CONNECTION_REFUSED @ http://localhost:5173/:0
[  711323ms] [ERROR] Failed to load resource: net::ERR_CONNECTION_REFUSED @ http://localhost:5173/:0
[  712326ms] [ERROR] Failed to load resource: net::ERR_CONNECTION_REFUSED @ http://localhost:5173/:0
[  713329ms] [ERROR] Failed to load resource: net::ERR_CONNECTION_REFUSED @ http://localhost:5173/:0
[  714332ms] [ERROR] Failed to load resource: net::ERR_CONNECTION_REFUSED @ http://localhost:5173/:0
[  715336ms] [ERROR] Failed to load resource: net::ERR_CONNECTION_REFUSED @ http://localhost:5173/:0
[  716340ms] [ERROR] Failed to load resource: net::ERR_CONNECTION_REFUSED @ http://localhost:5173/:0
[  717343ms] [ERROR] Failed to load resource: net::ERR_CONNECTION_REFUSED @ http://localhost:5173/:0
[  718347ms] [ERROR] Failed to load resource: net::ERR_CONNECTION_REFUSED @ http://localhost:5173/:0
[  719350ms] [ERROR] Failed to load resource: net::ERR_CONNECTION_REFUSED @ http://localhost:5173/:0
[  720354ms] [ERROR] Failed to load resource: net::ERR_CONNECTION_REFUSED @ http://localhost:5173/:0
[  721357ms] [ERROR] Failed to load resource: net::ERR_CONNECTION_REFUSED @ http://localhost:5173/:0
[  722361ms] [ERROR] Failed to load resource: net::ERR_CONNECTION_REFUSED @ http://localhost:5173/:0
[  723364ms] [ERROR] Failed to load resource: net::ERR_CONNECTION_REFUSED @ http://localhost:5173/:0
[  724368ms] [ERROR] Failed to load resource: net::ERR_CONNECTION_REFUSED @ http://localhost:5173/:0
[  725372ms] [ERROR] Failed to load resource: net::ERR_CONNECTION_REFUSED @ http://localhost:5173/:0
[  726376ms] [ERROR] Failed to load resource: net::ERR_CONNECTION_REFUSED @ http://localhost:5173/:0
[  727381ms] [ERROR] Failed to load resource: net::ERR_CONNECTION_REFUSED @ http://localhost:5173/:0
[  728384ms] [ERROR] Failed to load resource: net::ERR_CONNECTION_REFUSED @ http://localhost:5173/:0
[  729388ms] [ERROR] Failed to load resource: net::ERR_CONNECTION_REFUSED @ http://localhost:5173/:0
[  730391ms] [ERROR] Failed to load resource: net::ERR_CONNECTION_REFUSED @ http://localhost:5173/:0
[  731395ms] [ERROR] Failed to load resource: net::ERR_CONNECTION_REFUSED @ http://localhost:5173/:0
[  732399ms] [ERROR] Failed to load resource: net::ERR_CONNECTION_REFUSED @ http://localhost:5173/:0
[  733403ms] [ERROR] Failed to load resource: net::ERR_CONNECTION_REFUSED @ http://localhost:5173/:0
[  734406ms] [ERROR] Failed to load resource: net::ERR_CONNECTION_REFUSED @ http://localhost:5173/:0
[  735410ms] [ERROR] Failed to load resource: net::ERR_CONNECTION_REFUSED @ http://localhost:5173/:0
[  736413ms] [ERROR] Failed to load resource: net::ERR_CONNECTION_REFUSED @ http://localhost:5173/:0
[  737416ms] [ERROR] Failed to load resource: net::ERR_CONNECTION_REFUSED @ http://localhost:5173/:0
[  738421ms] [ERROR] Failed to load resource: net::ERR_CONNECTION_REFUSED @ http://localhost:5173/:0
[  739424ms] [ERROR] Failed to load resource: net::ERR_CONNECTION_REFUSED @ http://localhost:5173/:0
[  740429ms] [ERROR] Failed to load resource: net::ERR_CONNECTION_REFUSED @ http://localhost:5173/:0
[  741432ms] [ERROR] Failed to load resource: net::ERR_CONNECTION_REFUSED @ http://localhost:5173/:0
[  742436ms] [ERROR] Failed to load resource: net::ERR_CONNECTION_REFUSED @ http://localhost:5173/:0
[  743440ms] [ERROR] Failed to load resource: net::ERR_CONNECTION_REFUSED @ http://localhost:5173/:0
[  744442ms] [ERROR] Failed to load resource: net::ERR_CONNECTION_REFUSED @ http://localhost:5173/:0
[  745445ms] [ERROR] Failed to load resource: net::ERR_CONNECTION_REFUSED @ http://localhost:5173/:0
[  746448ms] [ERROR] Failed to load resource: net::ERR_CONNECTION_REFUSED @ http://localhost:5173/:0
[  747452ms] [ERROR] Failed to load resource: net::ERR_CONNECTION_REFUSED @ http://localhost:5173/:0
[  748455ms] [ERROR] Failed to load resource: net::ERR_CONNECTION_REFUSED @ http://localhost:5173/:0
[  749460ms] [ERROR] Failed to load resource: net::ERR_CONNECTION_REFUSED @ http://localhost:5173/:0
[  750463ms] [ERROR] Failed to load resource: net::ERR_CONNECTION_REFUSED @ http://localhost:5173/:0
[  751466ms] [ERROR] Failed to load resource: net::ERR_CONNECTION_REFUSED @ http://localhost:5173/:0
[  752469ms] [ERROR] Failed to load resource: net::ERR_CONNECTION_REFUSED @ http://localhost:5173/:0
[  753472ms] [ERROR] Failed to load resource: net::ERR_CONNECTION_REFUSED @ http://localhost:5173/:0
[  754474ms] [ERROR] Failed to load resource: net::ERR_CONNECTION_REFUSED @ http://localhost:5173/:0
[  755478ms] [ERROR] Failed to load resource: net::ERR_CONNECTION_REFUSED @ http://localhost:5173/:0
[  756482ms] [ERROR] Failed to load resource: net::ERR_CONNECTION_REFUSED @ http://localhost:5173/:0
[  757485ms] [ERROR] Failed to load resource: net::ERR_CONNECTION_REFUSED @ http://localhost:5173/:0
[  758488ms] [ERROR] Failed to load resource: net::ERR_CONNECTION_REFUSED @ http://localhost:5173/:0
[  759492ms] [ERROR] Failed to load resource: net::ERR_CONNECTION_REFUSED @ http://localhost:5173/:0
[  760495ms] [ERROR] Failed to load resource: net::ERR_CONNECTION_REFUSED @ http://localhost:5173/:0
[  761499ms] [ERROR] Failed to load resource: net::ERR_CONNECTION_REFUSED @ http://localhost:5173/:0
[  762502ms] [ERROR] Failed to load resource: net::ERR_CONNECTION_REFUSED @ http://localhost:5173/:0
[  763505ms] [ERROR] Failed to load resource: net::ERR_CONNECTION_REFUSED @ http://localhost:5173/:0
[  764509ms] [ERROR] Failed to load resource: net::ERR_CONNECTION_REFUSED @ http://localhost:5173/:0
[  765512ms] [ERROR] Failed to load resource: net::ERR_CONNECTION_REFUSED @ http://localhost:5173/:0
[  766517ms] [ERROR] Failed to load resource: net::ERR_CONNECTION_REFUSED @ http://localhost:5173/:0
[  767521ms] [ERROR] Failed to load resource: net::ERR_CONNECTION_REFUSED @ http://localhost:5173/:0
[  768524ms] [ERROR] Failed to load resource: net::ERR_CONNECTION_REFUSED @ http://localhost:5173/:0
[  769529ms] [ERROR] Failed to load resource: net::ERR_CONNECTION_REFUSED @ http://localhost:5173/:0
[  770532ms] [ERROR] Failed to load resource: net::ERR_CONNECTION_REFUSED @ http://localhost:5173/:0
[  771535ms] [ERROR] Failed to load resource: net::ERR_CONNECTION_REFUSED @ http://localhost:5173/:0
[  772538ms] [ERROR] Failed to load resource: net::ERR_CONNECTION_REFUSED @ http://localhost:5173/:0
[  773541ms] [ERROR] Failed to load resource: net::ERR_CONNECTION_REFUSED @ http://localhost:5173/:0
[  774545ms] [ERROR] Failed to load resource: net::ERR_CONNECTION_REFUSED @ http://localhost:5173/:0
[  775550ms] [ERROR] Failed to load resource: net::ERR_CONNECTION_REFUSED @ http://localhost:5173/:0
[  776552ms] [ERROR] Failed to load resource: net::ERR_CONNECTION_REFUSED @ http://localhost:5173/:0
[  777555ms] [ERROR] Failed to load resource: net::ERR_CONNECTION_REFUSED @ http://localhost:5173/:0
[  778559ms] [ERROR] Failed to load resource: net::ERR_CONNECTION_REFUSED @ http://localhost:5173/:0
[  779563ms] [ERROR] Failed to load resource: net::ERR_CONNECTION_REFUSED @ http://localhost:5173/:0
[  780566ms] [ERROR] Failed to load resource: net::ERR_CONNECTION_REFUSED @ http://localhost:5173/:0
[  781570ms] [ERROR] Failed to load resource: net::ERR_CONNECTION_REFUSED @ http://localhost:5173/:0
[  782573ms] [ERROR] Failed to load resource: net::ERR_CONNECTION_REFUSED @ http://localhost:5173/:0
[  783576ms] [ERROR] Failed to load resource: net::ERR_CONNECTION_REFUSED @ http://localhost:5173/:0
[  784580ms] [ERROR] Failed to load resource: net::ERR_CONNECTION_REFUSED @ http://localhost:5173/:0
[  785583ms] [ERROR] Failed to load resource: net::ERR_CONNECTION_REFUSED @ http://localhost:5173/:0
[  786586ms] [ERROR] Failed to load resource: net::ERR_CONNECTION_REFUSED @ http://localhost:5173/:0
[  787593ms] [ERROR] Failed to load resource: net::ERR_CONNECTION_REFUSED @ http://localhost:5173/:0
[  788596ms] [ERROR] Failed to load resource: net::ERR_CONNECTION_REFUSED @ http://localhost:5173/:0
[  789599ms] [ERROR] Failed to load resource: net::ERR_CONNECTION_REFUSED @ http://localhost:5173/:0
[  790602ms] [ERROR] Failed to load resource: net::ERR_CONNECTION_REFUSED @ http://localhost:5173/:0
[  791605ms] [ERROR] Failed to load resource: net::ERR_CONNECTION_REFUSED @ http://localhost:5173/:0
[  792610ms] [ERROR] Failed to load resource: net::ERR_CONNECTION_REFUSED @ http://localhost:5173/:0
[  793613ms] [ERROR] Failed to load resource: net::ERR_CONNECTION_REFUSED @ http://localhost:5173/:0
[  794617ms] [ERROR] Failed to load resource: net::ERR_CONNECTION_REFUSED @ http://localhost:5173/:0
[  795621ms] [ERROR] Failed to load resource: net::ERR_CONNECTION_REFUSED @ http://localhost:5173/:0
[  796625ms] [ERROR] Failed to load resource: net::ERR_CONNECTION_REFUSED @ http://localhost:5173/:0
[  797628ms] [ERROR] Failed to load resource: net::ERR_CONNECTION_REFUSED @ http://localhost:5173/:0
[  798631ms] [ERROR] Failed to load resource: net::ERR_CONNECTION_REFUSED @ http://localhost:5173/:0
[  799634ms] [ERROR] Failed to load resource: net::ERR_CONNECTION_REFUSED @ http://localhost:5173/:0
[  800637ms] [ERROR] Failed to load resource: net::ERR_CONNECTION_REFUSED @ http://localhost:5173/:0
[  801641ms] [ERROR] Failed to load resource: net::ERR_CONNECTION_REFUSED @ http://localhost:5173/:0
[  802645ms] [ERROR] Failed to load resource: net::ERR_CONNECTION_REFUSED @ http://localhost:5173/:0
[  803650ms] [ERROR] Failed to load resource: net::ERR_CONNECTION_REFUSED @ http://localhost:5173/:0
[  804652ms] [ERROR] Failed to load resource: net::ERR_CONNECTION_REFUSED @ http://localhost:5173/:0
[  805654ms] [ERROR] Failed to load resource: net::ERR_CONNECTION_REFUSED @ http://localhost:5173/:0
[  806657ms] [ERROR] Failed to load resource: net::ERR_CONNECTION_REFUSED @ http://localhost:5173/:0
[  807661ms] [ERROR] Failed to load resource: net::ERR_CONNECTION_REFUSED @ http://localhost:5173/:0
[  808664ms] [ERROR] Failed to load resource: net::ERR_CONNECTION_REFUSED @ http://localhost:5173/:0
[  809668ms] [ERROR] Failed to load resource: net::ERR_CONNECTION_REFUSED @ http://localhost:5173/:0
[  810672ms] [ERROR] Failed to load resource: net::ERR_CONNECTION_REFUSED @ http://localhost:5173/:0
[  811675ms] [ERROR] Failed to load resource: net::ERR_CONNECTION_REFUSED @ http://localhost:5173/:0
[  812679ms] [ERROR] Failed to load resource: net::ERR_CONNECTION_REFUSED @ http://localhost:5173/:0
[  813681ms] [ERROR] Failed to load resource: net::ERR_CONNECTION_REFUSED @ http://localhost:5173/:0
[  814685ms] [ERROR] Failed to load resource: net::ERR_CONNECTION_REFUSED @ http://localhost:5173/:0
[  815689ms] [ERROR] Failed to load resource: net::ERR_CONNECTION_REFUSED @ http://localhost:5173/:0
[  816691ms] [ERROR] Failed to load resource: net::ERR_CONNECTION_REFUSED @ http://localhost:5173/:0
[  817695ms] [ERROR] Failed to load resource: net::ERR_CONNECTION_REFUSED @ http://localhost:5173/:0
[  818699ms] [ERROR] Failed to load resource: net::ERR_CONNECTION_REFUSED @ http://localhost:5173/:0
[  819700ms] [ERROR] Failed to load resource: net::ERR_CONNECTION_REFUSED @ http://localhost:5173/:0
[  820705ms] [ERROR] Failed to load resource: net::ERR_CONNECTION_REFUSED @ http://localhost:5173/:0
[  821709ms] [ERROR] Failed to load resource: net::ERR_CONNECTION_REFUSED @ http://localhost:5173/:0
[  822711ms] [ERROR] Failed to load resource: net::ERR_CONNECTION_REFUSED @ http://localhost:5173/:0
[  823714ms] [ERROR] Failed to load resource: net::ERR_CONNECTION_REFUSED @ http://localhost:5173/:0
[  824717ms] [ERROR] Failed to load resource: net::ERR_CONNECTION_REFUSED @ http://localhost:5173/:0
[  825721ms] [ERROR] Failed to load resource: net::ERR_CONNECTION_REFUSED @ http://localhost:5173/:0
[  826726ms] [ERROR] Failed to load resource: net::ERR_CONNECTION_REFUSED @ http://localhost:5173/:0
[  827729ms] [ERROR] Failed to load resource: net::ERR_CONNECTION_REFUSED @ http://localhost:5173/:0
[  828735ms] [ERROR] Failed to load resource: net::ERR_CONNECTION_REFUSED @ http://localhost:5173/:0
[  829738ms] [ERROR] Failed to load resource: net::ERR_CONNECTION_REFUSED @ http://localhost:5173/:0
[  830743ms] [ERROR] Failed to load resource: net::ERR_CONNECTION_REFUSED @ http://localhost:5173/:0
[  831746ms] [ERROR] Failed to load resource: net::ERR_CONNECTION_REFUSED @ http://localhost:5173/:0
[  832750ms] [ERROR] Failed to load resource: net::ERR_CONNECTION_REFUSED @ http://localhost:5173/:0
[  833754ms] [ERROR] Failed to load resource: net::ERR_CONNECTION_REFUSED @ http://localhost:5173/:0
[  834758ms] [ERROR] Failed to load resource: net::ERR_CONNECTION_REFUSED @ http://localhost:5173/:0
[  835760ms] [ERROR] Failed to load resource: net::ERR_CONNECTION_REFUSED @ http://localhost:5173/:0
[  836763ms] [ERROR] Failed to load resource: net::ERR_CONNECTION_REFUSED @ http://localhost:5173/:0
[  837766ms] [ERROR] Failed to load resource: net::ERR_CONNECTION_REFUSED @ http://localhost:5173/:0
[  838769ms] [ERROR] Failed to load resource: net::ERR_CONNECTION_REFUSED @ http://localhost:5173/:0
[  839772ms] [ERROR] Failed to load resource: net::ERR_CONNECTION_REFUSED @ http://localhost:5173/:0
[  840776ms] [ERROR] Failed to load resource: net::ERR_CONNECTION_REFUSED @ http://localhost:5173/:0
[  841779ms] [ERROR] Failed to load resource: net::ERR_CONNECTION_REFUSED @ http://localhost:5173/:0
[  842783ms] [ERROR] Failed to load resource: net::ERR_CONNECTION_REFUSED @ http://localhost:5173/:0
[  843786ms] [ERROR] Failed to load resource: net::ERR_CONNECTION_REFUSED @ http://localhost:5173/:0
[  844789ms] [ERROR] Failed to load resource: net::ERR_CONNECTION_REFUSED @ http://localhost:5173/:0
[  845793ms] [ERROR] Failed to load resource: net::ERR_CONNECTION_REFUSED @ http://localhost:5173/:0
[  846796ms] [ERROR] Failed to load resource: net::ERR_CONNECTION_REFUSED @ http://localhost:5173/:0
[  847800ms] [ERROR] Failed to load resource: net::ERR_CONNECTION_REFUSED @ http://localhost:5173/:0
[  848803ms] [ERROR] Failed to load resource: net::ERR_CONNECTION_REFUSED @ http://localhost:5173/:0
[  849806ms] [ERROR] Failed to load resource: net::ERR_CONNECTION_REFUSED @ http://localhost:5173/:0
[  850811ms] [ERROR] Failed to load resource: net::ERR_CONNECTION_REFUSED @ http://localhost:5173/:0
[  851815ms] [ERROR] Failed to load resource: net::ERR_CONNECTION_REFUSED @ http://localhost:5173/:0
[  852819ms] [ERROR] Failed to load resource: net::ERR_CONNECTION_REFUSED @ http://localhost:5173/:0
[  853823ms] [ERROR] Failed to load resource: net::ERR_CONNECTION_REFUSED @ http://localhost:5173/:0
[  854828ms] [ERROR] Failed to load resource: net::ERR_CONNECTION_REFUSED @ http://localhost:5173/:0
[  855830ms] [ERROR] Failed to load resource: net::ERR_CONNECTION_REFUSED @ http://localhost:5173/:0
[  856833ms] [ERROR] Failed to load resource: net::ERR_CONNECTION_REFUSED @ http://localhost:5173/:0
[  857836ms] [ERROR] Failed to load resource: net::ERR_CONNECTION_REFUSED @ http://localhost:5173/:0
[  858840ms] [ERROR] Failed to load resource: net::ERR_CONNECTION_REFUSED @ http://localhost:5173/:0
[  859844ms] [ERROR] Failed to load resource: net::ERR_CONNECTION_REFUSED @ http://localhost:5173/:0
[  860847ms] [ERROR] Failed to load resource: net::ERR_CONNECTION_REFUSED @ http://localhost:5173/:0
[  861851ms] [ERROR] Failed to load resource: net::ERR_CONNECTION_REFUSED @ http://localhost:5173/:0
[  862854ms] [ERROR] Failed to load resource: net::ERR_CONNECTION_REFUSED @ http://localhost:5173/:0
[  863858ms] [ERROR] Failed to load resource: net::ERR_CONNECTION_REFUSED @ http://localhost:5173/:0
[  864860ms] [ERROR] Failed to load resource: net::ERR_CONNECTION_REFUSED @ http://localhost:5173/:0
[  865863ms] [ERROR] Failed to load resource: net::ERR_CONNECTION_REFUSED @ http://localhost:5173/:0
[  866867ms] [ERROR] Failed to load resource: net::ERR_CONNECTION_REFUSED @ http://localhost:5173/:0
[  867871ms] [ERROR] Failed to load resource: net::ERR_CONNECTION_REFUSED @ http://localhost:5173/:0
[  868874ms] [ERROR] Failed to load resource: net::ERR_CONNECTION_REFUSED @ http://localhost:5173/:0
[  869876ms] [ERROR] Failed to load resource: net::ERR_CONNECTION_REFUSED @ http://localhost:5173/:0
[  870879ms] [ERROR] Failed to load resource: net::ERR_CONNECTION_REFUSED @ http://localhost:5173/:0
[  871882ms] [ERROR] Failed to load resource: net::ERR_CONNECTION_REFUSED @ http://localhost:5173/:0
[  872885ms] [ERROR] Failed to load resource: net::ERR_CONNECTION_REFUSED @ http://localhost:5173/:0
[  873889ms] [ERROR] Failed to load resource: net::ERR_CONNECTION_REFUSED @ http://localhost:5173/:0
[  874891ms] [ERROR] Failed to load resource: net::ERR_CONNECTION_REFUSED @ http://localhost:5173/:0
[  875895ms] [ERROR] Failed to load resource: net::ERR_CONNECTION_REFUSED @ http://localhost:5173/:0
[  876898ms] [ERROR] Failed to load resource: net::ERR_CONNECTION_REFUSED @ http://localhost:5173/:0
[  877901ms] [ERROR] Failed to load resource: net::ERR_CONNECTION_REFUSED @ http://localhost:5173/:0
[  878903ms] [ERROR] Failed to load resource: net::ERR_CONNECTION_REFUSED @ http://localhost:5173/:0
[  879906ms] [ERROR] Failed to load resource: net::ERR_CONNECTION_REFUSED @ http://localhost:5173/:0
[  880913ms] [ERROR] Failed to load resource: net::ERR_CONNECTION_REFUSED @ http://localhost:5173/:0
[  881916ms] [ERROR] Failed to load resource: net::ERR_CONNECTION_REFUSED @ http://localhost:5173/:0
[  882919ms] [ERROR] Failed to load resource: net::ERR_CONNECTION_REFUSED @ http://localhost:5173/:0
[  883923ms] [ERROR] Failed to load resource: net::ERR_CONNECTION_REFUSED @ http://localhost:5173/:0
[  884927ms] [ERROR] Failed to load resource: net::ERR_CONNECTION_REFUSED @ http://localhost:5173/:0
[  885931ms] [ERROR] Failed to load resource: net::ERR_CONNECTION_REFUSED @ http://localhost:5173/:0
[  886935ms] [ERROR] Failed to load resource: net::ERR_CONNECTION_REFUSED @ http://localhost:5173/:0
[  887939ms] [ERROR] Failed to load resource: net::ERR_CONNECTION_REFUSED @ http://localhost:5173/:0
[  888942ms] [ERROR] Failed to load resource: net::ERR_CONNECTION_REFUSED @ http://localhost:5173/:0
[  889945ms] [ERROR] Failed to load resource: net::ERR_CONNECTION_REFUSED @ http://localhost:5173/:0
[  890949ms] [ERROR] Failed to load resource: net::ERR_CONNECTION_REFUSED @ http://localhost:5173/:0
[  891952ms] [ERROR] Failed to load resource: net::ERR_CONNECTION_REFUSED @ http://localhost:5173/:0
[  892956ms] [ERROR] Failed to load resource: net::ERR_CONNECTION_REFUSED @ http://localhost:5173/:0
[  893958ms] [ERROR] Failed to load resource: net::ERR_CONNECTION_REFUSED @ http://localhost:5173/:0
[  894962ms] [ERROR] Failed to load resource: net::ERR_CONNECTION_REFUSED @ http://localhost:5173/:0
[  895966ms] [ERROR] Failed to load resource: net::ERR_CONNECTION_REFUSED @ http://localhost:5173/:0
[  896969ms] [ERROR] Failed to load resource: net::ERR_CONNECTION_REFUSED @ http://localhost:5173/:0
[  897972ms] [ERROR] Failed to load resource: net::ERR_CONNECTION_REFUSED @ http://localhost:5173/:0
[  898977ms] [ERROR] Failed to load resource: net::ERR_CONNECTION_REFUSED @ http://localhost:5173/:0
[  899981ms] [ERROR] Failed to load resource: net::ERR_CONNECTION_REFUSED @ http://localhost:5173/:0
[  900986ms] [ERROR] Failed to load resource: net::ERR_CONNECTION_REFUSED @ http://localhost:5173/:0
[  901989ms] [ERROR] Failed to load resource: net::ERR_CONNECTION_REFUSED @ http://localhost:5173/:0
[  902993ms] [ERROR] Failed to load resource: net::ERR_CONNECTION_REFUSED @ http://localhost:5173/:0
[  903996ms] [ERROR] Failed to load resource: net::ERR_CONNECTION_REFUSED @ http://localhost:5173/:0
[  905000ms] [ERROR] Failed to load resource: net::ERR_CONNECTION_REFUSED @ http://localhost:5173/:0
[  906003ms] [ERROR] Failed to load resource: net::ERR_CONNECTION_REFUSED @ http://localhost:5173/:0
[  907007ms] [ERROR] Failed to load resource: net::ERR_CONNECTION_REFUSED @ http://localhost:5173/:0
[  908009ms] [ERROR] Failed to load resource: net::ERR_CONNECTION_REFUSED @ http://localhost:5173/:0
[  909012ms] [ERROR] Failed to load resource: net::ERR_CONNECTION_REFUSED @ http://localhost:5173/:0
[  910015ms] [ERROR] Failed to load resource: net::ERR_CONNECTION_REFUSED @ http://localhost:5173/:0
[  911018ms] [ERROR] Failed to load resource: net::ERR_CONNECTION_REFUSED @ http://localhost:5173/:0
[  912021ms] [ERROR] Failed to load resource: net::ERR_CONNECTION_REFUSED @ http://localhost:5173/:0
[  913025ms] [ERROR] Failed to load resource: net::ERR_CONNECTION_REFUSED @ http://localhost:5173/:0
[  914028ms] [ERROR] Failed to load resource: net::ERR_CONNECTION_REFUSED @ http://localhost:5173/:0
[  915032ms] [ERROR] Failed to load resource: net::ERR_CONNECTION_REFUSED @ http://localhost:5173/:0
[  916035ms] [ERROR] Failed to load resource: net::ERR_CONNECTION_REFUSED @ http://localhost:5173/:0
[  917039ms] [ERROR] Failed to load resource: net::ERR_CONNECTION_REFUSED @ http://localhost:5173/:0
[  918043ms] [ERROR] Failed to load resource: net::ERR_CONNECTION_REFUSED @ http://localhost:5173/:0
[  919046ms] [ERROR] Failed to load resource: net::ERR_CONNECTION_REFUSED @ http://localhost:5173/:0
[  920049ms] [ERROR] Failed to load resource: net::ERR_CONNECTION_REFUSED @ http://localhost:5173/:0
[  921052ms] [ERROR] Failed to load resource: net::ERR_CONNECTION_REFUSED @ http://localhost:5173/:0
[  922056ms] [ERROR] Failed to load resource: net::ERR_CONNECTION_REFUSED @ http://localhost:5173/:0
[  923061ms] [ERROR] Failed to load resource: net::ERR_CONNECTION_REFUSED @ http://localhost:5173/:0
[  924064ms] [ERROR] Failed to load resource: net::ERR_CONNECTION_REFUSED @ http://localhost:5173/:0
[  925066ms] [ERROR] Failed to load resource: net::ERR_CONNECTION_REFUSED @ http://localhost:5173/:0
[  926070ms] [ERROR] Failed to load resource: net::ERR_CONNECTION_REFUSED @ http://localhost:5173/:0
[  927073ms] [ERROR] Failed to load resource: net::ERR_CONNECTION_REFUSED @ http://localhost:5173/:0
[  928077ms] [ERROR] Failed to load resource: net::ERR_CONNECTION_REFUSED @ http://localhost:5173/:0
[  929080ms] [ERROR] Failed to load resource: net::ERR_CONNECTION_REFUSED @ http://localhost:5173/:0
[  930083ms] [ERROR] Failed to load resource: net::ERR_CONNECTION_REFUSED @ http://localhost:5173/:0
[  931085ms] [ERROR] Failed to load resource: net::ERR_CONNECTION_REFUSED @ http://localhost:5173/:0
[  932089ms] [ERROR] Failed to load resource: net::ERR_CONNECTION_REFUSED @ http://localhost:5173/:0
[  933092ms] [ERROR] Failed to load resource: net::ERR_CONNECTION_REFUSED @ http://localhost:5173/:0
[  934095ms] [ERROR] Failed to load resource: net::ERR_CONNECTION_REFUSED @ http://localhost:5173/:0
[  935098ms] [ERROR] Failed to load resource: net::ERR_CONNECTION_REFUSED @ http://localhost:5173/:0
[  936102ms] [ERROR] Failed to load resource: net::ERR_CONNECTION_REFUSED @ http://localhost:5173/:0
[  937107ms] [ERROR] Failed to load resource: net::ERR_CONNECTION_REFUSED @ http://localhost:5173/:0
[  938110ms] [ERROR] Failed to load resource: net::ERR_CONNECTION_REFUSED @ http://localhost:5173/:0
[  939113ms] [ERROR] Failed to load resource: net::ERR_CONNECTION_REFUSED @ http://localhost:5173/:0
[  940116ms] [ERROR] Failed to load resource: net::ERR_CONNECTION_REFUSED @ http://localhost:5173/:0
[  941120ms] [ERROR] Failed to load resource: net::ERR_CONNECTION_REFUSED @ http://localhost:5173/:0
[  942123ms] [ERROR] Failed to load resource: net::ERR_CONNECTION_REFUSED @ http://localhost:5173/:0
[  943127ms] [ERROR] Failed to load resource: net::ERR_CONNECTION_REFUSED @ http://localhost:5173/:0
[  944133ms] [ERROR] Failed to load resource: net::ERR_CONNECTION_REFUSED @ http://localhost:5173/:0
[  945135ms] [ERROR] Failed to load resource: net::ERR_CONNECTION_REFUSED @ http://localhost:5173/:0
[  946138ms] [ERROR] Failed to load resource: net::ERR_CONNECTION_REFUSED @ http://localhost:5173/:0
[  947141ms] [ERROR] Failed to load resource: net::ERR_CONNECTION_REFUSED @ http://localhost:5173/:0
[  948145ms] [ERROR] Failed to load resource: net::ERR_CONNECTION_REFUSED @ http://localhost:5173/:0
[  949150ms] [ERROR] Failed to load resource: net::ERR_CONNECTION_REFUSED @ http://localhost:5173/:0
[  950153ms] [ERROR] Failed to load resource: net::ERR_CONNECTION_REFUSED @ http://localhost:5173/:0
[  951156ms] [ERROR] Failed to load resource: net::ERR_CONNECTION_REFUSED @ http://localhost:5173/:0
[  952160ms] [ERROR] Failed to load resource: net::ERR_CONNECTION_REFUSED @ http://localhost:5173/:0
[  953162ms] [ERROR] Failed to load resource: net::ERR_CONNECTION_REFUSED @ http://localhost:5173/:0
[  954165ms] [ERROR] Failed to load resource: net::ERR_CONNECTION_REFUSED @ http://localhost:5173/:0
[  955167ms] [ERROR] Failed to load resource: net::ERR_CONNECTION_REFUSED @ http://localhost:5173/:0
[  956171ms] [ERROR] Failed to load resource: net::ERR_CONNECTION_REFUSED @ http://localhost:5173/:0
[  957174ms] [ERROR] Failed to load resource: net::ERR_CONNECTION_REFUSED @ http://localhost:5173/:0
[  958178ms] [ERROR] Failed to load resource: net::ERR_CONNECTION_REFUSED @ http://localhost:5173/:0
[  959183ms] [ERROR] Failed to load resource: net::ERR_CONNECTION_REFUSED @ http://localhost:5173/:0
[  960187ms] [ERROR] Failed to load resource: net::ERR_CONNECTION_REFUSED @ http://localhost:5173/:0
[  961190ms] [ERROR] Failed to load resource: net::ERR_CONNECTION_REFUSED @ http://localhost:5173/:0
[  962193ms] [ERROR] Failed to load resource: net::ERR_CONNECTION_REFUSED @ http://localhost:5173/:0
[  963197ms] [ERROR] Failed to load resource: net::ERR_CONNECTION_REFUSED @ http://localhost:5173/:0
[  964202ms] [ERROR] Failed to load resource: net::ERR_CONNECTION_REFUSED @ http://localhost:5173/:0
[  965205ms] [ERROR] Failed to load resource: net::ERR_CONNECTION_REFUSED @ http://localhost:5173/:0
[  966209ms] [ERROR] Failed to load resource: net::ERR_CONNECTION_REFUSED @ http://localhost:5173/:0
[  967213ms] [ERROR] Failed to load resource: net::ERR_CONNECTION_REFUSED @ http://localhost:5173/:0
[  968216ms] [ERROR] Failed to load resource: net::ERR_CONNECTION_REFUSED @ http://localhost:5173/:0
[  969218ms] [ERROR] Failed to load resource: net::ERR_CONNECTION_REFUSED @ http://localhost:5173/:0
[  970221ms] [ERROR] Failed to load resource: net::ERR_CONNECTION_REFUSED @ http://localhost:5173/:0
[  971225ms] [ERROR] Failed to load resource: net::ERR_CONNECTION_REFUSED @ http://localhost:5173/:0
[  972228ms] [ERROR] Failed to load resource: net::ERR_CONNECTION_REFUSED @ http://localhost:5173/:0
[  973232ms] [ERROR] Failed to load resource: net::ERR_CONNECTION_REFUSED @ http://localhost:5173/:0
[  974235ms] [ERROR] Failed to load resource: net::ERR_CONNECTION_REFUSED @ http://localhost:5173/:0
[  975239ms] [ERROR] Failed to load resource: net::ERR_CONNECTION_REFUSED @ http://localhost:5173/:0
[  976244ms] [ERROR] Failed to load resource: net::ERR_CONNECTION_REFUSED @ http://localhost:5173/:0
[  977248ms] [ERROR] Failed to load resource: net::ERR_CONNECTION_REFUSED @ http://localhost:5173/:0
[  978251ms] [ERROR] Failed to load resource: net::ERR_CONNECTION_REFUSED @ http://localhost:5173/:0
[  979254ms] [ERROR] Failed to load resource: net::ERR_CONNECTION_REFUSED @ http://localhost:5173/:0
[  980258ms] [ERROR] Failed to load resource: net::ERR_CONNECTION_REFUSED @ http://localhost:5173/:0
[  981262ms] [ERROR] Failed to load resource: net::ERR_CONNECTION_REFUSED @ http://localhost:5173/:0
[  982266ms] [ERROR] Failed to load resource: net::ERR_CONNECTION_REFUSED @ http://localhost:5173/:0
[  983269ms] [ERROR] Failed to load resource: net::ERR_CONNECTION_REFUSED @ http://localhost:5173/:0
[  984272ms] [ERROR] Failed to load resource: net::ERR_CONNECTION_REFUSED @ http://localhost:5173/:0
[  985277ms] [ERROR] Failed to load resource: net::ERR_CONNECTION_REFUSED @ http://localhost:5173/:0
[  986281ms] [ERROR] Failed to load resource: net::ERR_CONNECTION_REFUSED @ http://localhost:5173/:0
[  987285ms] [ERROR] Failed to load resource: net::ERR_CONNECTION_REFUSED @ http://localhost:5173/:0
[  988289ms] [ERROR] Failed to load resource: net::ERR_CONNECTION_REFUSED @ http://localhost:5173/:0
[  989293ms] [ERROR] Failed to load resource: net::ERR_CONNECTION_REFUSED @ http://localhost:5173/:0
[  990297ms] [ERROR] Failed to load resource: net::ERR_CONNECTION_REFUSED @ http://localhost:5173/:0
[  991301ms] [ERROR] Failed to load resource: net::ERR_CONNECTION_REFUSED @ http://localhost:5173/:0
[  992304ms] [ERROR] Failed to load resource: net::ERR_CONNECTION_REFUSED @ http://localhost:5173/:0
[  993308ms] [ERROR] Failed to load resource: net::ERR_CONNECTION_REFUSED @ http://localhost:5173/:0
[  994311ms] [ERROR] Failed to load resource: net::ERR_CONNECTION_REFUSED @ http://localhost:5173/:0
[  995315ms] [ERROR] Failed to load resource: net::ERR_CONNECTION_REFUSED @ http://localhost:5173/:0
[  996318ms] [ERROR] Failed to load resource: net::ERR_CONNECTION_REFUSED @ http://localhost:5173/:0
[  997321ms] [ERROR] Failed to load resource: net::ERR_CONNECTION_REFUSED @ http://localhost:5173/:0
[  998325ms] [ERROR] Failed to load resource: net::ERR_CONNECTION_REFUSED @ http://localhost:5173/:0
[  999329ms] [ERROR] Failed to load resource: net::ERR_CONNECTION_REFUSED @ http://localhost:5173/:0
[ 1000333ms] [ERROR] Failed to load resource: net::ERR_CONNECTION_REFUSED @ http://localhost:5173/:0
[ 1001335ms] [ERROR] Failed to load resource: net::ERR_CONNECTION_REFUSED @ http://localhost:5173/:0
[ 1002339ms] [ERROR] Failed to load resource: net::ERR_CONNECTION_REFUSED @ http://localhost:5173/:0
[ 1003342ms] [ERROR] Failed to load resource: net::ERR_CONNECTION_REFUSED @ http://localhost:5173/:0
[ 1004345ms] [ERROR] Failed to load resource: net::ERR_CONNECTION_REFUSED @ http://localhost:5173/:0
[ 1005349ms] [ERROR] Failed to load resource: net::ERR_CONNECTION_REFUSED @ http://localhost:5173/:0
[ 1006351ms] [ERROR] Failed to load resource: net::ERR_CONNECTION_REFUSED @ http://localhost:5173/:0
[ 1007356ms] [ERROR] Failed to load resource: net::ERR_CONNECTION_REFUSED @ http://localhost:5173/:0
[ 1008360ms] [ERROR] Failed to load resource: net::ERR_CONNECTION_REFUSED @ http://localhost:5173/:0
[ 1009364ms] [ERROR] Failed to load resource: net::ERR_CONNECTION_REFUSED @ http://localhost:5173/:0
[ 1010367ms] [ERROR] Failed to load resource: net::ERR_CONNECTION_REFUSED @ http://localhost:5173/:0
[ 1011370ms] [ERROR] Failed to load resource: net::ERR_CONNECTION_REFUSED @ http://localhost:5173/:0
[ 1012375ms] [ERROR] Failed to load resource: net::ERR_CONNECTION_REFUSED @ http://localhost:5173/:0
[ 1013378ms] [ERROR] Failed to load resource: net::ERR_CONNECTION_REFUSED @ http://localhost:5173/:0
[ 1014382ms] [ERROR] Failed to load resource: net::ERR_CONNECTION_REFUSED @ http://localhost:5173/:0
[ 1015385ms] [ERROR] Failed to load resource: net::ERR_CONNECTION_REFUSED @ http://localhost:5173/:0
[ 1016387ms] [ERROR] Failed to load resource: net::ERR_CONNECTION_REFUSED @ http://localhost:5173/:0
[ 1017391ms] [ERROR] Failed to load resource: net::ERR_CONNECTION_REFUSED @ http://localhost:5173/:0
[ 1018394ms] [ERROR] Failed to load resource: net::ERR_CONNECTION_REFUSED @ http://localhost:5173/:0
[ 1019398ms] [ERROR] Failed to load resource: net::ERR_CONNECTION_REFUSED @ http://localhost:5173/:0
[ 1020400ms] [ERROR] Failed to load resource: net::ERR_CONNECTION_REFUSED @ http://localhost:5173/:0
[ 1021404ms] [ERROR] Failed to load resource: net::ERR_CONNECTION_REFUSED @ http://localhost:5173/:0
[ 1022408ms] [ERROR] Failed to load resource: net::ERR_CONNECTION_REFUSED @ http://localhost:5173/:0
[ 1023410ms] [ERROR] Failed to load resource: net::ERR_CONNECTION_REFUSED @ http://localhost:5173/:0
[ 1024415ms] [ERROR] Failed to load resource: net::ERR_CONNECTION_REFUSED @ http://localhost:5173/:0
[ 1025418ms] [ERROR] Failed to load resource: net::ERR_CONNECTION_REFUSED @ http://localhost:5173/:0
[ 1026421ms] [ERROR] Failed to load resource: net::ERR_CONNECTION_REFUSED @ http://localhost:5173/:0
[ 1027425ms] [ERROR] Failed to load resource: net::ERR_CONNECTION_REFUSED @ http://localhost:5173/:0
[ 1028429ms] [ERROR] Failed to load resource: net::ERR_CONNECTION_REFUSED @ http://localhost:5173/:0
[ 1029433ms] [ERROR] Failed to load resource: net::ERR_CONNECTION_REFUSED @ http://localhost:5173/:0
[ 1030436ms] [ERROR] Failed to load resource: net::ERR_CONNECTION_REFUSED @ http://localhost:5173/:0
[ 1031441ms] [ERROR] Failed to load resource: net::ERR_CONNECTION_REFUSED @ http://localhost:5173/:0
[ 1032444ms] [ERROR] Failed to load resource: net::ERR_CONNECTION_REFUSED @ http://localhost:5173/:0
[ 1033448ms] [ERROR] Failed to load resource: net::ERR_CONNECTION_REFUSED @ http://localhost:5173/:0
[ 1034451ms] [ERROR] Failed to load resource: net::ERR_CONNECTION_REFUSED @ http://localhost:5173/:0
[ 1035455ms] [ERROR] Failed to load resource: net::ERR_CONNECTION_REFUSED @ http://localhost:5173/:0
[ 1036459ms] [ERROR] Failed to load resource: net::ERR_CONNECTION_REFUSED @ http://localhost:5173/:0
[ 1037463ms] [ERROR] Failed to load resource: net::ERR_CONNECTION_REFUSED @ http://localhost:5173/:0
[ 1038468ms] [ERROR] Failed to load resource: net::ERR_CONNECTION_REFUSED @ http://localhost:5173/:0
[ 1039472ms] [ERROR] Failed to load resource: net::ERR_CONNECTION_REFUSED @ http://localhost:5173/:0
[ 1040477ms] [ERROR] Failed to load resource: net::ERR_CONNECTION_REFUSED @ http://localhost:5173/:0
[ 1041481ms] [ERROR] Failed to load resource: net::ERR_CONNECTION_REFUSED @ http://localhost:5173/:0
[ 1042485ms] [ERROR] Failed to load resource: net::ERR_CONNECTION_REFUSED @ http://localhost:5173/:0
[ 1043489ms] [ERROR] Failed to load resource: net::ERR_CONNECTION_REFUSED @ http://localhost:5173/:0
[ 1044493ms] [ERROR] Failed to load resource: net::ERR_CONNECTION_REFUSED @ http://localhost:5173/:0
[ 1045496ms] [ERROR] Failed to load resource: net::ERR_CONNECTION_REFUSED @ http://localhost:5173/:0
[ 1046500ms] [ERROR] Failed to load resource: net::ERR_CONNECTION_REFUSED @ http://localhost:5173/:0
[ 1047503ms] [ERROR] Failed to load resource: net::ERR_CONNECTION_REFUSED @ http://localhost:5173/:0
[ 1048508ms] [ERROR] Failed to load resource: net::ERR_CONNECTION_REFUSED @ http://localhost:5173/:0
[ 1049510ms] [ERROR] Failed to load resource: net::ERR_CONNECTION_REFUSED @ http://localhost:5173/:0
[ 1050514ms] [ERROR] Failed to load resource: net::ERR_CONNECTION_REFUSED @ http://localhost:5173/:0
[ 1051518ms] [ERROR] Failed to load resource: net::ERR_CONNECTION_REFUSED @ http://localhost:5173/:0
[ 1052522ms] [ERROR] Failed to load resource: net::ERR_CONNECTION_REFUSED @ http://localhost:5173/:0
[ 1053526ms] [ERROR] Failed to load resource: net::ERR_CONNECTION_REFUSED @ http://localhost:5173/:0
[ 1054530ms] [ERROR] Failed to load resource: net::ERR_CONNECTION_REFUSED @ http://localhost:5173/:0
[ 1055534ms] [ERROR] Failed to load resource: net::ERR_CONNECTION_REFUSED @ http://localhost:5173/:0
[ 1056539ms] [ERROR] Failed to load resource: net::ERR_CONNECTION_REFUSED @ http://localhost:5173/:0
[ 1057542ms] [ERROR] Failed to load resource: net::ERR_CONNECTION_REFUSED @ http://localhost:5173/:0
[ 1058546ms] [ERROR] Failed to load resource: net::ERR_CONNECTION_REFUSED @ http://localhost:5173/:0
[ 1059551ms] [ERROR] Failed to load resource: net::ERR_CONNECTION_REFUSED @ http://localhost:5173/:0
[ 1060555ms] [ERROR] Failed to load resource: net::ERR_CONNECTION_REFUSED @ http://localhost:5173/:0
[ 1061558ms] [ERROR] Failed to load resource: net::ERR_CONNECTION_REFUSED @ http://localhost:5173/:0
[ 1062562ms] [ERROR] Failed to load resource: net::ERR_CONNECTION_REFUSED @ http://localhost:5173/:0
[ 1063566ms] [ERROR] Failed to load resource: net::ERR_CONNECTION_REFUSED @ http://localhost:5173/:0
[ 1064570ms] [ERROR] Failed to load resource: net::ERR_CONNECTION_REFUSED @ http://localhost:5173/:0
[ 1065572ms] [ERROR] Failed to load resource: net::ERR_CONNECTION_REFUSED @ http://localhost:5173/:0
[ 1066575ms] [ERROR] Failed to load resource: net::ERR_CONNECTION_REFUSED @ http://localhost:5173/:0
[ 1067579ms] [ERROR] Failed to load resource: net::ERR_CONNECTION_REFUSED @ http://localhost:5173/:0
[ 1068583ms] [ERROR] Failed to load resource: net::ERR_CONNECTION_REFUSED @ http://localhost:5173/:0
[ 1069588ms] [ERROR] Failed to load resource: net::ERR_CONNECTION_REFUSED @ http://localhost:5173/:0
[ 1070590ms] [ERROR] Failed to load resource: net::ERR_CONNECTION_REFUSED @ http://localhost:5173/:0
[ 1071595ms] [ERROR] Failed to load resource: net::ERR_CONNECTION_REFUSED @ http://localhost:5173/:0
[ 1072597ms] [ERROR] Failed to load resource: net::ERR_CONNECTION_REFUSED @ http://localhost:5173/:0
[ 1073602ms] [ERROR] Failed to load resource: net::ERR_CONNECTION_REFUSED @ http://localhost:5173/:0
[ 1074605ms] [ERROR] Failed to load resource: net::ERR_CONNECTION_REFUSED @ http://localhost:5173/:0
[ 1075609ms] [ERROR] Failed to load resource: net::ERR_CONNECTION_REFUSED @ http://localhost:5173/:0
[ 1076613ms] [ERROR] Failed to load resource: net::ERR_CONNECTION_REFUSED @ http://localhost:5173/:0
[ 1077617ms] [ERROR] Failed to load resource: net::ERR_CONNECTION_REFUSED @ http://localhost:5173/:0
[ 1078622ms] [ERROR] Failed to load resource: net::ERR_CONNECTION_REFUSED @ http://localhost:5173/:0
[ 1079625ms] [ERROR] Failed to load resource: net::ERR_CONNECTION_REFUSED @ http://localhost:5173/:0
[ 1080629ms] [ERROR] Failed to load resource: net::ERR_CONNECTION_REFUSED @ http://localhost:5173/:0
[ 1081632ms] [ERROR] Failed to load resource: net::ERR_CONNECTION_REFUSED @ http://localhost:5173/:0
[ 1082637ms] [ERROR] Failed to load resource: net::ERR_CONNECTION_REFUSED @ http://localhost:5173/:0
[ 1083639ms] [ERROR] Failed to load resource: net::ERR_CONNECTION_REFUSED @ http://localhost:5173/:0
[ 1084646ms] [ERROR] Failed to load resource: net::ERR_CONNECTION_REFUSED @ http://localhost:5173/:0
[ 1085649ms] [ERROR] Failed to load resource: net::ERR_CONNECTION_REFUSED @ http://localhost:5173/:0
[ 1086653ms] [ERROR] Failed to load resource: net::ERR_CONNECTION_REFUSED @ http://localhost:5173/:0
[ 1087657ms] [ERROR] Failed to load resource: net::ERR_CONNECTION_REFUSED @ http://localhost:5173/:0
[ 1088661ms] [ERROR] Failed to load resource: net::ERR_CONNECTION_REFUSED @ http://localhost:5173/:0
[ 1089663ms] [ERROR] Failed to load resource: net::ERR_CONNECTION_REFUSED @ http://localhost:5173/:0
[ 1090666ms] [ERROR] Failed to load resource: net::ERR_CONNECTION_REFUSED @ http://localhost:5173/:0
[ 1091670ms] [ERROR] Failed to load resource: net::ERR_CONNECTION_REFUSED @ http://localhost:5173/:0
[ 1092673ms] [ERROR] Failed to load resource: net::ERR_CONNECTION_REFUSED @ http://localhost:5173/:0
[ 1093676ms] [ERROR] Failed to load resource: net::ERR_CONNECTION_REFUSED @ http://localhost:5173/:0
[ 1094680ms] [ERROR] Failed to load resource: net::ERR_CONNECTION_REFUSED @ http://localhost:5173/:0
[ 1095683ms] [ERROR] Failed to load resource: net::ERR_CONNECTION_REFUSED @ http://localhost:5173/:0
[ 1096687ms] [ERROR] Failed to load resource: net::ERR_CONNECTION_REFUSED @ http://localhost:5173/:0
[ 1097689ms] [ERROR] Failed to load resource: net::ERR_CONNECTION_REFUSED @ http://localhost:5173/:0
[ 1098693ms] [ERROR] Failed to load resource: net::ERR_CONNECTION_REFUSED @ http://localhost:5173/:0
[ 1099695ms] [ERROR] Failed to load resource: net::ERR_CONNECTION_REFUSED @ http://localhost:5173/:0
[ 1100698ms] [ERROR] Failed to load resource: net::ERR_CONNECTION_REFUSED @ http://localhost:5173/:0
[ 1101701ms] [ERROR] Failed to load resource: net::ERR_CONNECTION_REFUSED @ http://localhost:5173/:0
[ 1102704ms] [ERROR] Failed to load resource: net::ERR_CONNECTION_REFUSED @ http://localhost:5173/:0
[ 1103707ms] [ERROR] Failed to load resource: net::ERR_CONNECTION_REFUSED @ http://localhost:5173/:0
[ 1104710ms] [ERROR] Failed to load resource: net::ERR_CONNECTION_REFUSED @ http://localhost:5173/:0
[ 1105712ms] [ERROR] Failed to load resource: net::ERR_CONNECTION_REFUSED @ http://localhost:5173/:0
[ 1106715ms] [ERROR] Failed to load resource: net::ERR_CONNECTION_REFUSED @ http://localhost:5173/:0
[ 1107717ms] [ERROR] Failed to load resource: net::ERR_CONNECTION_REFUSED @ http://localhost:5173/:0
[ 1108721ms] [ERROR] Failed to load resource: net::ERR_CONNECTION_REFUSED @ http://localhost:5173/:0
[ 1109723ms] [ERROR] Failed to load resource: net::ERR_CONNECTION_REFUSED @ http://localhost:5173/:0
[ 1110726ms] [ERROR] Failed to load resource: net::ERR_CONNECTION_REFUSED @ http://localhost:5173/:0
[ 1111730ms] [ERROR] Failed to load resource: net::ERR_CONNECTION_REFUSED @ http://localhost:5173/:0
[ 1112734ms] [ERROR] Failed to load resource: net::ERR_CONNECTION_REFUSED @ http://localhost:5173/:0
[ 1113738ms] [ERROR] Failed to load resource: net::ERR_CONNECTION_REFUSED @ http://localhost:5173/:0
[ 1114741ms] [ERROR] Failed to load resource: net::ERR_CONNECTION_REFUSED @ http://localhost:5173/:0
[ 1115745ms] [ERROR] Failed to load resource: net::ERR_CONNECTION_REFUSED @ http://localhost:5173/:0
[ 1116748ms] [ERROR] Failed to load resource: net::ERR_CONNECTION_REFUSED @ http://localhost:5173/:0
[ 1117752ms] [ERROR] Failed to load resource: net::ERR_CONNECTION_REFUSED @ http://localhost:5173/:0
[ 1118754ms] [ERROR] Failed to load resource: net::ERR_CONNECTION_REFUSED @ http://localhost:5173/:0
[ 1119757ms] [ERROR] Failed to load resource: net::ERR_CONNECTION_REFUSED @ http://localhost:5173/:0
[ 1120761ms] [ERROR] Failed to load resource: net::ERR_CONNECTION_REFUSED @ http://localhost:5173/:0
[ 1121764ms] [ERROR] Failed to load resource: net::ERR_CONNECTION_REFUSED @ http://localhost:5173/:0
[ 1122768ms] [ERROR] Failed to load resource: net::ERR_CONNECTION_REFUSED @ http://localhost:5173/:0
[ 1123771ms] [ERROR] Failed to load resource: net::ERR_CONNECTION_REFUSED @ http://localhost:5173/:0
[ 1124776ms] [ERROR] Failed to load resource: net::ERR_CONNECTION_REFUSED @ http://localhost:5173/:0
[ 1125778ms] [ERROR] Failed to load resource: net::ERR_CONNECTION_REFUSED @ http://localhost:5173/:0
[ 1126782ms] [ERROR] Failed to load resource: net::ERR_CONNECTION_REFUSED @ http://localhost:5173/:0
[ 1127785ms] [ERROR] Failed to load resource: net::ERR_CONNECTION_REFUSED @ http://localhost:5173/:0
[ 1128788ms] [ERROR] Failed to load resource: net::ERR_CONNECTION_REFUSED @ http://localhost:5173/:0
[ 1129791ms] [ERROR] Failed to load resource: net::ERR_CONNECTION_REFUSED @ http://localhost:5173/:0
[ 1130796ms] [ERROR] Failed to load resource: net::ERR_CONNECTION_REFUSED @ http://localhost:5173/:0
[ 1131800ms] [ERROR] Failed to load resource: net::ERR_CONNECTION_REFUSED @ http://localhost:5173/:0
[ 1132803ms] [ERROR] Failed to load resource: net::ERR_CONNECTION_REFUSED @ http://localhost:5173/:0
[ 1133806ms] [ERROR] Failed to load resource: net::ERR_CONNECTION_REFUSED @ http://localhost:5173/:0
[ 1134809ms] [ERROR] Failed to load resource: net::ERR_CONNECTION_REFUSED @ http://localhost:5173/:0
[ 1135813ms] [ERROR] Failed to load resource: net::ERR_CONNECTION_REFUSED @ http://localhost:5173/:0
[ 1136817ms] [ERROR] Failed to load resource: net::ERR_CONNECTION_REFUSED @ http://localhost:5173/:0
[ 1137820ms] [ERROR] Failed to load resource: net::ERR_CONNECTION_REFUSED @ http://localhost:5173/:0
[ 1138823ms] [ERROR] Failed to load resource: net::ERR_CONNECTION_REFUSED @ http://localhost:5173/:0
[ 1139827ms] [ERROR] Failed to load resource: net::ERR_CONNECTION_REFUSED @ http://localhost:5173/:0
[ 1140829ms] [ERROR] Failed to load resource: net::ERR_CONNECTION_REFUSED @ http://localhost:5173/:0
[ 1141833ms] [ERROR] Failed to load resource: net::ERR_CONNECTION_REFUSED @ http://localhost:5173/:0
[ 1142838ms] [ERROR] Failed to load resource: net::ERR_CONNECTION_REFUSED @ http://localhost:5173/:0
[ 1143842ms] [ERROR] Failed to load resource: net::ERR_CONNECTION_REFUSED @ http://localhost:5173/:0
[ 1144845ms] [ERROR] Failed to load resource: net::ERR_CONNECTION_REFUSED @ http://localhost:5173/:0
[ 1145849ms] [ERROR] Failed to load resource: net::ERR_CONNECTION_REFUSED @ http://localhost:5173/:0
[ 1146853ms] [ERROR] Failed to load resource: net::ERR_CONNECTION_REFUSED @ http://localhost:5173/:0
[ 1147856ms] [ERROR] Failed to load resource: net::ERR_CONNECTION_REFUSED @ http://localhost:5173/:0
[ 1148859ms] [ERROR] Failed to load resource: net::ERR_CONNECTION_REFUSED @ http://localhost:5173/:0
[ 1149863ms] [ERROR] Failed to load resource: net::ERR_CONNECTION_REFUSED @ http://localhost:5173/:0
[ 1150866ms] [ERROR] Failed to load resource: net::ERR_CONNECTION_REFUSED @ http://localhost:5173/:0
[ 1151871ms] [ERROR] Failed to load resource: net::ERR_CONNECTION_REFUSED @ http://localhost:5173/:0
[ 1152875ms] [ERROR] Failed to load resource: net::ERR_CONNECTION_REFUSED @ http://localhost:5173/:0
[ 1153879ms] [ERROR] Failed to load resource: net::ERR_CONNECTION_REFUSED @ http://localhost:5173/:0
[ 1154882ms] [ERROR] Failed to load resource: net::ERR_CONNECTION_REFUSED @ http://localhost:5173/:0
[ 1155887ms] [ERROR] Failed to load resource: net::ERR_CONNECTION_REFUSED @ http://localhost:5173/:0
[ 1156890ms] [ERROR] Failed to load resource: net::ERR_CONNECTION_REFUSED @ http://localhost:5173/:0
[ 1157893ms] [ERROR] Failed to load resource: net::ERR_CONNECTION_REFUSED @ http://localhost:5173/:0
[ 1158896ms] [ERROR] Failed to load resource: net::ERR_CONNECTION_REFUSED @ http://localhost:5173/:0
[ 1159899ms] [ERROR] Failed to load resource: net::ERR_CONNECTION_REFUSED @ http://localhost:5173/:0
[ 1160903ms] [ERROR] Failed to load resource: net::ERR_CONNECTION_REFUSED @ http://localhost:5173/:0
[ 1161906ms] [ERROR] Failed to load resource: net::ERR_CONNECTION_REFUSED @ http://localhost:5173/:0
[ 1162910ms] [ERROR] Failed to load resource: net::ERR_CONNECTION_REFUSED @ http://localhost:5173/:0
[ 1163914ms] [ERROR] Failed to load resource: net::ERR_CONNECTION_REFUSED @ http://localhost:5173/:0
[ 1164917ms] [ERROR] Failed to load resource: net::ERR_CONNECTION_REFUSED @ http://localhost:5173/:0
[ 1165921ms] [ERROR] Failed to load resource: net::ERR_CONNECTION_REFUSED @ http://localhost:5173/:0
[ 1166925ms] [ERROR] Failed to load resource: net::ERR_CONNECTION_REFUSED @ http://localhost:5173/:0
[ 1167929ms] [ERROR] Failed to load resource: net::ERR_CONNECTION_REFUSED @ http://localhost:5173/:0
[ 1168933ms] [ERROR] Failed to load resource: net::ERR_CONNECTION_REFUSED @ http://localhost:5173/:0
[ 1169938ms] [ERROR] Failed to load resource: net::ERR_CONNECTION_REFUSED @ http://localhost:5173/:0
[ 1170941ms] [ERROR] Failed to load resource: net::ERR_CONNECTION_REFUSED @ http://localhost:5173/:0
[ 1171945ms] [ERROR] Failed to load resource: net::ERR_CONNECTION_REFUSED @ http://localhost:5173/:0
[ 1172949ms] [ERROR] Failed to load resource: net::ERR_CONNECTION_REFUSED @ http://localhost:5173/:0
[ 1173952ms] [ERROR] Failed to load resource: net::ERR_CONNECTION_REFUSED @ http://localhost:5173/:0
[ 1174955ms] [ERROR] Failed to load resource: net::ERR_CONNECTION_REFUSED @ http://localhost:5173/:0
[ 1175959ms] [ERROR] Failed to load resource: net::ERR_CONNECTION_REFUSED @ http://localhost:5173/:0
[ 1176962ms] [ERROR] Failed to load resource: net::ERR_CONNECTION_REFUSED @ http://localhost:5173/:0
[ 1177966ms] [ERROR] Failed to load resource: net::ERR_CONNECTION_REFUSED @ http://localhost:5173/:0
[ 1178973ms] [ERROR] Failed to load resource: net::ERR_CONNECTION_REFUSED @ http://localhost:5173/:0
[ 1179977ms] [ERROR] Failed to load resource: net::ERR_CONNECTION_REFUSED @ http://localhost:5173/:0
[ 1180981ms] [ERROR] Failed to load resource: net::ERR_CONNECTION_REFUSED @ http://localhost:5173/:0
[ 1181985ms] [ERROR] Failed to load resource: net::ERR_CONNECTION_REFUSED @ http://localhost:5173/:0
[ 1182989ms] [ERROR] Failed to load resource: net::ERR_CONNECTION_REFUSED @ http://localhost:5173/:0
[ 1183992ms] [ERROR] Failed to load resource: net::ERR_CONNECTION_REFUSED @ http://localhost:5173/:0
[ 1184996ms] [ERROR] Failed to load resource: net::ERR_CONNECTION_REFUSED @ http://localhost:5173/:0
[ 1185999ms] [ERROR] Failed to load resource: net::ERR_CONNECTION_REFUSED @ http://localhost:5173/:0
[ 1187007ms] [ERROR] Failed to load resource: net::ERR_CONNECTION_REFUSED @ http://localhost:5173/:0
[ 1188011ms] [ERROR] Failed to load resource: net::ERR_CONNECTION_REFUSED @ http://localhost:5173/:0
[ 1189014ms] [ERROR] Failed to load resource: net::ERR_CONNECTION_REFUSED @ http://localhost:5173/:0
[ 1190018ms] [ERROR] Failed to load resource: net::ERR_CONNECTION_REFUSED @ http://localhost:5173/:0
[ 1191021ms] [ERROR] Failed to load resource: net::ERR_CONNECTION_REFUSED @ http://localhost:5173/:0
[ 1192024ms] [ERROR] Failed to load resource: net::ERR_CONNECTION_REFUSED @ http://localhost:5173/:0
[ 1193029ms] [ERROR] Failed to load resource: net::ERR_CONNECTION_REFUSED @ http://localhost:5173/:0
[ 1194033ms] [ERROR] Failed to load resource: net::ERR_CONNECTION_REFUSED @ http://localhost:5173/:0
[ 1195037ms] [ERROR] Failed to load resource: net::ERR_CONNECTION_REFUSED @ http://localhost:5173/:0
[ 1196041ms] [ERROR] Failed to load resource: net::ERR_CONNECTION_REFUSED @ http://localhost:5173/:0
[ 1197044ms] [ERROR] Failed to load resource: net::ERR_CONNECTION_REFUSED @ http://localhost:5173/:0
[ 1198048ms] [ERROR] Failed to load resource: net::ERR_CONNECTION_REFUSED @ http://localhost:5173/:0
[ 1199052ms] [ERROR] Failed to load resource: net::ERR_CONNECTION_REFUSED @ http://localhost:5173/:0
[ 1200055ms] [ERROR] Failed to load resource: net::ERR_CONNECTION_REFUSED @ http://localhost:5173/:0
[ 1201060ms] [ERROR] Failed to load resource: net::ERR_CONNECTION_REFUSED @ http://localhost:5173/:0
[ 1202062ms] [ERROR] Failed to load resource: net::ERR_CONNECTION_REFUSED @ http://localhost:5173/:0
[ 1203065ms] [ERROR] Failed to load resource: net::ERR_CONNECTION_REFUSED @ http://localhost:5173/:0
[ 1204070ms] [ERROR] Failed to load resource: net::ERR_CONNECTION_REFUSED @ http://localhost:5173/:0
[ 1205073ms] [ERROR] Failed to load resource: net::ERR_CONNECTION_REFUSED @ http://localhost:5173/:0
[ 1206077ms] [ERROR] Failed to load resource: net::ERR_CONNECTION_REFUSED @ http://localhost:5173/:0
[ 1207080ms] [ERROR] Failed to load resource: net::ERR_CONNECTION_REFUSED @ http://localhost:5173/:0
[ 1208083ms] [ERROR] Failed to load resource: net::ERR_CONNECTION_REFUSED @ http://localhost:5173/:0
[ 1209088ms] [ERROR] Failed to load resource: net::ERR_CONNECTION_REFUSED @ http://localhost:5173/:0
[ 1210091ms] [ERROR] Failed to load resource: net::ERR_CONNECTION_REFUSED @ http://localhost:5173/:0
[ 1211095ms] [ERROR] Failed to load resource: net::ERR_CONNECTION_REFUSED @ http://localhost:5173/:0
[ 1212099ms] [ERROR] Failed to load resource: net::ERR_CONNECTION_REFUSED @ http://localhost:5173/:0
[ 1213102ms] [ERROR] Failed to load resource: net::ERR_CONNECTION_REFUSED @ http://localhost:5173/:0
[ 1214105ms] [ERROR] Failed to load resource: net::ERR_CONNECTION_REFUSED @ http://localhost:5173/:0
[ 1215110ms] [ERROR] Failed to load resource: net::ERR_CONNECTION_REFUSED @ http://localhost:5173/:0
[ 1216112ms] [ERROR] Failed to load resource: net::ERR_CONNECTION_REFUSED @ http://localhost:5173/:0
[ 1217116ms] [ERROR] Failed to load resource: net::ERR_CONNECTION_REFUSED @ http://localhost:5173/:0
[ 1218118ms] [ERROR] Failed to load resource: net::ERR_CONNECTION_REFUSED @ http://localhost:5173/:0
[ 1219122ms] [ERROR] Failed to load resource: net::ERR_CONNECTION_REFUSED @ http://localhost:5173/:0
[ 1220126ms] [ERROR] Failed to load resource: net::ERR_CONNECTION_REFUSED @ http://localhost:5173/:0
[ 1221130ms] [ERROR] Failed to load resource: net::ERR_CONNECTION_REFUSED @ http://localhost:5173/:0
[ 1222134ms] [ERROR] Failed to load resource: net::ERR_CONNECTION_REFUSED @ http://localhost:5173/:0
[ 1223137ms] [ERROR] Failed to load resource: net::ERR_CONNECTION_REFUSED @ http://localhost:5173/:0
[ 1224141ms] [ERROR] Failed to load resource: net::ERR_CONNECTION_REFUSED @ http://localhost:5173/:0
[ 1225145ms] [ERROR] Failed to load resource: net::ERR_CONNECTION_REFUSED @ http://localhost:5173/:0
[ 1226149ms] [ERROR] Failed to load resource: net::ERR_CONNECTION_REFUSED @ http://localhost:5173/:0
[ 1227154ms] [ERROR] Failed to load resource: net::ERR_CONNECTION_REFUSED @ http://localhost:5173/:0
[ 1228157ms] [ERROR] Failed to load resource: net::ERR_CONNECTION_REFUSED @ http://localhost:5173/:0
[ 1229161ms] [ERROR] Failed to load resource: net::ERR_CONNECTION_REFUSED @ http://localhost:5173/:0
[ 1230165ms] [ERROR] Failed to load resource: net::ERR_CONNECTION_REFUSED @ http://localhost:5173/:0
[ 1231169ms] [ERROR] Failed to load resource: net::ERR_CONNECTION_REFUSED @ http://localhost:5173/:0
[ 1232173ms] [ERROR] Failed to load resource: net::ERR_CONNECTION_REFUSED @ http://localhost:5173/:0
[ 1233177ms] [ERROR] Failed to load resource: net::ERR_CONNECTION_REFUSED @ http://localhost:5173/:0
[ 1234181ms] [ERROR] Failed to load resource: net::ERR_CONNECTION_REFUSED @ http://localhost:5173/:0
[ 1235185ms] [ERROR] Failed to load resource: net::ERR_CONNECTION_REFUSED @ http://localhost:5173/:0
[ 1236189ms] [ERROR] Failed to load resource: net::ERR_CONNECTION_REFUSED @ http://localhost:5173/:0
[ 1237193ms] [ERROR] Failed to load resource: net::ERR_CONNECTION_REFUSED @ http://localhost:5173/:0
[ 1238197ms] [ERROR] Failed to load resource: net::ERR_CONNECTION_REFUSED @ http://localhost:5173/:0
[ 1239200ms] [ERROR] Failed to load resource: net::ERR_CONNECTION_REFUSED @ http://localhost:5173/:0
[ 1240204ms] [ERROR] Failed to load resource: net::ERR_CONNECTION_REFUSED @ http://localhost:5173/:0
[ 1241207ms] [ERROR] Failed to load resource: net::ERR_CONNECTION_REFUSED @ http://localhost:5173/:0
[ 1242212ms] [ERROR] Failed to load resource: net::ERR_CONNECTION_REFUSED @ http://localhost:5173/:0
[ 1243215ms] [ERROR] Failed to load resource: net::ERR_CONNECTION_REFUSED @ http://localhost:5173/:0
[ 1244219ms] [ERROR] Failed to load resource: net::ERR_CONNECTION_REFUSED @ http://localhost:5173/:0
[ 1245222ms] [ERROR] Failed to load resource: net::ERR_CONNECTION_REFUSED @ http://localhost:5173/:0
[ 1246226ms] [ERROR] Failed to load resource: net::ERR_CONNECTION_REFUSED @ http://localhost:5173/:0
[ 1247230ms] [ERROR] Failed to load resource: net::ERR_CONNECTION_REFUSED @ http://localhost:5173/:0
[ 1248236ms] [ERROR] Failed to load resource: net::ERR_CONNECTION_REFUSED @ http://localhost:5173/:0
[ 1249240ms] [ERROR] Failed to load resource: net::ERR_CONNECTION_REFUSED @ http://localhost:5173/:0
[ 1250243ms] [ERROR] Failed to load resource: net::ERR_CONNECTION_REFUSED @ http://localhost:5173/:0
[ 1251246ms] [ERROR] Failed to load resource: net::ERR_CONNECTION_REFUSED @ http://localhost:5173/:0
[ 1252249ms] [ERROR] Failed to load resource: net::ERR_CONNECTION_REFUSED @ http://localhost:5173/:0
[ 1253253ms] [ERROR] Failed to load resource: net::ERR_CONNECTION_REFUSED @ http://localhost:5173/:0
[ 1254256ms] [ERROR] Failed to load resource: net::ERR_CONNECTION_REFUSED @ http://localhost:5173/:0
[ 1255261ms] [ERROR] Failed to load resource: net::ERR_CONNECTION_REFUSED @ http://localhost:5173/:0
[ 1256264ms] [ERROR] Failed to load resource: net::ERR_CONNECTION_REFUSED @ http://localhost:5173/:0
[ 1257267ms] [ERROR] Failed to load resource: net::ERR_CONNECTION_REFUSED @ http://localhost:5173/:0
[ 1258271ms] [ERROR] Failed to load resource: net::ERR_CONNECTION_REFUSED @ http://localhost:5173/:0
[ 1259274ms] [ERROR] Failed to load resource: net::ERR_CONNECTION_REFUSED @ http://localhost:5173/:0
[ 1260277ms] [ERROR] Failed to load resource: net::ERR_CONNECTION_REFUSED @ http://localhost:5173/:0
[ 1261281ms] [ERROR] Failed to load resource: net::ERR_CONNECTION_REFUSED @ http://localhost:5173/:0
[ 1262286ms] [ERROR] Failed to load resource: net::ERR_CONNECTION_REFUSED @ http://localhost:5173/:0
[ 1263290ms] [ERROR] Failed to load resource: net::ERR_CONNECTION_REFUSED @ http://localhost:5173/:0
[ 1264295ms] [ERROR] Failed to load resource: net::ERR_CONNECTION_REFUSED @ http://localhost:5173/:0
[ 1265299ms] [ERROR] Failed to load resource: net::ERR_CONNECTION_REFUSED @ http://localhost:5173/:0
[ 1266303ms] [ERROR] Failed to load resource: net::ERR_CONNECTION_REFUSED @ http://localhost:5173/:0
[ 1267307ms] [ERROR] Failed to load resource: net::ERR_CONNECTION_REFUSED @ http://localhost:5173/:0
[ 1268310ms] [ERROR] Failed to load resource: net::ERR_CONNECTION_REFUSED @ http://localhost:5173/:0
[ 1269315ms] [ERROR] Failed to load resource: net::ERR_CONNECTION_REFUSED @ http://localhost:5173/:0
[ 1270319ms] [ERROR] Failed to load resource: net::ERR_CONNECTION_REFUSED @ http://localhost:5173/:0
[ 1271322ms] [ERROR] Failed to load resource: net::ERR_CONNECTION_REFUSED @ http://localhost:5173/:0
[ 1272326ms] [ERROR] Failed to load resource: net::ERR_CONNECTION_REFUSED @ http://localhost:5173/:0
[ 1273329ms] [ERROR] Failed to load resource: net::ERR_CONNECTION_REFUSED @ http://localhost:5173/:0
[ 1274333ms] [ERROR] Failed to load resource: net::ERR_CONNECTION_REFUSED @ http://localhost:5173/:0
[ 1275337ms] [ERROR] Failed to load resource: net::ERR_CONNECTION_REFUSED @ http://localhost:5173/:0
[ 1276341ms] [ERROR] Failed to load resource: net::ERR_CONNECTION_REFUSED @ http://localhost:5173/:0
[ 1277344ms] [ERROR] Failed to load resource: net::ERR_CONNECTION_REFUSED @ http://localhost:5173/:0
[ 1278349ms] [ERROR] Failed to load resource: net::ERR_CONNECTION_REFUSED @ http://localhost:5173/:0
[ 1279352ms] [ERROR] Failed to load resource: net::ERR_CONNECTION_REFUSED @ http://localhost:5173/:0
[ 1280356ms] [ERROR] Failed to load resource: net::ERR_CONNECTION_REFUSED @ http://localhost:5173/:0
[ 1281359ms] [ERROR] Failed to load resource: net::ERR_CONNECTION_REFUSED @ http://localhost:5173/:0
[ 1282362ms] [ERROR] Failed to load resource: net::ERR_CONNECTION_REFUSED @ http://localhost:5173/:0
[ 1283366ms] [ERROR] Failed to load resource: net::ERR_CONNECTION_REFUSED @ http://localhost:5173/:0
[ 1284371ms] [ERROR] Failed to load resource: net::ERR_CONNECTION_REFUSED @ http://localhost:5173/:0
[ 1285374ms] [ERROR] Failed to load resource: net::ERR_CONNECTION_REFUSED @ http://localhost:5173/:0
[ 1286378ms] [ERROR] Failed to load resource: net::ERR_CONNECTION_REFUSED @ http://localhost:5173/:0
[ 1287383ms] [ERROR] Failed to load resource: net::ERR_CONNECTION_REFUSED @ http://localhost:5173/:0
[ 1288386ms] [ERROR] Failed to load resource: net::ERR_CONNECTION_REFUSED @ http://localhost:5173/:0
[ 1289389ms] [ERROR] Failed to load resource: net::ERR_CONNECTION_REFUSED @ http://localhost:5173/:0
[ 1290393ms] [ERROR] Failed to load resource: net::ERR_CONNECTION_REFUSED @ http://localhost:5173/:0
[ 1291398ms] [ERROR] Failed to load resource: net::ERR_CONNECTION_REFUSED @ http://localhost:5173/:0
[ 1292401ms] [ERROR] Failed to load resource: net::ERR_CONNECTION_REFUSED @ http://localhost:5173/:0
[ 1293405ms] [ERROR] Failed to load resource: net::ERR_CONNECTION_REFUSED @ http://localhost:5173/:0
[ 1294408ms] [ERROR] Failed to load resource: net::ERR_CONNECTION_REFUSED @ http://localhost:5173/:0
[ 1295410ms] [ERROR] Failed to load resource: net::ERR_CONNECTION_REFUSED @ http://localhost:5173/:0
[ 1296415ms] [ERROR] Failed to load resource: net::ERR_CONNECTION_REFUSED @ http://localhost:5173/:0
[ 1297418ms] [ERROR] Failed to load resource: net::ERR_CONNECTION_REFUSED @ http://localhost:5173/:0
[ 1298422ms] [ERROR] Failed to load resource: net::ERR_CONNECTION_REFUSED @ http://localhost:5173/:0
[ 1299425ms] [ERROR] Failed to load resource: net::ERR_CONNECTION_REFUSED @ http://localhost:5173/:0
[ 1300429ms] [ERROR] Failed to load resource: net::ERR_CONNECTION_REFUSED @ http://localhost:5173/:0
[ 1301433ms] [ERROR] Failed to load resource: net::ERR_CONNECTION_REFUSED @ http://localhost:5173/:0
[ 1302437ms] [ERROR] Failed to load resource: net::ERR_CONNECTION_REFUSED @ http://localhost:5173/:0
[ 1303442ms] [ERROR] Failed to load resource: net::ERR_CONNECTION_REFUSED @ http://localhost:5173/:0
[ 1304446ms] [ERROR] Failed to load resource: net::ERR_CONNECTION_REFUSED @ http://localhost:5173/:0
[ 1305449ms] [ERROR] Failed to load resource: net::ERR_CONNECTION_REFUSED @ http://localhost:5173/:0
[ 1306453ms] [ERROR] Failed to load resource: net::ERR_CONNECTION_REFUSED @ http://localhost:5173/:0
[ 1307457ms] [ERROR] Failed to load resource: net::ERR_CONNECTION_REFUSED @ http://localhost:5173/:0
[ 1308462ms] [ERROR] Failed to load resource: net::ERR_CONNECTION_REFUSED @ http://localhost:5173/:0
[ 1309466ms] [ERROR] Failed to load resource: net::ERR_CONNECTION_REFUSED @ http://localhost:5173/:0
[ 1310471ms] [ERROR] Failed to load resource: net::ERR_CONNECTION_REFUSED @ http://localhost:5173/:0
[ 1311474ms] [ERROR] Failed to load resource: net::ERR_CONNECTION_REFUSED @ http://localhost:5173/:0
[ 1312478ms] [ERROR] Failed to load resource: net::ERR_CONNECTION_REFUSED @ http://localhost:5173/:0
[ 1313482ms] [ERROR] Failed to load resource: net::ERR_CONNECTION_REFUSED @ http://localhost:5173/:0
[ 1314487ms] [ERROR] Failed to load resource: net::ERR_CONNECTION_REFUSED @ http://localhost:5173/:0
[ 1315492ms] [ERROR] Failed to load resource: net::ERR_CONNECTION_REFUSED @ http://localhost:5173/:0
[ 1316496ms] [ERROR] Failed to load resource: net::ERR_CONNECTION_REFUSED @ http://localhost:5173/:0
[ 1317500ms] [ERROR] Failed to load resource: net::ERR_CONNECTION_REFUSED @ http://localhost:5173/:0
[ 1318504ms] [ERROR] Failed to load resource: net::ERR_CONNECTION_REFUSED @ http://localhost:5173/:0
[ 1319509ms] [ERROR] Failed to load resource: net::ERR_CONNECTION_REFUSED @ http://localhost:5173/:0
[ 1320513ms] [ERROR] Failed to load resource: net::ERR_CONNECTION_REFUSED @ http://localhost:5173/:0
[ 1321518ms] [ERROR] Failed to load resource: net::ERR_CONNECTION_REFUSED @ http://localhost:5173/:0
[ 1322522ms] [ERROR] Failed to load resource: net::ERR_CONNECTION_REFUSED @ http://localhost:5173/:0
[ 1323527ms] [ERROR] Failed to load resource: net::ERR_CONNECTION_REFUSED @ http://localhost:5173/:0
[ 1324530ms] [ERROR] Failed to load resource: net::ERR_CONNECTION_REFUSED @ http://localhost:5173/:0
[ 1325534ms] [ERROR] Failed to load resource: net::ERR_CONNECTION_REFUSED @ http://localhost:5173/:0
[ 1326538ms] [ERROR] Failed to load resource: net::ERR_CONNECTION_REFUSED @ http://localhost:5173/:0
[ 1327543ms] [ERROR] Failed to load resource: net::ERR_CONNECTION_REFUSED @ http://localhost:5173/:0
[ 1328547ms] [ERROR] Failed to load resource: net::ERR_CONNECTION_REFUSED @ http://localhost:5173/:0
[ 1329552ms] [ERROR] Failed to load resource: net::ERR_CONNECTION_REFUSED @ http://localhost:5173/:0
[ 1330556ms] [ERROR] Failed to load resource: net::ERR_CONNECTION_REFUSED @ http://localhost:5173/:0
[ 1331560ms] [ERROR] Failed to load resource: net::ERR_CONNECTION_REFUSED @ http://localhost:5173/:0
[ 1332564ms] [ERROR] Failed to load resource: net::ERR_CONNECTION_REFUSED @ http://localhost:5173/:0
[ 1333568ms] [ERROR] Failed to load resource: net::ERR_CONNECTION_REFUSED @ http://localhost:5173/:0
[ 1334572ms] [ERROR] Failed to load resource: net::ERR_CONNECTION_REFUSED @ http://localhost:5173/:0
[ 1335576ms] [ERROR] Failed to load resource: net::ERR_CONNECTION_REFUSED @ http://localhost:5173/:0
[ 1336581ms] [ERROR] Failed to load resource: net::ERR_CONNECTION_REFUSED @ http://localhost:5173/:0
[ 1337585ms] [ERROR] Failed to load resource: net::ERR_CONNECTION_REFUSED @ http://localhost:5173/:0
[ 1338589ms] [ERROR] Failed to load resource: net::ERR_CONNECTION_REFUSED @ http://localhost:5173/:0
[ 1339593ms] [ERROR] Failed to load resource: net::ERR_CONNECTION_REFUSED @ http://localhost:5173/:0
[ 1340598ms] [ERROR] Failed to load resource: net::ERR_CONNECTION_REFUSED @ http://localhost:5173/:0
[ 1341602ms] [ERROR] Failed to load resource: net::ERR_CONNECTION_REFUSED @ http://localhost:5173/:0
[ 1342606ms] [ERROR] Failed to load resource: net::ERR_CONNECTION_REFUSED @ http://localhost:5173/:0
[ 1343609ms] [ERROR] Failed to load resource: net::ERR_CONNECTION_REFUSED @ http://localhost:5173/:0
[ 1344613ms] [ERROR] Failed to load resource: net::ERR_CONNECTION_REFUSED @ http://localhost:5173/:0
[ 1345618ms] [ERROR] Failed to load resource: net::ERR_CONNECTION_REFUSED @ http://localhost:5173/:0
[ 1346622ms] [ERROR] Failed to load resource: net::ERR_CONNECTION_REFUSED @ http://localhost:5173/:0
[ 1347625ms] [ERROR] Failed to load resource: net::ERR_CONNECTION_REFUSED @ http://localhost:5173/:0
[ 1348627ms] [ERROR] Failed to load resource: net::ERR_CONNECTION_REFUSED @ http://localhost:5173/:0
[ 1349632ms] [ERROR] Failed to load resource: net::ERR_CONNECTION_REFUSED @ http://localhost:5173/:0
[ 1350635ms] [ERROR] Failed to load resource: net::ERR_CONNECTION_REFUSED @ http://localhost:5173/:0
[ 1351638ms] [ERROR] Failed to load resource: net::ERR_CONNECTION_REFUSED @ http://localhost:5173/:0
[ 1352641ms] [ERROR] Failed to load resource: net::ERR_CONNECTION_REFUSED @ http://localhost:5173/:0
[ 1353644ms] [ERROR] Failed to load resource: net::ERR_CONNECTION_REFUSED @ http://localhost:5173/:0
[ 1354647ms] [ERROR] Failed to load resource: net::ERR_CONNECTION_REFUSED @ http://localhost:5173/:0
[ 1355650ms] [ERROR] Failed to load resource: net::ERR_CONNECTION_REFUSED @ http://localhost:5173/:0
[ 1356654ms] [ERROR] Failed to load resource: net::ERR_CONNECTION_REFUSED @ http://localhost:5173/:0
[ 1357656ms] [ERROR] Failed to load resource: net::ERR_CONNECTION_REFUSED @ http://localhost:5173/:0
[ 1358659ms] [ERROR] Failed to load resource: net::ERR_CONNECTION_REFUSED @ http://localhost:5173/:0
[ 1359663ms] [ERROR] Failed to load resource: net::ERR_CONNECTION_REFUSED @ http://localhost:5173/:0
[ 1360668ms] [ERROR] Failed to load resource: net::ERR_CONNECTION_REFUSED @ http://localhost:5173/:0
[ 1361672ms] [ERROR] Failed to load resource: net::ERR_CONNECTION_REFUSED @ http://localhost:5173/:0
[ 1362675ms] [ERROR] Failed to load resource: net::ERR_CONNECTION_REFUSED @ http://localhost:5173/:0
[ 1363677ms] [ERROR] Failed to load resource: net::ERR_CONNECTION_REFUSED @ http://localhost:5173/:0
[ 1364680ms] [ERROR] Failed to load resource: net::ERR_CONNECTION_REFUSED @ http://localhost:5173/:0
[ 1365683ms] [ERROR] Failed to load resource: net::ERR_CONNECTION_REFUSED @ http://localhost:5173/:0
[ 1366687ms] [ERROR] Failed to load resource: net::ERR_CONNECTION_REFUSED @ http://localhost:5173/:0
[ 1367689ms] [ERROR] Failed to load resource: net::ERR_CONNECTION_REFUSED @ http://localhost:5173/:0
[ 1368691ms] [ERROR] Failed to load resource: net::ERR_CONNECTION_REFUSED @ http://localhost:5173/:0
[ 1369694ms] [ERROR] Failed to load resource: net::ERR_CONNECTION_REFUSED @ http://localhost:5173/:0
[ 1370698ms] [ERROR] Failed to load resource: net::ERR_CONNECTION_REFUSED @ http://localhost:5173/:0
[ 1371700ms] [ERROR] Failed to load resource: net::ERR_CONNECTION_REFUSED @ http://localhost:5173/:0
[ 1372704ms] [ERROR] Failed to load resource: net::ERR_CONNECTION_REFUSED @ http://localhost:5173/:0
[ 1373708ms] [ERROR] Failed to load resource: net::ERR_CONNECTION_REFUSED @ http://localhost:5173/:0
[ 1374711ms] [ERROR] Failed to load resource: net::ERR_CONNECTION_REFUSED @ http://localhost:5173/:0
[ 1375714ms] [ERROR] Failed to load resource: net::ERR_CONNECTION_REFUSED @ http://localhost:5173/:0
[ 1376717ms] [ERROR] Failed to load resource: net::ERR_CONNECTION_REFUSED @ http://localhost:5173/:0
[ 1377720ms] [ERROR] Failed to load resource: net::ERR_CONNECTION_REFUSED @ http://localhost:5173/:0
[ 1378723ms] [ERROR] Failed to load resource: net::ERR_CONNECTION_REFUSED @ http://localhost:5173/:0
[ 1379727ms] [ERROR] Failed to load resource: net::ERR_CONNECTION_REFUSED @ http://localhost:5173/:0
[ 1380731ms] [ERROR] Failed to load resource: net::ERR_CONNECTION_REFUSED @ http://localhost:5173/:0
[ 1381733ms] [ERROR] Failed to load resource: net::ERR_CONNECTION_REFUSED @ http://localhost:5173/:0
[ 1382738ms] [ERROR] Failed to load resource: net::ERR_CONNECTION_REFUSED @ http://localhost:5173/:0
[ 1383739ms] [ERROR] Failed to load resource: net::ERR_CONNECTION_REFUSED @ http://localhost:5173/:0
[ 1384742ms] [ERROR] Failed to load resource: net::ERR_CONNECTION_REFUSED @ http://localhost:5173/:0
[ 1385746ms] [ERROR] Failed to load resource: net::ERR_CONNECTION_REFUSED @ http://localhost:5173/:0
[ 1386748ms] [ERROR] Failed to load resource: net::ERR_CONNECTION_REFUSED @ http://localhost:5173/:0
[ 1387751ms] [ERROR] Failed to load resource: net::ERR_CONNECTION_REFUSED @ http://localhost:5173/:0
[ 1388755ms] [ERROR] Failed to load resource: net::ERR_CONNECTION_REFUSED @ http://localhost:5173/:0
[ 1389757ms] [ERROR] Failed to load resource: net::ERR_CONNECTION_REFUSED @ http://localhost:5173/:0
[ 1390759ms] [ERROR] Failed to load resource: net::ERR_CONNECTION_REFUSED @ http://localhost:5173/:0
[ 1391764ms] [ERROR] Failed to load resource: net::ERR_CONNECTION_REFUSED @ http://localhost:5173/:0
[ 1392765ms] [ERROR] Failed to load resource: net::ERR_CONNECTION_REFUSED @ http://localhost:5173/:0
[ 1393768ms] [ERROR] Failed to load resource: net::ERR_CONNECTION_REFUSED @ http://localhost:5173/:0
[ 1394772ms] [ERROR] Failed to load resource: net::ERR_CONNECTION_REFUSED @ http://localhost:5173/:0
[ 1395775ms] [ERROR] Failed to load resource: net::ERR_CONNECTION_REFUSED @ http://localhost:5173/:0
[ 1396778ms] [ERROR] Failed to load resource: net::ERR_CONNECTION_REFUSED @ http://localhost:5173/:0
[ 1397781ms] [ERROR] Failed to load resource: net::ERR_CONNECTION_REFUSED @ http://localhost:5173/:0
[ 1398784ms] [ERROR] Failed to load resource: net::ERR_CONNECTION_REFUSED @ http://localhost:5173/:0
[ 1399787ms] [ERROR] Failed to load resource: net::ERR_CONNECTION_REFUSED @ http://localhost:5173/:0
[ 1400790ms] [ERROR] Failed to load resource: net::ERR_CONNECTION_REFUSED @ http://localhost:5173/:0
[ 1401794ms] [ERROR] Failed to load resource: net::ERR_CONNECTION_REFUSED @ http://localhost:5173/:0
[ 1402798ms] [ERROR] Failed to load resource: net::ERR_CONNECTION_REFUSED @ http://localhost:5173/:0
[ 1403800ms] [ERROR] Failed to load resource: net::ERR_CONNECTION_REFUSED @ http://localhost:5173/:0
[ 1404804ms] [ERROR] Failed to load resource: net::ERR_CONNECTION_REFUSED @ http://localhost:5173/:0
[ 1405808ms] [ERROR] Failed to load resource: net::ERR_CONNECTION_REFUSED @ http://localhost:5173/:0
[ 1406811ms] [ERROR] Failed to load resource: net::ERR_CONNECTION_REFUSED @ http://localhost:5173/:0
[ 1407815ms] [ERROR] Failed to load resource: net::ERR_CONNECTION_REFUSED @ http://localhost:5173/:0
[ 1408819ms] [ERROR] Failed to load resource: net::ERR_CONNECTION_REFUSED @ http://localhost:5173/:0
[ 1409822ms] [ERROR] Failed to load resource: net::ERR_CONNECTION_REFUSED @ http://localhost:5173/:0
[ 1410824ms] [ERROR] Failed to load resource: net::ERR_CONNECTION_REFUSED @ http://localhost:5173/:0
[ 1411828ms] [ERROR] Failed to load resource: net::ERR_CONNECTION_REFUSED @ http://localhost:5173/:0
[ 1412831ms] [ERROR] Failed to load resource: net::ERR_CONNECTION_REFUSED @ http://localhost:5173/:0
[ 1413832ms] [ERROR] Failed to load resource: net::ERR_CONNECTION_REFUSED @ http://localhost:5173/:0
[ 1414835ms] [ERROR] Failed to load resource: net::ERR_CONNECTION_REFUSED @ http://localhost:5173/:0
[ 1415839ms] [ERROR] Failed to load resource: net::ERR_CONNECTION_REFUSED @ http://localhost:5173/:0
[ 1416841ms] [ERROR] Failed to load resource: net::ERR_CONNECTION_REFUSED @ http://localhost:5173/:0
[ 1417844ms] [ERROR] Failed to load resource: net::ERR_CONNECTION_REFUSED @ http://localhost:5173/:0
[ 1418847ms] [ERROR] Failed to load resource: net::ERR_CONNECTION_REFUSED @ http://localhost:5173/:0
[ 1419850ms] [ERROR] Failed to load resource: net::ERR_CONNECTION_REFUSED @ http://localhost:5173/:0
[ 1420854ms] [ERROR] Failed to load resource: net::ERR_CONNECTION_REFUSED @ http://localhost:5173/:0
[ 1421857ms] [ERROR] Failed to load resource: net::ERR_CONNECTION_REFUSED @ http://localhost:5173/:0
[ 1422860ms] [ERROR] Failed to load resource: net::ERR_CONNECTION_REFUSED @ http://localhost:5173/:0
[ 1423864ms] [ERROR] Failed to load resource: net::ERR_CONNECTION_REFUSED @ http://localhost:5173/:0
[ 1424867ms] [ERROR] Failed to load resource: net::ERR_CONNECTION_REFUSED @ http://localhost:5173/:0
[ 1425870ms] [ERROR] Failed to load resource: net::ERR_CONNECTION_REFUSED @ http://localhost:5173/:0
[ 1426872ms] [ERROR] Failed to load resource: net::ERR_CONNECTION_REFUSED @ http://localhost:5173/:0
[ 1427874ms] [ERROR] Failed to load resource: net::ERR_CONNECTION_REFUSED @ http://localhost:5173/:0
[ 1428876ms] [ERROR] Failed to load resource: net::ERR_CONNECTION_REFUSED @ http://localhost:5173/:0
[ 1429880ms] [ERROR] Failed to load resource: net::ERR_CONNECTION_REFUSED @ http://localhost:5173/:0
[ 1430883ms] [ERROR] Failed to load resource: net::ERR_CONNECTION_REFUSED @ http://localhost:5173/:0
[ 1431887ms] [ERROR] Failed to load resource: net::ERR_CONNECTION_REFUSED @ http://localhost:5173/:0
[ 1432890ms] [ERROR] Failed to load resource: net::ERR_CONNECTION_REFUSED @ http://localhost:5173/:0
[ 1433894ms] [ERROR] Failed to load resource: net::ERR_CONNECTION_REFUSED @ http://localhost:5173/:0
[ 1434898ms] [ERROR] Failed to load resource: net::ERR_CONNECTION_REFUSED @ http://localhost:5173/:0
[ 1435901ms] [ERROR] Failed to load resource: net::ERR_CONNECTION_REFUSED @ http://localhost:5173/:0
[ 1436905ms] [ERROR] Failed to load resource: net::ERR_CONNECTION_REFUSED @ http://localhost:5173/:0
[ 1437907ms] [ERROR] Failed to load resource: net::ERR_CONNECTION_REFUSED @ http://localhost:5173/:0
[ 1438911ms] [ERROR] Failed to load resource: net::ERR_CONNECTION_REFUSED @ http://localhost:5173/:0
[ 1439914ms] [ERROR] Failed to load resource: net::ERR_CONNECTION_REFUSED @ http://localhost:5173/:0
[ 1440917ms] [ERROR] Failed to load resource: net::ERR_CONNECTION_REFUSED @ http://localhost:5173/:0
[ 1441920ms] [ERROR] Failed to load resource: net::ERR_CONNECTION_REFUSED @ http://localhost:5173/:0
[ 1442923ms] [ERROR] Failed to load resource: net::ERR_CONNECTION_REFUSED @ http://localhost:5173/:0
[ 1443926ms] [ERROR] Failed to load resource: net::ERR_CONNECTION_REFUSED @ http://localhost:5173/:0
[ 1444933ms] [ERROR] Failed to load resource: net::ERR_CONNECTION_REFUSED @ http://localhost:5173/:0
[ 1445936ms] [ERROR] Failed to load resource: net::ERR_CONNECTION_REFUSED @ http://localhost:5173/:0
[ 1446940ms] [ERROR] Failed to load resource: net::ERR_CONNECTION_REFUSED @ http://localhost:5173/:0
[ 1447943ms] [ERROR] Failed to load resource: net::ERR_CONNECTION_REFUSED @ http://localhost:5173/:0
[ 1448946ms] [ERROR] Failed to load resource: net::ERR_CONNECTION_REFUSED @ http://localhost:5173/:0
[ 1449950ms] [ERROR] Failed to load resource: net::ERR_CONNECTION_REFUSED @ http://localhost:5173/:0
[ 1450953ms] [ERROR] Failed to load resource: net::ERR_CONNECTION_REFUSED @ http://localhost:5173/:0
[ 1451957ms] [ERROR] Failed to load resource: net::ERR_CONNECTION_REFUSED @ http://localhost:5173/:0
[ 1452961ms] [ERROR] Failed to load resource: net::ERR_CONNECTION_REFUSED @ http://localhost:5173/:0
[ 1453964ms] [ERROR] Failed to load resource: net::ERR_CONNECTION_REFUSED @ http://localhost:5173/:0
[ 1454968ms] [ERROR] Failed to load resource: net::ERR_CONNECTION_REFUSED @ http://localhost:5173/:0
[ 1455971ms] [ERROR] Failed to load resource: net::ERR_CONNECTION_REFUSED @ http://localhost:5173/:0
[ 1456977ms] [ERROR] Failed to load resource: net::ERR_CONNECTION_REFUSED @ http://localhost:5173/:0
[ 1457980ms] [ERROR] Failed to load resource: net::ERR_CONNECTION_REFUSED @ http://localhost:5173/:0
[ 1458983ms] [ERROR] Failed to load resource: net::ERR_CONNECTION_REFUSED @ http://localhost:5173/:0
[ 1459987ms] [ERROR] Failed to load resource: net::ERR_CONNECTION_REFUSED @ http://localhost:5173/:0
[ 1460991ms] [ERROR] Failed to load resource: net::ERR_CONNECTION_REFUSED @ http://localhost:5173/:0
[ 1461995ms] [ERROR] Failed to load resource: net::ERR_CONNECTION_REFUSED @ http://localhost:5173/:0
[ 1462998ms] [ERROR] Failed to load resource: net::ERR_CONNECTION_REFUSED @ http://localhost:5173/:0
[ 1464002ms] [ERROR] Failed to load resource: net::ERR_CONNECTION_REFUSED @ http://localhost:5173/:0
[ 1465007ms] [ERROR] Failed to load resource: net::ERR_CONNECTION_REFUSED @ http://localhost:5173/:0
[ 1466011ms] [ERROR] Failed to load resource: net::ERR_CONNECTION_REFUSED @ http://localhost:5173/:0
[ 1467014ms] [ERROR] Failed to load resource: net::ERR_CONNECTION_REFUSED @ http://localhost:5173/:0
[ 1468018ms] [ERROR] Failed to load resource: net::ERR_CONNECTION_REFUSED @ http://localhost:5173/:0
[ 1469023ms] [ERROR] Failed to load resource: net::ERR_CONNECTION_REFUSED @ http://localhost:5173/:0
[ 1470026ms] [ERROR] Failed to load resource: net::ERR_CONNECTION_REFUSED @ http://localhost:5173/:0
[ 1471031ms] [ERROR] Failed to load resource: net::ERR_CONNECTION_REFUSED @ http://localhost:5173/:0
[ 1472034ms] [ERROR] Failed to load resource: net::ERR_CONNECTION_REFUSED @ http://localhost:5173/:0
[ 1473038ms] [ERROR] Failed to load resource: net::ERR_CONNECTION_REFUSED @ http://localhost:5173/:0
[ 1474042ms] [ERROR] Failed to load resource: net::ERR_CONNECTION_REFUSED @ http://localhost:5173/:0
[ 1475045ms] [ERROR] Failed to load resource: net::ERR_CONNECTION_REFUSED @ http://localhost:5173/:0
[ 1476049ms] [ERROR] Failed to load resource: net::ERR_CONNECTION_REFUSED @ http://localhost:5173/:0
[ 1477053ms] [ERROR] Failed to load resource: net::ERR_CONNECTION_REFUSED @ http://localhost:5173/:0
[ 1478056ms] [ERROR] Failed to load resource: net::ERR_CONNECTION_REFUSED @ http://localhost:5173/:0
[ 1479059ms] [ERROR] Failed to load resource: net::ERR_CONNECTION_REFUSED @ http://localhost:5173/:0
[ 1480063ms] [ERROR] Failed to load resource: net::ERR_CONNECTION_REFUSED @ http://localhost:5173/:0
[ 1481067ms] [ERROR] Failed to load resource: net::ERR_CONNECTION_REFUSED @ http://localhost:5173/:0
[ 1482071ms] [ERROR] Failed to load resource: net::ERR_CONNECTION_REFUSED @ http://localhost:5173/:0
[ 1483074ms] [ERROR] Failed to load resource: net::ERR_CONNECTION_REFUSED @ http://localhost:5173/:0
[ 1484078ms] [ERROR] Failed to load resource: net::ERR_CONNECTION_REFUSED @ http://localhost:5173/:0
[ 1485082ms] [ERROR] Failed to load resource: net::ERR_CONNECTION_REFUSED @ http://localhost:5173/:0
[ 1486085ms] [ERROR] Failed to load resource: net::ERR_CONNECTION_REFUSED @ http://localhost:5173/:0
[ 1487089ms] [ERROR] Failed to load resource: net::ERR_CONNECTION_REFUSED @ http://localhost:5173/:0
[ 1488092ms] [ERROR] Failed to load resource: net::ERR_CONNECTION_REFUSED @ http://localhost:5173/:0
[ 1489096ms] [ERROR] Failed to load resource: net::ERR_CONNECTION_REFUSED @ http://localhost:5173/:0
[ 1490099ms] [ERROR] Failed to load resource: net::ERR_CONNECTION_REFUSED @ http://localhost:5173/:0
[ 1491101ms] [ERROR] Failed to load resource: net::ERR_CONNECTION_REFUSED @ http://localhost:5173/:0
[ 1492105ms] [ERROR] Failed to load resource: net::ERR_CONNECTION_REFUSED @ http://localhost:5173/:0
[ 1493109ms] [ERROR] Failed to load resource: net::ERR_CONNECTION_REFUSED @ http://localhost:5173/:0
[ 1494113ms] [ERROR] Failed to load resource: net::ERR_CONNECTION_REFUSED @ http://localhost:5173/:0
[ 1495117ms] [ERROR] Failed to load resource: net::ERR_CONNECTION_REFUSED @ http://localhost:5173/:0
[ 1496121ms] [ERROR] Failed to load resource: net::ERR_CONNECTION_REFUSED @ http://localhost:5173/:0
[ 1497124ms] [ERROR] Failed to load resource: net::ERR_CONNECTION_REFUSED @ http://localhost:5173/:0
[ 1498128ms] [ERROR] Failed to load resource: net::ERR_CONNECTION_REFUSED @ http://localhost:5173/:0
[ 1499131ms] [ERROR] Failed to load resource: net::ERR_CONNECTION_REFUSED @ http://localhost:5173/:0
[ 1500134ms] [ERROR] Failed to load resource: net::ERR_CONNECTION_REFUSED @ http://localhost:5173/:0
[ 1501137ms] [ERROR] Failed to load resource: net::ERR_CONNECTION_REFUSED @ http://localhost:5173/:0
[ 1502140ms] [ERROR] Failed to load resource: net::ERR_CONNECTION_REFUSED @ http://localhost:5173/:0
[ 1503143ms] [ERROR] Failed to load resource: net::ERR_CONNECTION_REFUSED @ http://localhost:5173/:0
[ 1504148ms] [ERROR] Failed to load resource: net::ERR_CONNECTION_REFUSED @ http://localhost:5173/:0
[ 1505152ms] [ERROR] Failed to load resource: net::ERR_CONNECTION_REFUSED @ http://localhost:5173/:0
[ 1506157ms] [ERROR] Failed to load resource: net::ERR_CONNECTION_REFUSED @ http://localhost:5173/:0
[ 1507161ms] [ERROR] Failed to load resource: net::ERR_CONNECTION_REFUSED @ http://localhost:5173/:0
[ 1508165ms] [ERROR] Failed to load resource: net::ERR_CONNECTION_REFUSED @ http://localhost:5173/:0
[ 1509169ms] [ERROR] Failed to load resource: net::ERR_CONNECTION_REFUSED @ http://localhost:5173/:0
[ 1510173ms] [ERROR] Failed to load resource: net::ERR_CONNECTION_REFUSED @ http://localhost:5173/:0
[ 1511176ms] [ERROR] Failed to load resource: net::ERR_CONNECTION_REFUSED @ http://localhost:5173/:0
[ 1512179ms] [ERROR] Failed to load resource: net::ERR_CONNECTION_REFUSED @ http://localhost:5173/:0
[ 1513182ms] [ERROR] Failed to load resource: net::ERR_CONNECTION_REFUSED @ http://localhost:5173/:0
[ 1514186ms] [ERROR] Failed to load resource: net::ERR_CONNECTION_REFUSED @ http://localhost:5173/:0
[ 1515189ms] [ERROR] Failed to load resource: net::ERR_CONNECTION_REFUSED @ http://localhost:5173/:0
[ 1516193ms] [ERROR] Failed to load resource: net::ERR_CONNECTION_REFUSED @ http://localhost:5173/:0
[ 1517197ms] [ERROR] Failed to load resource: net::ERR_CONNECTION_REFUSED @ http://localhost:5173/:0
[ 1518200ms] [ERROR] Failed to load resource: net::ERR_CONNECTION_REFUSED @ http://localhost:5173/:0
[ 1519204ms] [ERROR] Failed to load resource: net::ERR_CONNECTION_REFUSED @ http://localhost:5173/:0
[ 1520206ms] [ERROR] Failed to load resource: net::ERR_CONNECTION_REFUSED @ http://localhost:5173/:0
[ 1521210ms] [ERROR] Failed to load resource: net::ERR_CONNECTION_REFUSED @ http://localhost:5173/:0
[ 1522213ms] [ERROR] Failed to load resource: net::ERR_CONNECTION_REFUSED @ http://localhost:5173/:0
[ 1523216ms] [ERROR] Failed to load resource: net::ERR_CONNECTION_REFUSED @ http://localhost:5173/:0
[ 1524220ms] [ERROR] Failed to load resource: net::ERR_CONNECTION_REFUSED @ http://localhost:5173/:0
[ 1525223ms] [ERROR] Failed to load resource: net::ERR_CONNECTION_REFUSED @ http://localhost:5173/:0
[ 1526227ms] [ERROR] Failed to load resource: net::ERR_CONNECTION_REFUSED @ http://localhost:5173/:0
[ 1527231ms] [ERROR] Failed to load resource: net::ERR_CONNECTION_REFUSED @ http://localhost:5173/:0
[ 1528235ms] [ERROR] Failed to load resource: net::ERR_CONNECTION_REFUSED @ http://localhost:5173/:0
[ 1529239ms] [ERROR] Failed to load resource: net::ERR_CONNECTION_REFUSED @ http://localhost:5173/:0
[ 1530243ms] [ERROR] Failed to load resource: net::ERR_CONNECTION_REFUSED @ http://localhost:5173/:0
[ 1531247ms] [ERROR] Failed to load resource: net::ERR_CONNECTION_REFUSED @ http://localhost:5173/:0
[ 1532251ms] [ERROR] Failed to load resource: net::ERR_CONNECTION_REFUSED @ http://localhost:5173/:0
[ 1533253ms] [ERROR] Failed to load resource: net::ERR_CONNECTION_REFUSED @ http://localhost:5173/:0
[ 1534257ms] [ERROR] Failed to load resource: net::ERR_CONNECTION_REFUSED @ http://localhost:5173/:0
[ 1535261ms] [ERROR] Failed to load resource: net::ERR_CONNECTION_REFUSED @ http://localhost:5173/:0
[ 1536264ms] [ERROR] Failed to load resource: net::ERR_CONNECTION_REFUSED @ http://localhost:5173/:0
[ 1537267ms] [ERROR] Failed to load resource: net::ERR_CONNECTION_REFUSED @ http://localhost:5173/:0
[ 1538270ms] [ERROR] Failed to load resource: net::ERR_CONNECTION_REFUSED @ http://localhost:5173/:0
[ 1539274ms] [ERROR] Failed to load resource: net::ERR_CONNECTION_REFUSED @ http://localhost:5173/:0
[ 1540279ms] [ERROR] Failed to load resource: net::ERR_CONNECTION_REFUSED @ http://localhost:5173/:0
[ 1541283ms] [ERROR] Failed to load resource: net::ERR_CONNECTION_REFUSED @ http://localhost:5173/:0
[ 1542286ms] [ERROR] Failed to load resource: net::ERR_CONNECTION_REFUSED @ http://localhost:5173/:0
[ 1543288ms] [ERROR] Failed to load resource: net::ERR_CONNECTION_REFUSED @ http://localhost:5173/:0
[ 1544293ms] [ERROR] Failed to load resource: net::ERR_CONNECTION_REFUSED @ http://localhost:5173/:0
[ 1545297ms] [ERROR] Failed to load resource: net::ERR_CONNECTION_REFUSED @ http://localhost:5173/:0
[ 1546300ms] [ERROR] Failed to load resource: net::ERR_CONNECTION_REFUSED @ http://localhost:5173/:0
[ 1547306ms] [ERROR] Failed to load resource: net::ERR_CONNECTION_REFUSED @ http://localhost:5173/:0
[ 1548309ms] [ERROR] Failed to load resource: net::ERR_CONNECTION_REFUSED @ http://localhost:5173/:0
[ 1549312ms] [ERROR] Failed to load resource: net::ERR_CONNECTION_REFUSED @ http://localhost:5173/:0
[ 1550316ms] [ERROR] Failed to load resource: net::ERR_CONNECTION_REFUSED @ http://localhost:5173/:0
[ 1551319ms] [ERROR] Failed to load resource: net::ERR_CONNECTION_REFUSED @ http://localhost:5173/:0
[ 1552322ms] [ERROR] Failed to load resource: net::ERR_CONNECTION_REFUSED @ http://localhost:5173/:0
[ 1553326ms] [ERROR] Failed to load resource: net::ERR_CONNECTION_REFUSED @ http://localhost:5173/:0
[ 1554330ms] [ERROR] Failed to load resource: net::ERR_CONNECTION_REFUSED @ http://localhost:5173/:0
[ 1555334ms] [ERROR] Failed to load resource: net::ERR_CONNECTION_REFUSED @ http://localhost:5173/:0
[ 1556338ms] [ERROR] Failed to load resource: net::ERR_CONNECTION_REFUSED @ http://localhost:5173/:0
[ 1557343ms] [ERROR] Failed to load resource: net::ERR_CONNECTION_REFUSED @ http://localhost:5173/:0
[ 1558346ms] [ERROR] Failed to load resource: net::ERR_CONNECTION_REFUSED @ http://localhost:5173/:0
[ 1559349ms] [ERROR] Failed to load resource: net::ERR_CONNECTION_REFUSED @ http://localhost:5173/:0
[ 1560353ms] [ERROR] Failed to load resource: net::ERR_CONNECTION_REFUSED @ http://localhost:5173/:0
[ 1561357ms] [ERROR] Failed to load resource: net::ERR_CONNECTION_REFUSED @ http://localhost:5173/:0
[ 1562360ms] [ERROR] Failed to load resource: net::ERR_CONNECTION_REFUSED @ http://localhost:5173/:0
[ 1563370ms] [ERROR] Failed to load resource: net::ERR_CONNECTION_REFUSED @ http://localhost:5173/:0
[ 1564374ms] [ERROR] Failed to load resource: net::ERR_CONNECTION_REFUSED @ http://localhost:5173/:0
[ 1565377ms] [ERROR] Failed to load resource: net::ERR_CONNECTION_REFUSED @ http://localhost:5173/:0
[ 1566381ms] [ERROR] Failed to load resource: net::ERR_CONNECTION_REFUSED @ http://localhost:5173/:0
[ 1567385ms] [ERROR] Failed to load resource: net::ERR_CONNECTION_REFUSED @ http://localhost:5173/:0
[ 1568388ms] [ERROR] Failed to load resource: net::ERR_CONNECTION_REFUSED @ http://localhost:5173/:0
[ 1569392ms] [ERROR] Failed to load resource: net::ERR_CONNECTION_REFUSED @ http://localhost:5173/:0
[ 1570395ms] [ERROR] Failed to load resource: net::ERR_CONNECTION_REFUSED @ http://localhost:5173/:0
[ 1571398ms] [ERROR] Failed to load resource: net::ERR_CONNECTION_REFUSED @ http://localhost:5173/:0
[ 1572401ms] [ERROR] Failed to load resource: net::ERR_CONNECTION_REFUSED @ http://localhost:5173/:0
[ 1573405ms] [ERROR] Failed to load resource: net::ERR_CONNECTION_REFUSED @ http://localhost:5173/:0
[ 1574409ms] [ERROR] Failed to load resource: net::ERR_CONNECTION_REFUSED @ http://localhost:5173/:0
[ 1575412ms] [ERROR] Failed to load resource: net::ERR_CONNECTION_REFUSED @ http://localhost:5173/:0
[ 1576415ms] [ERROR] Failed to load resource: net::ERR_CONNECTION_REFUSED @ http://localhost:5173/:0
[ 1577419ms] [ERROR] Failed to load resource: net::ERR_CONNECTION_REFUSED @ http://localhost:5173/:0
[ 1578422ms] [ERROR] Failed to load resource: net::ERR_CONNECTION_REFUSED @ http://localhost:5173/:0
[ 1579427ms] [ERROR] Failed to load resource: net::ERR_CONNECTION_REFUSED @ http://localhost:5173/:0
[ 1580430ms] [ERROR] Failed to load resource: net::ERR_CONNECTION_REFUSED @ http://localhost:5173/:0
[ 1581434ms] [ERROR] Failed to load resource: net::ERR_CONNECTION_REFUSED @ http://localhost:5173/:0
[ 1582437ms] [ERROR] Failed to load resource: net::ERR_CONNECTION_REFUSED @ http://localhost:5173/:0
[ 1583441ms] [ERROR] Failed to load resource: net::ERR_CONNECTION_REFUSED @ http://localhost:5173/:0
[ 1584444ms] [ERROR] Failed to load resource: net::ERR_CONNECTION_REFUSED @ http://localhost:5173/:0
[ 1585448ms] [ERROR] Failed to load resource: net::ERR_CONNECTION_REFUSED @ http://localhost:5173/:0
[ 1586452ms] [ERROR] Failed to load resource: net::ERR_CONNECTION_REFUSED @ http://localhost:5173/:0
[ 1587456ms] [ERROR] Failed to load resource: net::ERR_CONNECTION_REFUSED @ http://localhost:5173/:0
[ 1588460ms] [ERROR] Failed to load resource: net::ERR_CONNECTION_REFUSED @ http://localhost:5173/:0
[ 1589464ms] [ERROR] Failed to load resource: net::ERR_CONNECTION_REFUSED @ http://localhost:5173/:0
[ 1590469ms] [ERROR] Failed to load resource: net::ERR_CONNECTION_REFUSED @ http://localhost:5173/:0
[ 1591472ms] [ERROR] Failed to load resource: net::ERR_CONNECTION_REFUSED @ http://localhost:5173/:0
[ 1592476ms] [ERROR] Failed to load resource: net::ERR_CONNECTION_REFUSED @ http://localhost:5173/:0
[ 1593480ms] [ERROR] Failed to load resource: net::ERR_CONNECTION_REFUSED @ http://localhost:5173/:0
[ 1594484ms] [ERROR] Failed to load resource: net::ERR_CONNECTION_REFUSED @ http://localhost:5173/:0
[ 1595487ms] [ERROR] Failed to load resource: net::ERR_CONNECTION_REFUSED @ http://localhost:5173/:0
[ 1596490ms] [ERROR] Failed to load resource: net::ERR_CONNECTION_REFUSED @ http://localhost:5173/:0
[ 1597494ms] [ERROR] Failed to load resource: net::ERR_CONNECTION_REFUSED @ http://localhost:5173/:0
[ 1598497ms] [ERROR] Failed to load resource: net::ERR_CONNECTION_REFUSED @ http://localhost:5173/:0
[ 1599501ms] [ERROR] Failed to load resource: net::ERR_CONNECTION_REFUSED @ http://localhost:5173/:0
[ 1600505ms] [ERROR] Failed to load resource: net::ERR_CONNECTION_REFUSED @ http://localhost:5173/:0
[ 1601508ms] [ERROR] Failed to load resource: net::ERR_CONNECTION_REFUSED @ http://localhost:5173/:0
[ 1602512ms] [ERROR] Failed to load resource: net::ERR_CONNECTION_REFUSED @ http://localhost:5173/:0
[ 1603515ms] [ERROR] Failed to load resource: net::ERR_CONNECTION_REFUSED @ http://localhost:5173/:0
[ 1604519ms] [ERROR] Failed to load resource: net::ERR_CONNECTION_REFUSED @ http://localhost:5173/:0
[ 1605522ms] [ERROR] Failed to load resource: net::ERR_CONNECTION_REFUSED @ http://localhost:5173/:0
[ 1606525ms] [ERROR] Failed to load resource: net::ERR_CONNECTION_REFUSED @ http://localhost:5173/:0
[ 1607529ms] [ERROR] Failed to load resource: net::ERR_CONNECTION_REFUSED @ http://localhost:5173/:0
[ 1608533ms] [ERROR] Failed to load resource: net::ERR_CONNECTION_REFUSED @ http://localhost:5173/:0
[ 1609537ms] [ERROR] Failed to load resource: net::ERR_CONNECTION_REFUSED @ http://localhost:5173/:0
[ 1610542ms] [ERROR] Failed to load resource: net::ERR_CONNECTION_REFUSED @ http://localhost:5173/:0
[ 1611544ms] [ERROR] Failed to load resource: net::ERR_CONNECTION_REFUSED @ http://localhost:5173/:0
[ 1612548ms] [ERROR] Failed to load resource: net::ERR_CONNECTION_REFUSED @ http://localhost:5173/:0
[ 1613552ms] [ERROR] Failed to load resource: net::ERR_CONNECTION_REFUSED @ http://localhost:5173/:0
[ 1614555ms] [ERROR] Failed to load resource: net::ERR_CONNECTION_REFUSED @ http://localhost:5173/:0
[ 1615560ms] [ERROR] Failed to load resource: net::ERR_CONNECTION_REFUSED @ http://localhost:5173/:0
[ 1616563ms] [ERROR] Failed to load resource: net::ERR_CONNECTION_REFUSED @ http://localhost:5173/:0
[ 1617567ms] [ERROR] Failed to load resource: net::ERR_CONNECTION_REFUSED @ http://localhost:5173/:0
[ 1618571ms] [ERROR] Failed to load resource: net::ERR_CONNECTION_REFUSED @ http://localhost:5173/:0
[ 1619574ms] [ERROR] Failed to load resource: net::ERR_CONNECTION_REFUSED @ http://localhost:5173/:0
[ 1620578ms] [ERROR] Failed to load resource: net::ERR_CONNECTION_REFUSED @ http://localhost:5173/:0
[ 1621582ms] [ERROR] Failed to load resource: net::ERR_CONNECTION_REFUSED @ http://localhost:5173/:0
[ 1622585ms] [ERROR] Failed to load resource: net::ERR_CONNECTION_REFUSED @ http://localhost:5173/:0
[ 1623588ms] [ERROR] Failed to load resource: net::ERR_CONNECTION_REFUSED @ http://localhost:5173/:0
[ 1624592ms] [ERROR] Failed to load resource: net::ERR_CONNECTION_REFUSED @ http://localhost:5173/:0
[ 1625596ms] [ERROR] Failed to load resource: net::ERR_CONNECTION_REFUSED @ http://localhost:5173/:0
[ 1626600ms] [ERROR] Failed to load resource: net::ERR_CONNECTION_REFUSED @ http://localhost:5173/:0
[ 1627603ms] [ERROR] Failed to load resource: net::ERR_CONNECTION_REFUSED @ http://localhost:5173/:0
[ 1628606ms] [ERROR] Failed to load resource: net::ERR_CONNECTION_REFUSED @ http://localhost:5173/:0
[ 1629609ms] [ERROR] Failed to load resource: net::ERR_CONNECTION_REFUSED @ http://localhost:5173/:0
[ 1630612ms] [ERROR] Failed to load resource: net::ERR_CONNECTION_REFUSED @ http://localhost:5173/:0
[ 1631616ms] [ERROR] Failed to load resource: net::ERR_CONNECTION_REFUSED @ http://localhost:5173/:0
[ 1632619ms] [ERROR] Failed to load resource: net::ERR_CONNECTION_REFUSED @ http://localhost:5173/:0
[ 1633622ms] [ERROR] Failed to load resource: net::ERR_CONNECTION_REFUSED @ http://localhost:5173/:0
[ 1634626ms] [ERROR] Failed to load resource: net::ERR_CONNECTION_REFUSED @ http://localhost:5173/:0
[ 1635629ms] [ERROR] Failed to load resource: net::ERR_CONNECTION_REFUSED @ http://localhost:5173/:0
[ 1636633ms] [ERROR] Failed to load resource: net::ERR_CONNECTION_REFUSED @ http://localhost:5173/:0
[ 1637637ms] [ERROR] Failed to load resource: net::ERR_CONNECTION_REFUSED @ http://localhost:5173/:0
[ 1638641ms] [ERROR] Failed to load resource: net::ERR_CONNECTION_REFUSED @ http://localhost:5173/:0
[ 1639644ms] [ERROR] Failed to load resource: net::ERR_CONNECTION_REFUSED @ http://localhost:5173/:0
[ 1640648ms] [ERROR] Failed to load resource: net::ERR_CONNECTION_REFUSED @ http://localhost:5173/:0
[ 1641652ms] [ERROR] Failed to load resource: net::ERR_CONNECTION_REFUSED @ http://localhost:5173/:0
[ 1642656ms] [ERROR] Failed to load resource: net::ERR_CONNECTION_REFUSED @ http://localhost:5173/:0
[ 1643659ms] [ERROR] Failed to load resource: net::ERR_CONNECTION_REFUSED @ http://localhost:5173/:0
[ 1644662ms] [ERROR] Failed to load resource: net::ERR_CONNECTION_REFUSED @ http://localhost:5173/:0
[ 1645666ms] [ERROR] Failed to load resource: net::ERR_CONNECTION_REFUSED @ http://localhost:5173/:0
[ 1646670ms] [ERROR] Failed to load resource: net::ERR_CONNECTION_REFUSED @ http://localhost:5173/:0
[ 1647673ms] [ERROR] Failed to load resource: net::ERR_CONNECTION_REFUSED @ http://localhost:5173/:0
[ 1648676ms] [ERROR] Failed to load resource: net::ERR_CONNECTION_REFUSED @ http://localhost:5173/:0
[ 1649679ms] [ERROR] Failed to load resource: net::ERR_CONNECTION_REFUSED @ http://localhost:5173/:0
[ 1650682ms] [ERROR] Failed to load resource: net::ERR_CONNECTION_REFUSED @ http://localhost:5173/:0
[ 1651685ms] [ERROR] Failed to load resource: net::ERR_CONNECTION_REFUSED @ http://localhost:5173/:0
[ 1652688ms] [ERROR] Failed to load resource: net::ERR_CONNECTION_REFUSED @ http://localhost:5173/:0
[ 1653693ms] [ERROR] Failed to load resource: net::ERR_CONNECTION_REFUSED @ http://localhost:5173/:0
[ 1654697ms] [ERROR] Failed to load resource: net::ERR_CONNECTION_REFUSED @ http://localhost:5173/:0
[ 1655701ms] [ERROR] Failed to load resource: net::ERR_CONNECTION_REFUSED @ http://localhost:5173/:0
[ 1656703ms] [ERROR] Failed to load resource: net::ERR_CONNECTION_REFUSED @ http://localhost:5173/:0
[ 1657707ms] [ERROR] Failed to load resource: net::ERR_CONNECTION_REFUSED @ http://localhost:5173/:0
[ 1658710ms] [ERROR] Failed to load resource: net::ERR_CONNECTION_REFUSED @ http://localhost:5173/:0
[ 1659712ms] [ERROR] Failed to load resource: net::ERR_CONNECTION_REFUSED @ http://localhost:5173/:0
[ 1660716ms] [ERROR] Failed to load resource: net::ERR_CONNECTION_REFUSED @ http://localhost:5173/:0
[ 1661719ms] [ERROR] Failed to load resource: net::ERR_CONNECTION_REFUSED @ http://localhost:5173/:0
[ 1662723ms] [ERROR] Failed to load resource: net::ERR_CONNECTION_REFUSED @ http://localhost:5173/:0
[ 1663727ms] [ERROR] Failed to load resource: net::ERR_CONNECTION_REFUSED @ http://localhost:5173/:0
[ 1664730ms] [ERROR] Failed to load resource: net::ERR_CONNECTION_REFUSED @ http://localhost:5173/:0
[ 1665734ms] [ERROR] Failed to load resource: net::ERR_CONNECTION_REFUSED @ http://localhost:5173/:0
[ 1666737ms] [ERROR] Failed to load resource: net::ERR_CONNECTION_REFUSED @ http://localhost:5173/:0
[ 1667741ms] [ERROR] Failed to load resource: net::ERR_CONNECTION_REFUSED @ http://localhost:5173/:0
[ 1668743ms] [ERROR] Failed to load resource: net::ERR_CONNECTION_REFUSED @ http://localhost:5173/:0
[ 1669745ms] [ERROR] Failed to load resource: net::ERR_CONNECTION_REFUSED @ http://localhost:5173/:0
[ 1670749ms] [ERROR] Failed to load resource: net::ERR_CONNECTION_REFUSED @ http://localhost:5173/:0
[ 1671753ms] [ERROR] Failed to load resource: net::ERR_CONNECTION_REFUSED @ http://localhost:5173/:0
[ 1672756ms] [ERROR] Failed to load resource: net::ERR_CONNECTION_REFUSED @ http://localhost:5173/:0
[ 1673760ms] [ERROR] Failed to load resource: net::ERR_CONNECTION_REFUSED @ http://localhost:5173/:0
[ 1674763ms] [ERROR] Failed to load resource: net::ERR_CONNECTION_REFUSED @ http://localhost:5173/:0
[ 1675767ms] [ERROR] Failed to load resource: net::ERR_CONNECTION_REFUSED @ http://localhost:5173/:0
[ 1676771ms] [ERROR] Failed to load resource: net::ERR_CONNECTION_REFUSED @ http://localhost:5173/:0
[ 1677775ms] [ERROR] Failed to load resource: net::ERR_CONNECTION_REFUSED @ http://localhost:5173/:0
[ 1678778ms] [ERROR] Failed to load resource: net::ERR_CONNECTION_REFUSED @ http://localhost:5173/:0
[ 1679782ms] [ERROR] Failed to load resource: net::ERR_CONNECTION_REFUSED @ http://localhost:5173/:0
[ 1680785ms] [ERROR] Failed to load resource: net::ERR_CONNECTION_REFUSED @ http://localhost:5173/:0
[ 1681788ms] [ERROR] Failed to load resource: net::ERR_CONNECTION_REFUSED @ http://localhost:5173/:0
[ 1682792ms] [ERROR] Failed to load resource: net::ERR_CONNECTION_REFUSED @ http://localhost:5173/:0
[ 1683795ms] [ERROR] Failed to load resource: net::ERR_CONNECTION_REFUSED @ http://localhost:5173/:0
[ 1684800ms] [ERROR] Failed to load resource: net::ERR_CONNECTION_REFUSED @ http://localhost:5173/:0
[ 1685806ms] [ERROR] Failed to load resource: net::ERR_CONNECTION_REFUSED @ http://localhost:5173/:0
[ 1686809ms] [ERROR] Failed to load resource: net::ERR_CONNECTION_REFUSED @ http://localhost:5173/:0
[ 1687812ms] [ERROR] Failed to load resource: net::ERR_CONNECTION_REFUSED @ http://localhost:5173/:0
[ 1688815ms] [ERROR] Failed to load resource: net::ERR_CONNECTION_REFUSED @ http://localhost:5173/:0
[ 1689819ms] [ERROR] Failed to load resource: net::ERR_CONNECTION_REFUSED @ http://localhost:5173/:0
[ 1690823ms] [ERROR] Failed to load resource: net::ERR_CONNECTION_REFUSED @ http://localhost:5173/:0
[ 1691826ms] [ERROR] Failed to load resource: net::ERR_CONNECTION_REFUSED @ http://localhost:5173/:0
[ 1692830ms] [ERROR] Failed to load resource: net::ERR_CONNECTION_REFUSED @ http://localhost:5173/:0
[ 1693835ms] [ERROR] Failed to load resource: net::ERR_CONNECTION_REFUSED @ http://localhost:5173/:0
[ 1694839ms] [ERROR] Failed to load resource: net::ERR_CONNECTION_REFUSED @ http://localhost:5173/:0
[ 1695841ms] [ERROR] Failed to load resource: net::ERR_CONNECTION_REFUSED @ http://localhost:5173/:0
[ 1696844ms] [ERROR] Failed to load resource: net::ERR_CONNECTION_REFUSED @ http://localhost:5173/:0
[ 1697846ms] [ERROR] Failed to load resource: net::ERR_CONNECTION_REFUSED @ http://localhost:5173/:0
[ 1698849ms] [ERROR] Failed to load resource: net::ERR_CONNECTION_REFUSED @ http://localhost:5173/:0
[ 1699852ms] [ERROR] Failed to load resource: net::ERR_CONNECTION_REFUSED @ http://localhost:5173/:0
[ 1700855ms] [ERROR] Failed to load resource: net::ERR_CONNECTION_REFUSED @ http://localhost:5173/:0
[ 1701859ms] [ERROR] Failed to load resource: net::ERR_CONNECTION_REFUSED @ http://localhost:5173/:0
[ 1702862ms] [ERROR] Failed to load resource: net::ERR_CONNECTION_REFUSED @ http://localhost:5173/:0
[ 1703865ms] [ERROR] Failed to load resource: net::ERR_CONNECTION_REFUSED @ http://localhost:5173/:0
[ 1704868ms] [ERROR] Failed to load resource: net::ERR_CONNECTION_REFUSED @ http://localhost:5173/:0
[ 1705871ms] [ERROR] Failed to load resource: net::ERR_CONNECTION_REFUSED @ http://localhost:5173/:0
[ 1706875ms] [ERROR] Failed to load resource: net::ERR_CONNECTION_REFUSED @ http://localhost:5173/:0
[ 1707878ms] [ERROR] Failed to load resource: net::ERR_CONNECTION_REFUSED @ http://localhost:5173/:0
[ 1708882ms] [ERROR] Failed to load resource: net::ERR_CONNECTION_REFUSED @ http://localhost:5173/:0
[ 1709885ms] [ERROR] Failed to load resource: net::ERR_CONNECTION_REFUSED @ http://localhost:5173/:0
[ 1710887ms] [ERROR] Failed to load resource: net::ERR_CONNECTION_REFUSED @ http://localhost:5173/:0
[ 1711891ms] [ERROR] Failed to load resource: net::ERR_CONNECTION_REFUSED @ http://localhost:5173/:0
[ 1712896ms] [ERROR] Failed to load resource: net::ERR_CONNECTION_REFUSED @ http://localhost:5173/:0
[ 1713899ms] [ERROR] Failed to load resource: net::ERR_CONNECTION_REFUSED @ http://localhost:5173/:0
[ 1714902ms] [ERROR] Failed to load resource: net::ERR_CONNECTION_REFUSED @ http://localhost:5173/:0
[ 1715905ms] [ERROR] Failed to load resource: net::ERR_CONNECTION_REFUSED @ http://localhost:5173/:0
[ 1716909ms] [ERROR] Failed to load resource: net::ERR_CONNECTION_REFUSED @ http://localhost:5173/:0
[ 1717912ms] [ERROR] Failed to load resource: net::ERR_CONNECTION_REFUSED @ http://localhost:5173/:0
[ 1718916ms] [ERROR] Failed to load resource: net::ERR_CONNECTION_REFUSED @ http://localhost:5173/:0
[ 1719918ms] [ERROR] Failed to load resource: net::ERR_CONNECTION_REFUSED @ http://localhost:5173/:0
[ 1720923ms] [ERROR] Failed to load resource: net::ERR_CONNECTION_REFUSED @ http://localhost:5173/:0
[ 1721925ms] [ERROR] Failed to load resource: net::ERR_CONNECTION_REFUSED @ http://localhost:5173/:0
[ 1722926ms] [ERROR] Failed to load resource: net::ERR_CONNECTION_REFUSED @ http://localhost:5173/:0
[ 1723929ms] [ERROR] Failed to load resource: net::ERR_CONNECTION_REFUSED @ http://localhost:5173/:0
[ 1724932ms] [ERROR] Failed to load resource: net::ERR_CONNECTION_REFUSED @ http://localhost:5173/:0
[ 1725935ms] [ERROR] Failed to load resource: net::ERR_CONNECTION_REFUSED @ http://localhost:5173/:0
[ 1726939ms] [ERROR] Failed to load resource: net::ERR_CONNECTION_REFUSED @ http://localhost:5173/:0
[ 1727941ms] [ERROR] Failed to load resource: net::ERR_CONNECTION_REFUSED @ http://localhost:5173/:0
[ 1728944ms] [ERROR] Failed to load resource: net::ERR_CONNECTION_REFUSED @ http://localhost:5173/:0
[ 1729948ms] [ERROR] Failed to load resource: net::ERR_CONNECTION_REFUSED @ http://localhost:5173/:0
[ 1730950ms] [ERROR] Failed to load resource: net::ERR_CONNECTION_REFUSED @ http://localhost:5173/:0
[ 1731953ms] [ERROR] Failed to load resource: net::ERR_CONNECTION_REFUSED @ http://localhost:5173/:0
[ 1732956ms] [ERROR] Failed to load resource: net::ERR_CONNECTION_REFUSED @ http://localhost:5173/:0
[ 1733959ms] [ERROR] Failed to load resource: net::ERR_CONNECTION_REFUSED @ http://localhost:5173/:0
[ 1734962ms] [ERROR] Failed to load resource: net::ERR_CONNECTION_REFUSED @ http://localhost:5173/:0
[ 1735965ms] [ERROR] Failed to load resource: net::ERR_CONNECTION_REFUSED @ http://localhost:5173/:0
[ 1736969ms] [ERROR] Failed to load resource: net::ERR_CONNECTION_REFUSED @ http://localhost:5173/:0
[ 1737971ms] [ERROR] Failed to load resource: net::ERR_CONNECTION_REFUSED @ http://localhost:5173/:0
[ 1738975ms] [ERROR] Failed to load resource: net::ERR_CONNECTION_REFUSED @ http://localhost:5173/:0
[ 1739979ms] [ERROR] Failed to load resource: net::ERR_CONNECTION_REFUSED @ http://localhost:5173/:0
[ 1740983ms] [ERROR] Failed to load resource: net::ERR_CONNECTION_REFUSED @ http://localhost:5173/:0
[ 1741985ms] [ERROR] Failed to load resource: net::ERR_CONNECTION_REFUSED @ http://localhost:5173/:0
[ 1742989ms] [ERROR] Failed to load resource: net::ERR_CONNECTION_REFUSED @ http://localhost:5173/:0
[ 1743992ms] [ERROR] Failed to load resource: net::ERR_CONNECTION_REFUSED @ http://localhost:5173/:0
[ 1744996ms] [ERROR] Failed to load resource: net::ERR_CONNECTION_REFUSED @ http://localhost:5173/:0
[ 1745999ms] [ERROR] Failed to load resource: net::ERR_CONNECTION_REFUSED @ http://localhost:5173/:0
[ 1747002ms] [ERROR] Failed to load resource: net::ERR_CONNECTION_REFUSED @ http://localhost:5173/:0
[ 1748005ms] [ERROR] Failed to load resource: net::ERR_CONNECTION_REFUSED @ http://localhost:5173/:0
[ 1749009ms] [ERROR] Failed to load resource: net::ERR_CONNECTION_REFUSED @ http://localhost:5173/:0
[ 1750012ms] [ERROR] Failed to load resource: net::ERR_CONNECTION_REFUSED @ http://localhost:5173/:0
[ 1751016ms] [ERROR] Failed to load resource: net::ERR_CONNECTION_REFUSED @ http://localhost:5173/:0
[ 1752019ms] [ERROR] Failed to load resource: net::ERR_CONNECTION_REFUSED @ http://localhost:5173/:0
[ 1753021ms] [ERROR] Failed to load resource: net::ERR_CONNECTION_REFUSED @ http://localhost:5173/:0
[ 1754024ms] [ERROR] Failed to load resource: net::ERR_CONNECTION_REFUSED @ http://localhost:5173/:0
[ 1755027ms] [ERROR] Failed to load resource: net::ERR_CONNECTION_REFUSED @ http://localhost:5173/:0
[ 1756030ms] [ERROR] Failed to load resource: net::ERR_CONNECTION_REFUSED @ http://localhost:5173/:0
[ 1757033ms] [ERROR] Failed to load resource: net::ERR_CONNECTION_REFUSED @ http://localhost:5173/:0
[ 1758038ms] [ERROR] Failed to load resource: net::ERR_CONNECTION_REFUSED @ http://localhost:5173/:0
[ 1759041ms] [ERROR] Failed to load resource: net::ERR_CONNECTION_REFUSED @ http://localhost:5173/:0
[ 1760044ms] [ERROR] Failed to load resource: net::ERR_CONNECTION_REFUSED @ http://localhost:5173/:0
[ 1761048ms] [ERROR] Failed to load resource: net::ERR_CONNECTION_REFUSED @ http://localhost:5173/:0
[ 1762052ms] [ERROR] Failed to load resource: net::ERR_CONNECTION_REFUSED @ http://localhost:5173/:0
[ 1763055ms] [ERROR] Failed to load resource: net::ERR_CONNECTION_REFUSED @ http://localhost:5173/:0
[ 1764058ms] [ERROR] Failed to load resource: net::ERR_CONNECTION_REFUSED @ http://localhost:5173/:0
[ 1765062ms] [ERROR] Failed to load resource: net::ERR_CONNECTION_REFUSED @ http://localhost:5173/:0
[ 1766066ms] [ERROR] Failed to load resource: net::ERR_CONNECTION_REFUSED @ http://localhost:5173/:0
[ 1767069ms] [ERROR] Failed to load resource: net::ERR_CONNECTION_REFUSED @ http://localhost:5173/:0
[ 1768072ms] [ERROR] Failed to load resource: net::ERR_CONNECTION_REFUSED @ http://localhost:5173/:0
[ 1769074ms] [ERROR] Failed to load resource: net::ERR_CONNECTION_REFUSED @ http://localhost:5173/:0
[ 1770079ms] [ERROR] Failed to load resource: net::ERR_CONNECTION_REFUSED @ http://localhost:5173/:0
[ 1771082ms] [ERROR] Failed to load resource: net::ERR_CONNECTION_REFUSED @ http://localhost:5173/:0
[ 1772086ms] [ERROR] Failed to load resource: net::ERR_CONNECTION_REFUSED @ http://localhost:5173/:0
[ 1773088ms] [ERROR] Failed to load resource: net::ERR_CONNECTION_REFUSED @ http://localhost:5173/:0
[ 1774091ms] [ERROR] Failed to load resource: net::ERR_CONNECTION_REFUSED @ http://localhost:5173/:0
[ 1775095ms] [ERROR] Failed to load resource: net::ERR_CONNECTION_REFUSED @ http://localhost:5173/:0
[ 1776099ms] [ERROR] Failed to load resource: net::ERR_CONNECTION_REFUSED @ http://localhost:5173/:0
[ 1777102ms] [ERROR] Failed to load resource: net::ERR_CONNECTION_REFUSED @ http://localhost:5173/:0
[ 1778106ms] [ERROR] Failed to load resource: net::ERR_CONNECTION_REFUSED @ http://localhost:5173/:0
[ 1779109ms] [ERROR] Failed to load resource: net::ERR_CONNECTION_REFUSED @ http://localhost:5173/:0
[ 1780113ms] [ERROR] Failed to load resource: net::ERR_CONNECTION_REFUSED @ http://localhost:5173/:0
[ 1781117ms] [ERROR] Failed to load resource: net::ERR_CONNECTION_REFUSED @ http://localhost:5173/:0
[ 1782120ms] [ERROR] Failed to load resource: net::ERR_CONNECTION_REFUSED @ http://localhost:5173/:0
[ 1783124ms] [ERROR] Failed to load resource: net::ERR_CONNECTION_REFUSED @ http://localhost:5173/:0
[ 1784127ms] [ERROR] Failed to load resource: net::ERR_CONNECTION_REFUSED @ http://localhost:5173/:0
[ 1785131ms] [ERROR] Failed to load resource: net::ERR_CONNECTION_REFUSED @ http://localhost:5173/:0
[ 1786134ms] [ERROR] Failed to load resource: net::ERR_CONNECTION_REFUSED @ http://localhost:5173/:0
[ 1787137ms] [ERROR] Failed to load resource: net::ERR_CONNECTION_REFUSED @ http://localhost:5173/:0
[ 1788141ms] [ERROR] Failed to load resource: net::ERR_CONNECTION_REFUSED @ http://localhost:5173/:0
[ 1789145ms] [ERROR] Failed to load resource: net::ERR_CONNECTION_REFUSED @ http://localhost:5173/:0
[ 1790149ms] [ERROR] Failed to load resource: net::ERR_CONNECTION_REFUSED @ http://localhost:5173/:0
[ 1791151ms] [ERROR] Failed to load resource: net::ERR_CONNECTION_REFUSED @ http://localhost:5173/:0
[ 1792154ms] [ERROR] Failed to load resource: net::ERR_CONNECTION_REFUSED @ http://localhost:5173/:0
[ 1793157ms] [ERROR] Failed to load resource: net::ERR_CONNECTION_REFUSED @ http://localhost:5173/:0
[ 1794160ms] [ERROR] Failed to load resource: net::ERR_CONNECTION_REFUSED @ http://localhost:5173/:0
[ 1795163ms] [ERROR] Failed to load resource: net::ERR_CONNECTION_REFUSED @ http://localhost:5173/:0
[ 1796166ms] [ERROR] Failed to load resource: net::ERR_CONNECTION_REFUSED @ http://localhost:5173/:0
[ 1797170ms] [ERROR] Failed to load resource: net::ERR_CONNECTION_REFUSED @ http://localhost:5173/:0
[ 1798174ms] [ERROR] Failed to load resource: net::ERR_CONNECTION_REFUSED @ http://localhost:5173/:0
[ 1799178ms] [ERROR] Failed to load resource: net::ERR_CONNECTION_REFUSED @ http://localhost:5173/:0
[ 1800182ms] [ERROR] Failed to load resource: net::ERR_CONNECTION_REFUSED @ http://localhost:5173/:0
[ 1801186ms] [ERROR] Failed to load resource: net::ERR_CONNECTION_REFUSED @ http://localhost:5173/:0
[ 1802189ms] [ERROR] Failed to load resource: net::ERR_CONNECTION_REFUSED @ http://localhost:5173/:0
[ 1803193ms] [ERROR] Failed to load resource: net::ERR_CONNECTION_REFUSED @ http://localhost:5173/:0
[ 1804197ms] [ERROR] Failed to load resource: net::ERR_CONNECTION_REFUSED @ http://localhost:5173/:0
[ 1805201ms] [ERROR] Failed to load resource: net::ERR_CONNECTION_REFUSED @ http://localhost:5173/:0
[ 1806204ms] [ERROR] Failed to load resource: net::ERR_CONNECTION_REFUSED @ http://localhost:5173/:0
[ 1807208ms] [ERROR] Failed to load resource: net::ERR_CONNECTION_REFUSED @ http://localhost:5173/:0
[ 1808211ms] [ERROR] Failed to load resource: net::ERR_CONNECTION_REFUSED @ http://localhost:5173/:0
[ 1809214ms] [ERROR] Failed to load resource: net::ERR_CONNECTION_REFUSED @ http://localhost:5173/:0
[ 1810217ms] [ERROR] Failed to load resource: net::ERR_CONNECTION_REFUSED @ http://localhost:5173/:0
[ 1811221ms] [ERROR] Failed to load resource: net::ERR_CONNECTION_REFUSED @ http://localhost:5173/:0
[ 1812224ms] [ERROR] Failed to load resource: net::ERR_CONNECTION_REFUSED @ http://localhost:5173/:0
[ 1813227ms] [ERROR] Failed to load resource: net::ERR_CONNECTION_REFUSED @ http://localhost:5173/:0
[ 1814231ms] [ERROR] Failed to load resource: net::ERR_CONNECTION_REFUSED @ http://localhost:5173/:0
[ 1815233ms] [ERROR] Failed to load resource: net::ERR_CONNECTION_REFUSED @ http://localhost:5173/:0
[ 1816237ms] [ERROR] Failed to load resource: net::ERR_CONNECTION_REFUSED @ http://localhost:5173/:0
[ 1817241ms] [ERROR] Failed to load resource: net::ERR_CONNECTION_REFUSED @ http://localhost:5173/:0
[ 1818245ms] [ERROR] Failed to load resource: net::ERR_CONNECTION_REFUSED @ http://localhost:5173/:0
[ 1819248ms] [ERROR] Failed to load resource: net::ERR_CONNECTION_REFUSED @ http://localhost:5173/:0
[ 1820250ms] [ERROR] Failed to load resource: net::ERR_CONNECTION_REFUSED @ http://localhost:5173/:0
[ 1821252ms] [ERROR] Failed to load resource: net::ERR_CONNECTION_REFUSED @ http://localhost:5173/:0
[ 1822257ms] [ERROR] Failed to load resource: net::ERR_CONNECTION_REFUSED @ http://localhost:5173/:0
[ 1823260ms] [ERROR] Failed to load resource: net::ERR_CONNECTION_REFUSED @ http://localhost:5173/:0
[ 1824263ms] [ERROR] Failed to load resource: net::ERR_CONNECTION_REFUSED @ http://localhost:5173/:0
[ 1825266ms] [ERROR] Failed to load resource: net::ERR_CONNECTION_REFUSED @ http://localhost:5173/:0
[ 1826270ms] [ERROR] Failed to load resource: net::ERR_CONNECTION_REFUSED @ http://localhost:5173/:0
[ 1827273ms] [ERROR] Failed to load resource: net::ERR_CONNECTION_REFUSED @ http://localhost:5173/:0
[ 1828276ms] [ERROR] Failed to load resource: net::ERR_CONNECTION_REFUSED @ http://localhost:5173/:0
[ 1829281ms] [ERROR] Failed to load resource: net::ERR_CONNECTION_REFUSED @ http://localhost:5173/:0
[ 1830284ms] [ERROR] Failed to load resource: net::ERR_CONNECTION_REFUSED @ http://localhost:5173/:0
[ 1831287ms] [ERROR] Failed to load resource: net::ERR_CONNECTION_REFUSED @ http://localhost:5173/:0
[ 1832291ms] [ERROR] Failed to load resource: net::ERR_CONNECTION_REFUSED @ http://localhost:5173/:0
[ 1833294ms] [ERROR] Failed to load resource: net::ERR_CONNECTION_REFUSED @ http://localhost:5173/:0
[ 1834298ms] [ERROR] Failed to load resource: net::ERR_CONNECTION_REFUSED @ http://localhost:5173/:0
[ 1835301ms] [ERROR] Failed to load resource: net::ERR_CONNECTION_REFUSED @ http://localhost:5173/:0
[ 1836304ms] [ERROR] Failed to load resource: net::ERR_CONNECTION_REFUSED @ http://localhost:5173/:0
[ 1837308ms] [ERROR] Failed to load resource: net::ERR_CONNECTION_REFUSED @ http://localhost:5173/:0
[ 1838311ms] [ERROR] Failed to load resource: net::ERR_CONNECTION_REFUSED @ http://localhost:5173/:0
[ 1839316ms] [ERROR] Failed to load resource: net::ERR_CONNECTION_REFUSED @ http://localhost:5173/:0
[ 1840321ms] [ERROR] Failed to load resource: net::ERR_CONNECTION_REFUSED @ http://localhost:5173/:0
[ 1841325ms] [ERROR] Failed to load resource: net::ERR_CONNECTION_REFUSED @ http://localhost:5173/:0
[ 1842329ms] [ERROR] Failed to load resource: net::ERR_CONNECTION_REFUSED @ http://localhost:5173/:0
[ 1843333ms] [ERROR] Failed to load resource: net::ERR_CONNECTION_REFUSED @ http://localhost:5173/:0
[ 1844337ms] [ERROR] Failed to load resource: net::ERR_CONNECTION_REFUSED @ http://localhost:5173/:0
[ 1845342ms] [ERROR] Failed to load resource: net::ERR_CONNECTION_REFUSED @ http://localhost:5173/:0
[ 1846345ms] [ERROR] Failed to load resource: net::ERR_CONNECTION_REFUSED @ http://localhost:5173/:0
[ 1847349ms] [ERROR] Failed to load resource: net::ERR_CONNECTION_REFUSED @ http://localhost:5173/:0
[ 1848353ms] [ERROR] Failed to load resource: net::ERR_CONNECTION_REFUSED @ http://localhost:5173/:0
[ 1849357ms] [ERROR] Failed to load resource: net::ERR_CONNECTION_REFUSED @ http://localhost:5173/:0
[ 1850359ms] [ERROR] Failed to load resource: net::ERR_CONNECTION_REFUSED @ http://localhost:5173/:0
[ 1851362ms] [ERROR] Failed to load resource: net::ERR_CONNECTION_REFUSED @ http://localhost:5173/:0
[ 1852365ms] [ERROR] Failed to load resource: net::ERR_CONNECTION_REFUSED @ http://localhost:5173/:0
[ 1853368ms] [ERROR] Failed to load resource: net::ERR_CONNECTION_REFUSED @ http://localhost:5173/:0
[ 1854372ms] [ERROR] Failed to load resource: net::ERR_CONNECTION_REFUSED @ http://localhost:5173/:0
[ 1855375ms] [ERROR] Failed to load resource: net::ERR_CONNECTION_REFUSED @ http://localhost:5173/:0
[ 1856378ms] [ERROR] Failed to load resource: net::ERR_CONNECTION_REFUSED @ http://localhost:5173/:0
[ 1857382ms] [ERROR] Failed to load resource: net::ERR_CONNECTION_REFUSED @ http://localhost:5173/:0
[ 1858386ms] [ERROR] Failed to load resource: net::ERR_CONNECTION_REFUSED @ http://localhost:5173/:0
[ 1859389ms] [ERROR] Failed to load resource: net::ERR_CONNECTION_REFUSED @ http://localhost:5173/:0
[ 1860393ms] [ERROR] Failed to load resource: net::ERR_CONNECTION_REFUSED @ http://localhost:5173/:0
[ 1861396ms] [ERROR] Failed to load resource: net::ERR_CONNECTION_REFUSED @ http://localhost:5173/:0
[ 1862400ms] [ERROR] Failed to load resource: net::ERR_CONNECTION_REFUSED @ http://localhost:5173/:0
[ 1863404ms] [ERROR] Failed to load resource: net::ERR_CONNECTION_REFUSED @ http://localhost:5173/:0
[ 1864409ms] [ERROR] Failed to load resource: net::ERR_CONNECTION_REFUSED @ http://localhost:5173/:0
[ 1865411ms] [ERROR] Failed to load resource: net::ERR_CONNECTION_REFUSED @ http://localhost:5173/:0
[ 1866415ms] [ERROR] Failed to load resource: net::ERR_CONNECTION_REFUSED @ http://localhost:5173/:0
[ 1867418ms] [ERROR] Failed to load resource: net::ERR_CONNECTION_REFUSED @ http://localhost:5173/:0
[ 1868421ms] [ERROR] Failed to load resource: net::ERR_CONNECTION_REFUSED @ http://localhost:5173/:0
[ 1869425ms] [ERROR] Failed to load resource: net::ERR_CONNECTION_REFUSED @ http://localhost:5173/:0
[ 1870429ms] [ERROR] Failed to load resource: net::ERR_CONNECTION_REFUSED @ http://localhost:5173/:0
[ 1871433ms] [ERROR] Failed to load resource: net::ERR_CONNECTION_REFUSED @ http://localhost:5173/:0
[ 1872437ms] [ERROR] Failed to load resource: net::ERR_CONNECTION_REFUSED @ http://localhost:5173/:0
[ 1873442ms] [ERROR] Failed to load resource: net::ERR_CONNECTION_REFUSED @ http://localhost:5173/:0
[ 1874446ms] [ERROR] Failed to load resource: net::ERR_CONNECTION_REFUSED @ http://localhost:5173/:0
[ 1875450ms] [ERROR] Failed to load resource: net::ERR_CONNECTION_REFUSED @ http://localhost:5173/:0
[ 1876452ms] [ERROR] Failed to load resource: net::ERR_CONNECTION_REFUSED @ http://localhost:5173/:0
[ 1877455ms] [ERROR] Failed to load resource: net::ERR_CONNECTION_REFUSED @ http://localhost:5173/:0
[ 1878459ms] [ERROR] Failed to load resource: net::ERR_CONNECTION_REFUSED @ http://localhost:5173/:0
[ 1879463ms] [ERROR] Failed to load resource: net::ERR_CONNECTION_REFUSED @ http://localhost:5173/:0
[ 1880467ms] [ERROR] Failed to load resource: net::ERR_CONNECTION_REFUSED @ http://localhost:5173/:0
[ 1881470ms] [ERROR] Failed to load resource: net::ERR_CONNECTION_REFUSED @ http://localhost:5173/:0
[ 1882475ms] [ERROR] Failed to load resource: net::ERR_CONNECTION_REFUSED @ http://localhost:5173/:0
[ 1883479ms] [ERROR] Failed to load resource: net::ERR_CONNECTION_REFUSED @ http://localhost:5173/:0
[ 1884483ms] [ERROR] Failed to load resource: net::ERR_CONNECTION_REFUSED @ http://localhost:5173/:0
[ 1885486ms] [ERROR] Failed to load resource: net::ERR_CONNECTION_REFUSED @ http://localhost:5173/:0
[ 1886489ms] [ERROR] Failed to load resource: net::ERR_CONNECTION_REFUSED @ http://localhost:5173/:0
[ 1887493ms] [ERROR] Failed to load resource: net::ERR_CONNECTION_REFUSED @ http://localhost:5173/:0
[ 1888496ms] [ERROR] Failed to load resource: net::ERR_CONNECTION_REFUSED @ http://localhost:5173/:0
[ 1889499ms] [ERROR] Failed to load resource: net::ERR_CONNECTION_REFUSED @ http://localhost:5173/:0
[ 1890503ms] [ERROR] Failed to load resource: net::ERR_CONNECTION_REFUSED @ http://localhost:5173/:0
[ 1891505ms] [ERROR] Failed to load resource: net::ERR_CONNECTION_REFUSED @ http://localhost:5173/:0
[ 1892510ms] [ERROR] Failed to load resource: net::ERR_CONNECTION_REFUSED @ http://localhost:5173/:0
[ 1893513ms] [ERROR] Failed to load resource: net::ERR_CONNECTION_REFUSED @ http://localhost:5173/:0
[ 1894517ms] [ERROR] Failed to load resource: net::ERR_CONNECTION_REFUSED @ http://localhost:5173/:0
[ 1895520ms] [ERROR] Failed to load resource: net::ERR_CONNECTION_REFUSED @ http://localhost:5173/:0
[ 1896523ms] [ERROR] Failed to load resource: net::ERR_CONNECTION_REFUSED @ http://localhost:5173/:0
[ 1897526ms] [ERROR] Failed to load resource: net::ERR_CONNECTION_REFUSED @ http://localhost:5173/:0
[ 1898529ms] [ERROR] Failed to load resource: net::ERR_CONNECTION_REFUSED @ http://localhost:5173/:0
[ 1899531ms] [ERROR] Failed to load resource: net::ERR_CONNECTION_REFUSED @ http://localhost:5173/:0
[ 1900537ms] [ERROR] Failed to load resource: net::ERR_CONNECTION_REFUSED @ http://localhost:5173/:0
[ 1901540ms] [ERROR] Failed to load resource: net::ERR_CONNECTION_REFUSED @ http://localhost:5173/:0
[ 1902543ms] [ERROR] Failed to load resource: net::ERR_CONNECTION_REFUSED @ http://localhost:5173/:0
[ 1903545ms] [ERROR] Failed to load resource: net::ERR_CONNECTION_REFUSED @ http://localhost:5173/:0
[ 1904548ms] [ERROR] Failed to load resource: net::ERR_CONNECTION_REFUSED @ http://localhost:5173/:0
[ 1905552ms] [ERROR] Failed to load resource: net::ERR_CONNECTION_REFUSED @ http://localhost:5173/:0
[ 1906556ms] [ERROR] Failed to load resource: net::ERR_CONNECTION_REFUSED @ http://localhost:5173/:0
[ 1907560ms] [ERROR] Failed to load resource: net::ERR_CONNECTION_REFUSED @ http://localhost:5173/:0
[ 1908563ms] [ERROR] Failed to load resource: net::ERR_CONNECTION_REFUSED @ http://localhost:5173/:0
[ 1909567ms] [ERROR] Failed to load resource: net::ERR_CONNECTION_REFUSED @ http://localhost:5173/:0
[ 1910570ms] [ERROR] Failed to load resource: net::ERR_CONNECTION_REFUSED @ http://localhost:5173/:0
[ 1911574ms] [ERROR] Failed to load resource: net::ERR_CONNECTION_REFUSED @ http://localhost:5173/:0
[ 1912578ms] [ERROR] Failed to load resource: net::ERR_CONNECTION_REFUSED @ http://localhost:5173/:0
[ 1913583ms] [ERROR] Failed to load resource: net::ERR_CONNECTION_REFUSED @ http://localhost:5173/:0
[ 1914587ms] [ERROR] Failed to load resource: net::ERR_CONNECTION_REFUSED @ http://localhost:5173/:0
[ 1915590ms] [ERROR] Failed to load resource: net::ERR_CONNECTION_REFUSED @ http://localhost:5173/:0
[ 1916594ms] [ERROR] Failed to load resource: net::ERR_CONNECTION_REFUSED @ http://localhost:5173/:0
[ 1917597ms] [ERROR] Failed to load resource: net::ERR_CONNECTION_REFUSED @ http://localhost:5173/:0
[ 1918601ms] [ERROR] Failed to load resource: net::ERR_CONNECTION_REFUSED @ http://localhost:5173/:0
[ 1919604ms] [ERROR] Failed to load resource: net::ERR_CONNECTION_REFUSED @ http://localhost:5173/:0
[ 1920608ms] [ERROR] Failed to load resource: net::ERR_CONNECTION_REFUSED @ http://localhost:5173/:0
[ 1921612ms] [ERROR] Failed to load resource: net::ERR_CONNECTION_REFUSED @ http://localhost:5173/:0
[ 1922619ms] [ERROR] Failed to load resource: net::ERR_CONNECTION_REFUSED @ http://localhost:5173/:0
[ 1923621ms] [ERROR] Failed to load resource: net::ERR_CONNECTION_REFUSED @ http://localhost:5173/:0
[ 1924625ms] [ERROR] Failed to load resource: net::ERR_CONNECTION_REFUSED @ http://localhost:5173/:0
[ 1925629ms] [ERROR] Failed to load resource: net::ERR_CONNECTION_REFUSED @ http://localhost:5173/:0
[ 1926631ms] [ERROR] Failed to load resource: net::ERR_CONNECTION_REFUSED @ http://localhost:5173/:0
[ 1927635ms] [ERROR] Failed to load resource: net::ERR_CONNECTION_REFUSED @ http://localhost:5173/:0
[ 1928638ms] [ERROR] Failed to load resource: net::ERR_CONNECTION_REFUSED @ http://localhost:5173/:0
[ 1929642ms] [ERROR] Failed to load resource: net::ERR_CONNECTION_REFUSED @ http://localhost:5173/:0
[ 1930645ms] [ERROR] Failed to load resource: net::ERR_CONNECTION_REFUSED @ http://localhost:5173/:0
[ 1931649ms] [ERROR] Failed to load resource: net::ERR_CONNECTION_REFUSED @ http://localhost:5173/:0
[ 1932654ms] [ERROR] Failed to load resource: net::ERR_CONNECTION_REFUSED @ http://localhost:5173/:0
[ 1933657ms] [ERROR] Failed to load resource: net::ERR_CONNECTION_REFUSED @ http://localhost:5173/:0
[ 1934662ms] [ERROR] Failed to load resource: net::ERR_CONNECTION_REFUSED @ http://localhost:5173/:0
[ 1935666ms] [ERROR] Failed to load resource: net::ERR_CONNECTION_REFUSED @ http://localhost:5173/:0
[ 1936671ms] [ERROR] Failed to load resource: net::ERR_CONNECTION_REFUSED @ http://localhost:5173/:0
[ 1937675ms] [ERROR] Failed to load resource: net::ERR_CONNECTION_REFUSED @ http://localhost:5173/:0
[ 1938678ms] [ERROR] Failed to load resource: net::ERR_CONNECTION_REFUSED @ http://localhost:5173/:0
[ 1939681ms] [ERROR] Failed to load resource: net::ERR_CONNECTION_REFUSED @ http://localhost:5173/:0
[ 1940685ms] [ERROR] Failed to load resource: net::ERR_CONNECTION_REFUSED @ http://localhost:5173/:0
[ 1941688ms] [ERROR] Failed to load resource: net::ERR_CONNECTION_REFUSED @ http://localhost:5173/:0
[ 1942692ms] [ERROR] Failed to load resource: net::ERR_CONNECTION_REFUSED @ http://localhost:5173/:0
[ 1943696ms] [ERROR] Failed to load resource: net::ERR_CONNECTION_REFUSED @ http://localhost:5173/:0
[ 1944699ms] [ERROR] Failed to load resource: net::ERR_CONNECTION_REFUSED @ http://localhost:5173/:0
[ 1945702ms] [ERROR] Failed to load resource: net::ERR_CONNECTION_REFUSED @ http://localhost:5173/:0
[ 1946705ms] [ERROR] Failed to load resource: net::ERR_CONNECTION_REFUSED @ http://localhost:5173/:0
[ 1947709ms] [ERROR] Failed to load resource: net::ERR_CONNECTION_REFUSED @ http://localhost:5173/:0
[ 1948712ms] [ERROR] Failed to load resource: net::ERR_CONNECTION_REFUSED @ http://localhost:5173/:0
[ 1949716ms] [ERROR] Failed to load resource: net::ERR_CONNECTION_REFUSED @ http://localhost:5173/:0
[ 1950720ms] [ERROR] Failed to load resource: net::ERR_CONNECTION_REFUSED @ http://localhost:5173/:0
[ 1951723ms] [ERROR] Failed to load resource: net::ERR_CONNECTION_REFUSED @ http://localhost:5173/:0
[ 1952727ms] [ERROR] Failed to load resource: net::ERR_CONNECTION_REFUSED @ http://localhost:5173/:0
[ 1953731ms] [ERROR] Failed to load resource: net::ERR_CONNECTION_REFUSED @ http://localhost:5173/:0
[ 1954735ms] [ERROR] Failed to load resource: net::ERR_CONNECTION_REFUSED @ http://localhost:5173/:0
[ 1955738ms] [ERROR] Failed to load resource: net::ERR_CONNECTION_REFUSED @ http://localhost:5173/:0
[ 1956742ms] [ERROR] Failed to load resource: net::ERR_CONNECTION_REFUSED @ http://localhost:5173/:0
[ 1957745ms] [ERROR] Failed to load resource: net::ERR_CONNECTION_REFUSED @ http://localhost:5173/:0
[ 1958749ms] [ERROR] Failed to load resource: net::ERR_CONNECTION_REFUSED @ http://localhost:5173/:0
[ 1959751ms] [ERROR] Failed to load resource: net::ERR_CONNECTION_REFUSED @ http://localhost:5173/:0
[ 1960754ms] [ERROR] Failed to load resource: net::ERR_CONNECTION_REFUSED @ http://localhost:5173/:0
[ 1961757ms] [ERROR] Failed to load resource: net::ERR_CONNECTION_REFUSED @ http://localhost:5173/:0
[ 1962761ms] [ERROR] Failed to load resource: net::ERR_CONNECTION_REFUSED @ http://localhost:5173/:0
[ 1963764ms] [ERROR] Failed to load resource: net::ERR_CONNECTION_REFUSED @ http://localhost:5173/:0
[ 1964768ms] [ERROR] Failed to load resource: net::ERR_CONNECTION_REFUSED @ http://localhost:5173/:0
[ 1965771ms] [ERROR] Failed to load resource: net::ERR_CONNECTION_REFUSED @ http://localhost:5173/:0
[ 1966774ms] [ERROR] Failed to load resource: net::ERR_CONNECTION_REFUSED @ http://localhost:5173/:0
[ 1967777ms] [ERROR] Failed to load resource: net::ERR_CONNECTION_REFUSED @ http://localhost:5173/:0
[ 1968780ms] [ERROR] Failed to load resource: net::ERR_CONNECTION_REFUSED @ http://localhost:5173/:0
[ 1969784ms] [ERROR] Failed to load resource: net::ERR_CONNECTION_REFUSED @ http://localhost:5173/:0
[ 1970787ms] [ERROR] Failed to load resource: net::ERR_CONNECTION_REFUSED @ http://localhost:5173/:0
[ 1971791ms] [ERROR] Failed to load resource: net::ERR_CONNECTION_REFUSED @ http://localhost:5173/:0
[ 1972795ms] [ERROR] Failed to load resource: net::ERR_CONNECTION_REFUSED @ http://localhost:5173/:0
[ 1973799ms] [ERROR] Failed to load resource: net::ERR_CONNECTION_REFUSED @ http://localhost:5173/:0
[ 1974803ms] [ERROR] Failed to load resource: net::ERR_CONNECTION_REFUSED @ http://localhost:5173/:0
[ 1975807ms] [ERROR] Failed to load resource: net::ERR_CONNECTION_REFUSED @ http://localhost:5173/:0
[ 1976811ms] [ERROR] Failed to load resource: net::ERR_CONNECTION_REFUSED @ http://localhost:5173/:0
[ 1977814ms] [ERROR] Failed to load resource: net::ERR_CONNECTION_REFUSED @ http://localhost:5173/:0
[ 1978818ms] [ERROR] Failed to load resource: net::ERR_CONNECTION_REFUSED @ http://localhost:5173/:0
[ 1979821ms] [ERROR] Failed to load resource: net::ERR_CONNECTION_REFUSED @ http://localhost:5173/:0
[ 1980825ms] [ERROR] Failed to load resource: net::ERR_CONNECTION_REFUSED @ http://localhost:5173/:0
[ 1981829ms] [ERROR] Failed to load resource: net::ERR_CONNECTION_REFUSED @ http://localhost:5173/:0
[ 1982832ms] [ERROR] Failed to load resource: net::ERR_CONNECTION_REFUSED @ http://localhost:5173/:0
[ 1983835ms] [ERROR] Failed to load resource: net::ERR_CONNECTION_REFUSED @ http://localhost:5173/:0
[ 1984838ms] [ERROR] Failed to load resource: net::ERR_CONNECTION_REFUSED @ http://localhost:5173/:0
[ 1985842ms] [ERROR] Failed to load resource: net::ERR_CONNECTION_REFUSED @ http://localhost:5173/:0
[ 1986845ms] [ERROR] Failed to load resource: net::ERR_CONNECTION_REFUSED @ http://localhost:5173/:0
[ 1987849ms] [ERROR] Failed to load resource: net::ERR_CONNECTION_REFUSED @ http://localhost:5173/:0
[ 1988853ms] [ERROR] Failed to load resource: net::ERR_CONNECTION_REFUSED @ http://localhost:5173/:0
[ 1989857ms] [ERROR] Failed to load resource: net::ERR_CONNECTION_REFUSED @ http://localhost:5173/:0
[ 1990860ms] [ERROR] Failed to load resource: net::ERR_CONNECTION_REFUSED @ http://localhost:5173/:0
[ 1991864ms] [ERROR] Failed to load resource: net::ERR_CONNECTION_REFUSED @ http://localhost:5173/:0
[ 1992869ms] [ERROR] Failed to load resource: net::ERR_CONNECTION_REFUSED @ http://localhost:5173/:0
[ 1993873ms] [ERROR] Failed to load resource: net::ERR_CONNECTION_REFUSED @ http://localhost:5173/:0
[ 1994877ms] [ERROR] Failed to load resource: net::ERR_CONNECTION_REFUSED @ http://localhost:5173/:0
[ 1995880ms] [ERROR] Failed to load resource: net::ERR_CONNECTION_REFUSED @ http://localhost:5173/:0
[ 1996885ms] [ERROR] Failed to load resource: net::ERR_CONNECTION_REFUSED @ http://localhost:5173/:0
[ 1997888ms] [ERROR] Failed to load resource: net::ERR_CONNECTION_REFUSED @ http://localhost:5173/:0
[ 1998891ms] [ERROR] Failed to load resource: net::ERR_CONNECTION_REFUSED @ http://localhost:5173/:0
[ 1999893ms] [ERROR] Failed to load resource: net::ERR_CONNECTION_REFUSED @ http://localhost:5173/:0
[ 2000896ms] [ERROR] Failed to load resource: net::ERR_CONNECTION_REFUSED @ http://localhost:5173/:0
[ 2001900ms] [ERROR] Failed to load resource: net::ERR_CONNECTION_REFUSED @ http://localhost:5173/:0
[ 2002903ms] [ERROR] Failed to load resource: net::ERR_CONNECTION_REFUSED @ http://localhost:5173/:0
[ 2003907ms] [ERROR] Failed to load resource: net::ERR_CONNECTION_REFUSED @ http://localhost:5173/:0
[ 2004912ms] [ERROR] Failed to load resource: net::ERR_CONNECTION_REFUSED @ http://localhost:5173/:0
[ 2005915ms] [ERROR] Failed to load resource: net::ERR_CONNECTION_REFUSED @ http://localhost:5173/:0
[ 2006919ms] [ERROR] Failed to load resource: net::ERR_CONNECTION_REFUSED @ http://localhost:5173/:0
[ 2007921ms] [ERROR] Failed to load resource: net::ERR_CONNECTION_REFUSED @ http://localhost:5173/:0
[ 2008924ms] [ERROR] Failed to load resource: net::ERR_CONNECTION_REFUSED @ http://localhost:5173/:0
[ 2009929ms] [ERROR] Failed to load resource: net::ERR_CONNECTION_REFUSED @ http://localhost:5173/:0
[ 2010932ms] [ERROR] Failed to load resource: net::ERR_CONNECTION_REFUSED @ http://localhost:5173/:0
[ 2011936ms] [ERROR] Failed to load resource: net::ERR_CONNECTION_REFUSED @ http://localhost:5173/:0
[ 2012940ms] [ERROR] Failed to load resource: net::ERR_CONNECTION_REFUSED @ http://localhost:5173/:0
[ 2013944ms] [ERROR] Failed to load resource: net::ERR_CONNECTION_REFUSED @ http://localhost:5173/:0
[ 2014948ms] [ERROR] Failed to load resource: net::ERR_CONNECTION_REFUSED @ http://localhost:5173/:0
[ 2015951ms] [ERROR] Failed to load resource: net::ERR_CONNECTION_REFUSED @ http://localhost:5173/:0
[ 2016954ms] [ERROR] Failed to load resource: net::ERR_CONNECTION_REFUSED @ http://localhost:5173/:0
[ 2017957ms] [ERROR] Failed to load resource: net::ERR_CONNECTION_REFUSED @ http://localhost:5173/:0
[ 2018960ms] [ERROR] Failed to load resource: net::ERR_CONNECTION_REFUSED @ http://localhost:5173/:0
[ 2019963ms] [ERROR] Failed to load resource: net::ERR_CONNECTION_REFUSED @ http://localhost:5173/:0
[ 2020966ms] [ERROR] Failed to load resource: net::ERR_CONNECTION_REFUSED @ http://localhost:5173/:0
[ 2021969ms] [ERROR] Failed to load resource: net::ERR_CONNECTION_REFUSED @ http://localhost:5173/:0
[ 2022972ms] [ERROR] Failed to load resource: net::ERR_CONNECTION_REFUSED @ http://localhost:5173/:0
[ 2023976ms] [ERROR] Failed to load resource: net::ERR_CONNECTION_REFUSED @ http://localhost:5173/:0
[ 2024977ms] [ERROR] Failed to load resource: net::ERR_CONNECTION_REFUSED @ http://localhost:5173/:0
[ 2025980ms] [ERROR] Failed to load resource: net::ERR_CONNECTION_REFUSED @ http://localhost:5173/:0
[ 2026983ms] [ERROR] Failed to load resource: net::ERR_CONNECTION_REFUSED @ http://localhost:5173/:0
[ 2027988ms] [ERROR] Failed to load resource: net::ERR_CONNECTION_REFUSED @ http://localhost:5173/:0
[ 2028991ms] [ERROR] Failed to load resource: net::ERR_CONNECTION_REFUSED @ http://localhost:5173/:0
[ 2029995ms] [ERROR] Failed to load resource: net::ERR_CONNECTION_REFUSED @ http://localhost:5173/:0
[ 2030999ms] [ERROR] Failed to load resource: net::ERR_CONNECTION_REFUSED @ http://localhost:5173/:0
[ 2032001ms] [ERROR] Failed to load resource: net::ERR_CONNECTION_REFUSED @ http://localhost:5173/:0
[ 2033003ms] [ERROR] Failed to load resource: net::ERR_CONNECTION_REFUSED @ http://localhost:5173/:0
[ 2034007ms] [ERROR] Failed to load resource: net::ERR_CONNECTION_REFUSED @ http://localhost:5173/:0
[ 2035010ms] [ERROR] Failed to load resource: net::ERR_CONNECTION_REFUSED @ http://localhost:5173/:0
[ 2036013ms] [ERROR] Failed to load resource: net::ERR_CONNECTION_REFUSED @ http://localhost:5173/:0
[ 2037016ms] [ERROR] Failed to load resource: net::ERR_CONNECTION_REFUSED @ http://localhost:5173/:0
[ 2038018ms] [ERROR] Failed to load resource: net::ERR_CONNECTION_REFUSED @ http://localhost:5173/:0
[ 2039021ms] [ERROR] Failed to load resource: net::ERR_CONNECTION_REFUSED @ http://localhost:5173/:0
[ 2040025ms] [ERROR] Failed to load resource: net::ERR_CONNECTION_REFUSED @ http://localhost:5173/:0
[ 2041028ms] [ERROR] Failed to load resource: net::ERR_CONNECTION_REFUSED @ http://localhost:5173/:0
[ 2042032ms] [ERROR] Failed to load resource: net::ERR_CONNECTION_REFUSED @ http://localhost:5173/:0
[ 2043036ms] [ERROR] Failed to load resource: net::ERR_CONNECTION_REFUSED @ http://localhost:5173/:0
[ 2044040ms] [ERROR] Failed to load resource: net::ERR_CONNECTION_REFUSED @ http://localhost:5173/:0
[ 2045044ms] [ERROR] Failed to load resource: net::ERR_CONNECTION_REFUSED @ http://localhost:5173/:0
[ 2046048ms] [ERROR] Failed to load resource: net::ERR_CONNECTION_REFUSED @ http://localhost:5173/:0
[ 2047053ms] [ERROR] Failed to load resource: net::ERR_CONNECTION_REFUSED @ http://localhost:5173/:0
[ 2048057ms] [ERROR] Failed to load resource: net::ERR_CONNECTION_REFUSED @ http://localhost:5173/:0
[ 2049060ms] [ERROR] Failed to load resource: net::ERR_CONNECTION_REFUSED @ http://localhost:5173/:0
[ 2050064ms] [ERROR] Failed to load resource: net::ERR_CONNECTION_REFUSED @ http://localhost:5173/:0
[ 2051067ms] [ERROR] Failed to load resource: net::ERR_CONNECTION_REFUSED @ http://localhost:5173/:0
[ 2052071ms] [ERROR] Failed to load resource: net::ERR_CONNECTION_REFUSED @ http://localhost:5173/:0
[ 2053075ms] [ERROR] Failed to load resource: net::ERR_CONNECTION_REFUSED @ http://localhost:5173/:0
[ 2054078ms] [ERROR] Failed to load resource: net::ERR_CONNECTION_REFUSED @ http://localhost:5173/:0
[ 2055082ms] [ERROR] Failed to load resource: net::ERR_CONNECTION_REFUSED @ http://localhost:5173/:0
[ 2056085ms] [ERROR] Failed to load resource: net::ERR_CONNECTION_REFUSED @ http://localhost:5173/:0
[ 2057089ms] [ERROR] Failed to load resource: net::ERR_CONNECTION_REFUSED @ http://localhost:5173/:0
[ 2058092ms] [ERROR] Failed to load resource: net::ERR_CONNECTION_REFUSED @ http://localhost:5173/:0
[ 2059096ms] [ERROR] Failed to load resource: net::ERR_CONNECTION_REFUSED @ http://localhost:5173/:0
[ 2060100ms] [ERROR] Failed to load resource: net::ERR_CONNECTION_REFUSED @ http://localhost:5173/:0
[ 2061103ms] [ERROR] Failed to load resource: net::ERR_CONNECTION_REFUSED @ http://localhost:5173/:0
[ 2062107ms] [ERROR] Failed to load resource: net::ERR_CONNECTION_REFUSED @ http://localhost:5173/:0
[ 2063111ms] [ERROR] Failed to load resource: net::ERR_CONNECTION_REFUSED @ http://localhost:5173/:0
[ 2064115ms] [ERROR] Failed to load resource: net::ERR_CONNECTION_REFUSED @ http://localhost:5173/:0
[ 2065118ms] [ERROR] Failed to load resource: net::ERR_CONNECTION_REFUSED @ http://localhost:5173/:0
[ 2066122ms] [ERROR] Failed to load resource: net::ERR_CONNECTION_REFUSED @ http://localhost:5173/:0
[ 2067125ms] [ERROR] Failed to load resource: net::ERR_CONNECTION_REFUSED @ http://localhost:5173/:0
[ 2068128ms] [ERROR] Failed to load resource: net::ERR_CONNECTION_REFUSED @ http://localhost:5173/:0
[ 2069131ms] [ERROR] Failed to load resource: net::ERR_CONNECTION_REFUSED @ http://localhost:5173/:0
[ 2070134ms] [ERROR] Failed to load resource: net::ERR_CONNECTION_REFUSED @ http://localhost:5173/:0
[ 2071138ms] [ERROR] Failed to load resource: net::ERR_CONNECTION_REFUSED @ http://localhost:5173/:0
[ 2072142ms] [ERROR] Failed to load resource: net::ERR_CONNECTION_REFUSED @ http://localhost:5173/:0
[ 2073145ms] [ERROR] Failed to load resource: net::ERR_CONNECTION_REFUSED @ http://localhost:5173/:0
[ 2074149ms] [ERROR] Failed to load resource: net::ERR_CONNECTION_REFUSED @ http://localhost:5173/:0
[ 2075153ms] [ERROR] Failed to load resource: net::ERR_CONNECTION_REFUSED @ http://localhost:5173/:0
[ 2076156ms] [ERROR] Failed to load resource: net::ERR_CONNECTION_REFUSED @ http://localhost:5173/:0
[ 2077160ms] [ERROR] Failed to load resource: net::ERR_CONNECTION_REFUSED @ http://localhost:5173/:0
[ 2078164ms] [ERROR] Failed to load resource: net::ERR_CONNECTION_REFUSED @ http://localhost:5173/:0
[ 2079167ms] [ERROR] Failed to load resource: net::ERR_CONNECTION_REFUSED @ http://localhost:5173/:0
[ 2080169ms] [ERROR] Failed to load resource: net::ERR_CONNECTION_REFUSED @ http://localhost:5173/:0
[ 2081173ms] [ERROR] Failed to load resource: net::ERR_CONNECTION_REFUSED @ http://localhost:5173/:0
[ 2082179ms] [ERROR] Failed to load resource: net::ERR_CONNECTION_REFUSED @ http://localhost:5173/:0
[ 2083183ms] [ERROR] Failed to load resource: net::ERR_CONNECTION_REFUSED @ http://localhost:5173/:0
[ 2084186ms] [ERROR] Failed to load resource: net::ERR_CONNECTION_REFUSED @ http://localhost:5173/:0
[ 2085189ms] [ERROR] Failed to load resource: net::ERR_CONNECTION_REFUSED @ http://localhost:5173/:0
[ 2086193ms] [ERROR] Failed to load resource: net::ERR_CONNECTION_REFUSED @ http://localhost:5173/:0
[ 2087196ms] [ERROR] Failed to load resource: net::ERR_CONNECTION_REFUSED @ http://localhost:5173/:0
[ 2088200ms] [ERROR] Failed to load resource: net::ERR_CONNECTION_REFUSED @ http://localhost:5173/:0
[ 2089202ms] [ERROR] Failed to load resource: net::ERR_CONNECTION_REFUSED @ http://localhost:5173/:0
[ 2090205ms] [ERROR] Failed to load resource: net::ERR_CONNECTION_REFUSED @ http://localhost:5173/:0
[ 2091208ms] [ERROR] Failed to load resource: net::ERR_CONNECTION_REFUSED @ http://localhost:5173/:0
[ 2092211ms] [ERROR] Failed to load resource: net::ERR_CONNECTION_REFUSED @ http://localhost:5173/:0
[ 2093214ms] [ERROR] Failed to load resource: net::ERR_CONNECTION_REFUSED @ http://localhost:5173/:0
[ 2094218ms] [ERROR] Failed to load resource: net::ERR_CONNECTION_REFUSED @ http://localhost:5173/:0
[ 2095221ms] [ERROR] Failed to load resource: net::ERR_CONNECTION_REFUSED @ http://localhost:5173/:0
[ 2096224ms] [ERROR] Failed to load resource: net::ERR_CONNECTION_REFUSED @ http://localhost:5173/:0
[ 2097227ms] [ERROR] Failed to load resource: net::ERR_CONNECTION_REFUSED @ http://localhost:5173/:0
[ 2098229ms] [ERROR] Failed to load resource: net::ERR_CONNECTION_REFUSED @ http://localhost:5173/:0
[ 2099233ms] [ERROR] Failed to load resource: net::ERR_CONNECTION_REFUSED @ http://localhost:5173/:0
[ 2100236ms] [ERROR] Failed to load resource: net::ERR_CONNECTION_REFUSED @ http://localhost:5173/:0
[ 2101239ms] [ERROR] Failed to load resource: net::ERR_CONNECTION_REFUSED @ http://localhost:5173/:0
[ 2102243ms] [ERROR] Failed to load resource: net::ERR_CONNECTION_REFUSED @ http://localhost:5173/:0
[ 2103246ms] [ERROR] Failed to load resource: net::ERR_CONNECTION_REFUSED @ http://localhost:5173/:0
[ 2104248ms] [ERROR] Failed to load resource: net::ERR_CONNECTION_REFUSED @ http://localhost:5173/:0
[ 2105252ms] [ERROR] Failed to load resource: net::ERR_CONNECTION_REFUSED @ http://localhost:5173/:0
[ 2106257ms] [ERROR] Failed to load resource: net::ERR_CONNECTION_REFUSED @ http://localhost:5173/:0
[ 2107260ms] [ERROR] Failed to load resource: net::ERR_CONNECTION_REFUSED @ http://localhost:5173/:0
[ 2108264ms] [ERROR] Failed to load resource: net::ERR_CONNECTION_REFUSED @ http://localhost:5173/:0
[ 2109267ms] [ERROR] Failed to load resource: net::ERR_CONNECTION_REFUSED @ http://localhost:5173/:0
[ 2110271ms] [ERROR] Failed to load resource: net::ERR_CONNECTION_REFUSED @ http://localhost:5173/:0
[ 2111274ms] [ERROR] Failed to load resource: net::ERR_CONNECTION_REFUSED @ http://localhost:5173/:0
[ 2112278ms] [ERROR] Failed to load resource: net::ERR_CONNECTION_REFUSED @ http://localhost:5173/:0
[ 2113282ms] [ERROR] Failed to load resource: net::ERR_CONNECTION_REFUSED @ http://localhost:5173/:0
[ 2114286ms] [ERROR] Failed to load resource: net::ERR_CONNECTION_REFUSED @ http://localhost:5173/:0
[ 2115289ms] [ERROR] Failed to load resource: net::ERR_CONNECTION_REFUSED @ http://localhost:5173/:0
[ 2116292ms] [ERROR] Failed to load resource: net::ERR_CONNECTION_REFUSED @ http://localhost:5173/:0
[ 2117296ms] [ERROR] Failed to load resource: net::ERR_CONNECTION_REFUSED @ http://localhost:5173/:0
[ 2118300ms] [ERROR] Failed to load resource: net::ERR_CONNECTION_REFUSED @ http://localhost:5173/:0
[ 2119304ms] [ERROR] Failed to load resource: net::ERR_CONNECTION_REFUSED @ http://localhost:5173/:0
[ 2120307ms] [ERROR] Failed to load resource: net::ERR_CONNECTION_REFUSED @ http://localhost:5173/:0
[ 2121310ms] [ERROR] Failed to load resource: net::ERR_CONNECTION_REFUSED @ http://localhost:5173/:0
[ 2122314ms] [ERROR] Failed to load resource: net::ERR_CONNECTION_REFUSED @ http://localhost:5173/:0
[ 2123318ms] [ERROR] Failed to load resource: net::ERR_CONNECTION_REFUSED @ http://localhost:5173/:0
[ 2124322ms] [ERROR] Failed to load resource: net::ERR_CONNECTION_REFUSED @ http://localhost:5173/:0
[ 2125326ms] [ERROR] Failed to load resource: net::ERR_CONNECTION_REFUSED @ http://localhost:5173/:0
[ 2126329ms] [ERROR] Failed to load resource: net::ERR_CONNECTION_REFUSED @ http://localhost:5173/:0
[ 2127332ms] [ERROR] Failed to load resource: net::ERR_CONNECTION_REFUSED @ http://localhost:5173/:0
[ 2128335ms] [ERROR] Failed to load resource: net::ERR_CONNECTION_REFUSED @ http://localhost:5173/:0
[ 2129338ms] [ERROR] Failed to load resource: net::ERR_CONNECTION_REFUSED @ http://localhost:5173/:0
[ 2130342ms] [ERROR] Failed to load resource: net::ERR_CONNECTION_REFUSED @ http://localhost:5173/:0
[ 2131346ms] [ERROR] Failed to load resource: net::ERR_CONNECTION_REFUSED @ http://localhost:5173/:0
[ 2132350ms] [ERROR] Failed to load resource: net::ERR_CONNECTION_REFUSED @ http://localhost:5173/:0
[ 2133353ms] [ERROR] Failed to load resource: net::ERR_CONNECTION_REFUSED @ http://localhost:5173/:0
[ 2134356ms] [ERROR] Failed to load resource: net::ERR_CONNECTION_REFUSED @ http://localhost:5173/:0
[ 2135360ms] [ERROR] Failed to load resource: net::ERR_CONNECTION_REFUSED @ http://localhost:5173/:0
[ 2136365ms] [ERROR] Failed to load resource: net::ERR_CONNECTION_REFUSED @ http://localhost:5173/:0
[ 2137369ms] [ERROR] Failed to load resource: net::ERR_CONNECTION_REFUSED @ http://localhost:5173/:0
[ 2138373ms] [ERROR] Failed to load resource: net::ERR_CONNECTION_REFUSED @ http://localhost:5173/:0
[ 2139377ms] [ERROR] Failed to load resource: net::ERR_CONNECTION_REFUSED @ http://localhost:5173/:0
[ 2140380ms] [ERROR] Failed to load resource: net::ERR_CONNECTION_REFUSED @ http://localhost:5173/:0
[ 2141384ms] [ERROR] Failed to load resource: net::ERR_CONNECTION_REFUSED @ http://localhost:5173/:0
[ 2142389ms] [ERROR] Failed to load resource: net::ERR_CONNECTION_REFUSED @ http://localhost:5173/:0
[ 2143393ms] [ERROR] Failed to load resource: net::ERR_CONNECTION_REFUSED @ http://localhost:5173/:0
[ 2144397ms] [ERROR] Failed to load resource: net::ERR_CONNECTION_REFUSED @ http://localhost:5173/:0
[ 2145401ms] [ERROR] Failed to load resource: net::ERR_CONNECTION_REFUSED @ http://localhost:5173/:0
[ 2146404ms] [ERROR] Failed to load resource: net::ERR_CONNECTION_REFUSED @ http://localhost:5173/:0
[ 2147407ms] [ERROR] Failed to load resource: net::ERR_CONNECTION_REFUSED @ http://localhost:5173/:0
[ 2148410ms] [ERROR] Failed to load resource: net::ERR_CONNECTION_REFUSED @ http://localhost:5173/:0
[ 2149413ms] [ERROR] Failed to load resource: net::ERR_CONNECTION_REFUSED @ http://localhost:5173/:0
[ 2150416ms] [ERROR] Failed to load resource: net::ERR_CONNECTION_REFUSED @ http://localhost:5173/:0
[ 2151420ms] [ERROR] Failed to load resource: net::ERR_CONNECTION_REFUSED @ http://localhost:5173/:0
[ 2152423ms] [ERROR] Failed to load resource: net::ERR_CONNECTION_REFUSED @ http://localhost:5173/:0
[ 2153427ms] [ERROR] Failed to load resource: net::ERR_CONNECTION_REFUSED @ http://localhost:5173/:0
[ 2154431ms] [ERROR] Failed to load resource: net::ERR_CONNECTION_REFUSED @ http://localhost:5173/:0
[ 2155435ms] [ERROR] Failed to load resource: net::ERR_CONNECTION_REFUSED @ http://localhost:5173/:0
[ 2156440ms] [ERROR] Failed to load resource: net::ERR_CONNECTION_REFUSED @ http://localhost:5173/:0
[ 2157443ms] [ERROR] Failed to load resource: net::ERR_CONNECTION_REFUSED @ http://localhost:5173/:0
[ 2158446ms] [ERROR] Failed to load resource: net::ERR_CONNECTION_REFUSED @ http://localhost:5173/:0
[ 2159450ms] [ERROR] Failed to load resource: net::ERR_CONNECTION_REFUSED @ http://localhost:5173/:0
[ 2160454ms] [ERROR] Failed to load resource: net::ERR_CONNECTION_REFUSED @ http://localhost:5173/:0
[ 2161457ms] [ERROR] Failed to load resource: net::ERR_CONNECTION_REFUSED @ http://localhost:5173/:0
[ 2162461ms] [ERROR] Failed to load resource: net::ERR_CONNECTION_REFUSED @ http://localhost:5173/:0
[ 2163465ms] [ERROR] Failed to load resource: net::ERR_CONNECTION_REFUSED @ http://localhost:5173/:0
[ 2164471ms] [ERROR] Failed to load resource: net::ERR_CONNECTION_REFUSED @ http://localhost:5173/:0
[ 2165475ms] [ERROR] Failed to load resource: net::ERR_CONNECTION_REFUSED @ http://localhost:5173/:0
[ 2166479ms] [ERROR] Failed to load resource: net::ERR_CONNECTION_REFUSED @ http://localhost:5173/:0
[ 2167483ms] [ERROR] Failed to load resource: net::ERR_CONNECTION_REFUSED @ http://localhost:5173/:0
[ 2168486ms] [ERROR] Failed to load resource: net::ERR_CONNECTION_REFUSED @ http://localhost:5173/:0
[ 2169490ms] [ERROR] Failed to load resource: net::ERR_CONNECTION_REFUSED @ http://localhost:5173/:0
[ 2170497ms] [ERROR] Failed to load resource: net::ERR_CONNECTION_REFUSED @ http://localhost:5173/:0
[ 2171501ms] [ERROR] Failed to load resource: net::ERR_CONNECTION_REFUSED @ http://localhost:5173/:0
[ 2172505ms] [ERROR] Failed to load resource: net::ERR_CONNECTION_REFUSED @ http://localhost:5173/:0
[ 2173508ms] [ERROR] Failed to load resource: net::ERR_CONNECTION_REFUSED @ http://localhost:5173/:0
[ 2174509ms] [ERROR] Failed to load resource: net::ERR_CONNECTION_REFUSED @ http://localhost:5173/:0
[ 2175513ms] [ERROR] Failed to load resource: net::ERR_CONNECTION_REFUSED @ http://localhost:5173/:0
[ 2176518ms] [ERROR] Failed to load resource: net::ERR_CONNECTION_REFUSED @ http://localhost:5173/:0
[ 2177521ms] [ERROR] Failed to load resource: net::ERR_CONNECTION_REFUSED @ http://localhost:5173/:0
[ 2178525ms] [ERROR] Failed to load resource: net::ERR_CONNECTION_REFUSED @ http://localhost:5173/:0
[ 2179529ms] [ERROR] Failed to load resource: net::ERR_CONNECTION_REFUSED @ http://localhost:5173/:0
[ 2180533ms] [ERROR] Failed to load resource: net::ERR_CONNECTION_REFUSED @ http://localhost:5173/:0
[ 2181536ms] [ERROR] Failed to load resource: net::ERR_CONNECTION_REFUSED @ http://localhost:5173/:0
[ 2182539ms] [ERROR] Failed to load resource: net::ERR_CONNECTION_REFUSED @ http://localhost:5173/:0
[ 2183544ms] [ERROR] Failed to load resource: net::ERR_CONNECTION_REFUSED @ http://localhost:5173/:0
[ 2184547ms] [ERROR] Failed to load resource: net::ERR_CONNECTION_REFUSED @ http://localhost:5173/:0
[ 2185552ms] [ERROR] Failed to load resource: net::ERR_CONNECTION_REFUSED @ http://localhost:5173/:0
[ 2186556ms] [ERROR] Failed to load resource: net::ERR_CONNECTION_REFUSED @ http://localhost:5173/:0
[ 2187561ms] [ERROR] Failed to load resource: net::ERR_CONNECTION_REFUSED @ http://localhost:5173/:0
[ 2188564ms] [ERROR] Failed to load resource: net::ERR_CONNECTION_REFUSED @ http://localhost:5173/:0
[ 2189569ms] [ERROR] Failed to load resource: net::ERR_CONNECTION_REFUSED @ http://localhost:5173/:0
[ 2190573ms] [ERROR] Failed to load resource: net::ERR_CONNECTION_REFUSED @ http://localhost:5173/:0
[ 2191577ms] [ERROR] Failed to load resource: net::ERR_CONNECTION_REFUSED @ http://localhost:5173/:0
[ 2192581ms] [ERROR] Failed to load resource: net::ERR_CONNECTION_REFUSED @ http://localhost:5173/:0
[ 2193584ms] [ERROR] Failed to load resource: net::ERR_CONNECTION_REFUSED @ http://localhost:5173/:0
[ 2194587ms] [ERROR] Failed to load resource: net::ERR_CONNECTION_REFUSED @ http://localhost:5173/:0
[ 2195590ms] [ERROR] Failed to load resource: net::ERR_CONNECTION_REFUSED @ http://localhost:5173/:0
[ 2196595ms] [ERROR] Failed to load resource: net::ERR_CONNECTION_REFUSED @ http://localhost:5173/:0
[ 2197599ms] [ERROR] Failed to load resource: net::ERR_CONNECTION_REFUSED @ http://localhost:5173/:0
[ 2198602ms] [ERROR] Failed to load resource: net::ERR_CONNECTION_REFUSED @ http://localhost:5173/:0
[ 2199605ms] [ERROR] Failed to load resource: net::ERR_CONNECTION_REFUSED @ http://localhost:5173/:0
[ 2200609ms] [ERROR] Failed to load resource: net::ERR_CONNECTION_REFUSED @ http://localhost:5173/:0
[ 2201613ms] [ERROR] Failed to load resource: net::ERR_CONNECTION_REFUSED @ http://localhost:5173/:0
[ 2202617ms] [ERROR] Failed to load resource: net::ERR_CONNECTION_REFUSED @ http://localhost:5173/:0
[ 2203621ms] [ERROR] Failed to load resource: net::ERR_CONNECTION_REFUSED @ http://localhost:5173/:0
[ 2204625ms] [ERROR] Failed to load resource: net::ERR_CONNECTION_REFUSED @ http://localhost:5173/:0
[ 2205629ms] [ERROR] Failed to load resource: net::ERR_CONNECTION_REFUSED @ http://localhost:5173/:0
[ 2206632ms] [ERROR] Failed to load resource: net::ERR_CONNECTION_REFUSED @ http://localhost:5173/:0
[ 2207636ms] [ERROR] Failed to load resource: net::ERR_CONNECTION_REFUSED @ http://localhost:5173/:0
[ 2208639ms] [ERROR] Failed to load resource: net::ERR_CONNECTION_REFUSED @ http://localhost:5173/:0
[ 2209644ms] [ERROR] Failed to load resource: net::ERR_CONNECTION_REFUSED @ http://localhost:5173/:0
[ 2210648ms] [ERROR] Failed to load resource: net::ERR_CONNECTION_REFUSED @ http://localhost:5173/:0
[ 2211652ms] [ERROR] Failed to load resource: net::ERR_CONNECTION_REFUSED @ http://localhost:5173/:0
[ 2212654ms] [ERROR] Failed to load resource: net::ERR_CONNECTION_REFUSED @ http://localhost:5173/:0
[ 2213657ms] [ERROR] Failed to load resource: net::ERR_CONNECTION_REFUSED @ http://localhost:5173/:0
[ 2214660ms] [ERROR] Failed to load resource: net::ERR_CONNECTION_REFUSED @ http://localhost:5173/:0
[ 2215667ms] [ERROR] Failed to load resource: net::ERR_CONNECTION_REFUSED @ http://localhost:5173/:0
[ 2216670ms] [ERROR] Failed to load resource: net::ERR_CONNECTION_REFUSED @ http://localhost:5173/:0
[ 2217674ms] [ERROR] Failed to load resource: net::ERR_CONNECTION_REFUSED @ http://localhost:5173/:0
[ 2218678ms] [ERROR] Failed to load resource: net::ERR_CONNECTION_REFUSED @ http://localhost:5173/:0
[ 2219682ms] [ERROR] Failed to load resource: net::ERR_CONNECTION_REFUSED @ http://localhost:5173/:0
[ 2220684ms] [ERROR] Failed to load resource: net::ERR_CONNECTION_REFUSED @ http://localhost:5173/:0
[ 2221688ms] [ERROR] Failed to load resource: net::ERR_CONNECTION_REFUSED @ http://localhost:5173/:0
[ 2222691ms] [ERROR] Failed to load resource: net::ERR_CONNECTION_REFUSED @ http://localhost:5173/:0
[ 2223694ms] [ERROR] Failed to load resource: net::ERR_CONNECTION_REFUSED @ http://localhost:5173/:0
[ 2224698ms] [ERROR] Failed to load resource: net::ERR_CONNECTION_REFUSED @ http://localhost:5173/:0
[ 2225701ms] [ERROR] Failed to load resource: net::ERR_CONNECTION_REFUSED @ http://localhost:5173/:0
[ 2226704ms] [ERROR] Failed to load resource: net::ERR_CONNECTION_REFUSED @ http://localhost:5173/:0
[ 2227708ms] [ERROR] Failed to load resource: net::ERR_CONNECTION_REFUSED @ http://localhost:5173/:0
[ 2228710ms] [ERROR] Failed to load resource: net::ERR_CONNECTION_REFUSED @ http://localhost:5173/:0
[ 2229712ms] [ERROR] Failed to load resource: net::ERR_CONNECTION_REFUSED @ http://localhost:5173/:0
[ 2230716ms] [ERROR] Failed to load resource: net::ERR_CONNECTION_REFUSED @ http://localhost:5173/:0
[ 2231720ms] [ERROR] Failed to load resource: net::ERR_CONNECTION_REFUSED @ http://localhost:5173/:0
[ 2232723ms] [ERROR] Failed to load resource: net::ERR_CONNECTION_REFUSED @ http://localhost:5173/:0
[ 2233727ms] [ERROR] Failed to load resource: net::ERR_CONNECTION_REFUSED @ http://localhost:5173/:0
[ 2234730ms] [ERROR] Failed to load resource: net::ERR_CONNECTION_REFUSED @ http://localhost:5173/:0
[ 2235734ms] [ERROR] Failed to load resource: net::ERR_CONNECTION_REFUSED @ http://localhost:5173/:0
[ 2236738ms] [ERROR] Failed to load resource: net::ERR_CONNECTION_REFUSED @ http://localhost:5173/:0
[ 2237741ms] [ERROR] Failed to load resource: net::ERR_CONNECTION_REFUSED @ http://localhost:5173/:0
[ 2238744ms] [ERROR] Failed to load resource: net::ERR_CONNECTION_REFUSED @ http://localhost:5173/:0
[ 2239747ms] [ERROR] Failed to load resource: net::ERR_CONNECTION_REFUSED @ http://localhost:5173/:0
[ 2240752ms] [ERROR] Failed to load resource: net::ERR_CONNECTION_REFUSED @ http://localhost:5173/:0
[ 2241755ms] [ERROR] Failed to load resource: net::ERR_CONNECTION_REFUSED @ http://localhost:5173/:0
[ 2242759ms] [ERROR] Failed to load resource: net::ERR_CONNECTION_REFUSED @ http://localhost:5173/:0
[ 2243763ms] [ERROR] Failed to load resource: net::ERR_CONNECTION_REFUSED @ http://localhost:5173/:0
[ 2244767ms] [ERROR] Failed to load resource: net::ERR_CONNECTION_REFUSED @ http://localhost:5173/:0
[ 2245770ms] [ERROR] Failed to load resource: net::ERR_CONNECTION_REFUSED @ http://localhost:5173/:0
[ 2246773ms] [ERROR] Failed to load resource: net::ERR_CONNECTION_REFUSED @ http://localhost:5173/:0
[ 2247777ms] [ERROR] Failed to load resource: net::ERR_CONNECTION_REFUSED @ http://localhost:5173/:0
[ 2248780ms] [ERROR] Failed to load resource: net::ERR_CONNECTION_REFUSED @ http://localhost:5173/:0
[ 2249784ms] [ERROR] Failed to load resource: net::ERR_CONNECTION_REFUSED @ http://localhost:5173/:0
[ 2250787ms] [ERROR] Failed to load resource: net::ERR_CONNECTION_REFUSED @ http://localhost:5173/:0
[ 2251790ms] [ERROR] Failed to load resource: net::ERR_CONNECTION_REFUSED @ http://localhost:5173/:0
[ 2252794ms] [ERROR] Failed to load resource: net::ERR_CONNECTION_REFUSED @ http://localhost:5173/:0
[ 2253797ms] [ERROR] Failed to load resource: net::ERR_CONNECTION_REFUSED @ http://localhost:5173/:0
[ 2254800ms] [ERROR] Failed to load resource: net::ERR_CONNECTION_REFUSED @ http://localhost:5173/:0
[ 2255804ms] [ERROR] Failed to load resource: net::ERR_CONNECTION_REFUSED @ http://localhost:5173/:0
[ 2256808ms] [ERROR] Failed to load resource: net::ERR_CONNECTION_REFUSED @ http://localhost:5173/:0
[ 2257810ms] [ERROR] Failed to load resource: net::ERR_CONNECTION_REFUSED @ http://localhost:5173/:0
[ 2258813ms] [ERROR] Failed to load resource: net::ERR_CONNECTION_REFUSED @ http://localhost:5173/:0
[ 2259816ms] [ERROR] Failed to load resource: net::ERR_CONNECTION_REFUSED @ http://localhost:5173/:0
[ 2260820ms] [ERROR] Failed to load resource: net::ERR_CONNECTION_REFUSED @ http://localhost:5173/:0
[ 2261822ms] [ERROR] Failed to load resource: net::ERR_CONNECTION_REFUSED @ http://localhost:5173/:0
[ 2262825ms] [ERROR] Failed to load resource: net::ERR_CONNECTION_REFUSED @ http://localhost:5173/:0
[ 2263828ms] [ERROR] Failed to load resource: net::ERR_CONNECTION_REFUSED @ http://localhost:5173/:0
[ 2264831ms] [ERROR] Failed to load resource: net::ERR_CONNECTION_REFUSED @ http://localhost:5173/:0
[ 2265834ms] [ERROR] Failed to load resource: net::ERR_CONNECTION_REFUSED @ http://localhost:5173/:0
[ 2266837ms] [ERROR] Failed to load resource: net::ERR_CONNECTION_REFUSED @ http://localhost:5173/:0
[ 2267840ms] [ERROR] Failed to load resource: net::ERR_CONNECTION_REFUSED @ http://localhost:5173/:0
[ 2268843ms] [ERROR] Failed to load resource: net::ERR_CONNECTION_REFUSED @ http://localhost:5173/:0
[ 2269846ms] [ERROR] Failed to load resource: net::ERR_CONNECTION_REFUSED @ http://localhost:5173/:0
[ 2270850ms] [ERROR] Failed to load resource: net::ERR_CONNECTION_REFUSED @ http://localhost:5173/:0
[ 2271852ms] [ERROR] Failed to load resource: net::ERR_CONNECTION_REFUSED @ http://localhost:5173/:0
[ 2272855ms] [ERROR] Failed to load resource: net::ERR_CONNECTION_REFUSED @ http://localhost:5173/:0
[ 2273859ms] [ERROR] Failed to load resource: net::ERR_CONNECTION_REFUSED @ http://localhost:5173/:0
[ 2274864ms] [ERROR] Failed to load resource: net::ERR_CONNECTION_REFUSED @ http://localhost:5173/:0
[ 2275868ms] [ERROR] Failed to load resource: net::ERR_CONNECTION_REFUSED @ http://localhost:5173/:0
[ 2276872ms] [ERROR] Failed to load resource: net::ERR_CONNECTION_REFUSED @ http://localhost:5173/:0
[ 2277877ms] [ERROR] Failed to load resource: net::ERR_CONNECTION_REFUSED @ http://localhost:5173/:0
[ 2278881ms] [ERROR] Failed to load resource: net::ERR_CONNECTION_REFUSED @ http://localhost:5173/:0
[ 2279886ms] [ERROR] Failed to load resource: net::ERR_CONNECTION_REFUSED @ http://localhost:5173/:0
[ 2280890ms] [ERROR] Failed to load resource: net::ERR_CONNECTION_REFUSED @ http://localhost:5173/:0
[ 2281895ms] [ERROR] Failed to load resource: net::ERR_CONNECTION_REFUSED @ http://localhost:5173/:0
[ 2282899ms] [ERROR] Failed to load resource: net::ERR_CONNECTION_REFUSED @ http://localhost:5173/:0
[ 2283902ms] [ERROR] Failed to load resource: net::ERR_CONNECTION_REFUSED @ http://localhost:5173/:0
[ 2284906ms] [ERROR] Failed to load resource: net::ERR_CONNECTION_REFUSED @ http://localhost:5173/:0
[ 2285911ms] [ERROR] Failed to load resource: net::ERR_CONNECTION_REFUSED @ http://localhost:5173/:0
[ 2286915ms] [ERROR] Failed to load resource: net::ERR_CONNECTION_REFUSED @ http://localhost:5173/:0
[ 2287919ms] [ERROR] Failed to load resource: net::ERR_CONNECTION_REFUSED @ http://localhost:5173/:0
[ 2288923ms] [ERROR] Failed to load resource: net::ERR_CONNECTION_REFUSED @ http://localhost:5173/:0
[ 2289926ms] [ERROR] Failed to load resource: net::ERR_CONNECTION_REFUSED @ http://localhost:5173/:0
[ 2290931ms] [ERROR] Failed to load resource: net::ERR_CONNECTION_REFUSED @ http://localhost:5173/:0
[ 2291935ms] [ERROR] Failed to load resource: net::ERR_CONNECTION_REFUSED @ http://localhost:5173/:0
[ 2292939ms] [ERROR] Failed to load resource: net::ERR_CONNECTION_REFUSED @ http://localhost:5173/:0
[ 2293943ms] [ERROR] Failed to load resource: net::ERR_CONNECTION_REFUSED @ http://localhost:5173/:0
[ 2294947ms] [ERROR] Failed to load resource: net::ERR_CONNECTION_REFUSED @ http://localhost:5173/:0
[ 2295951ms] [ERROR] Failed to load resource: net::ERR_CONNECTION_REFUSED @ http://localhost:5173/:0
[ 2296955ms] [ERROR] Failed to load resource: net::ERR_CONNECTION_REFUSED @ http://localhost:5173/:0
[ 2297959ms] [ERROR] Failed to load resource: net::ERR_CONNECTION_REFUSED @ http://localhost:5173/:0
[ 2298963ms] [ERROR] Failed to load resource: net::ERR_CONNECTION_REFUSED @ http://localhost:5173/:0
[ 2299967ms] [ERROR] Failed to load resource: net::ERR_CONNECTION_REFUSED @ http://localhost:5173/:0
[ 2300970ms] [ERROR] Failed to load resource: net::ERR_CONNECTION_REFUSED @ http://localhost:5173/:0
[ 2301974ms] [ERROR] Failed to load resource: net::ERR_CONNECTION_REFUSED @ http://localhost:5173/:0
[ 2302976ms] [ERROR] Failed to load resource: net::ERR_CONNECTION_REFUSED @ http://localhost:5173/:0
[ 2303980ms] [ERROR] Failed to load resource: net::ERR_CONNECTION_REFUSED @ http://localhost:5173/:0
[ 2304985ms] [ERROR] Failed to load resource: net::ERR_CONNECTION_REFUSED @ http://localhost:5173/:0
[ 2305988ms] [ERROR] Failed to load resource: net::ERR_CONNECTION_REFUSED @ http://localhost:5173/:0
[ 2306992ms] [ERROR] Failed to load resource: net::ERR_CONNECTION_REFUSED @ http://localhost:5173/:0
[ 2307995ms] [ERROR] Failed to load resource: net::ERR_CONNECTION_REFUSED @ http://localhost:5173/:0
[ 2308998ms] [ERROR] Failed to load resource: net::ERR_CONNECTION_REFUSED @ http://localhost:5173/:0
[ 2310002ms] [ERROR] Failed to load resource: net::ERR_CONNECTION_REFUSED @ http://localhost:5173/:0
[ 2311006ms] [ERROR] Failed to load resource: net::ERR_CONNECTION_REFUSED @ http://localhost:5173/:0
[ 2312010ms] [ERROR] Failed to load resource: net::ERR_CONNECTION_REFUSED @ http://localhost:5173/:0
[ 2313012ms] [ERROR] Failed to load resource: net::ERR_CONNECTION_REFUSED @ http://localhost:5173/:0
[ 2314016ms] [ERROR] Failed to load resource: net::ERR_CONNECTION_REFUSED @ http://localhost:5173/:0
[ 2315020ms] [ERROR] Failed to load resource: net::ERR_CONNECTION_REFUSED @ http://localhost:5173/:0
[ 2316024ms] [ERROR] Failed to load resource: net::ERR_CONNECTION_REFUSED @ http://localhost:5173/:0
[ 2317028ms] [ERROR] Failed to load resource: net::ERR_CONNECTION_REFUSED @ http://localhost:5173/:0
[ 2318032ms] [ERROR] Failed to load resource: net::ERR_CONNECTION_REFUSED @ http://localhost:5173/:0
[ 2319037ms] [ERROR] Failed to load resource: net::ERR_CONNECTION_REFUSED @ http://localhost:5173/:0
[ 2320040ms] [ERROR] Failed to load resource: net::ERR_CONNECTION_REFUSED @ http://localhost:5173/:0
[ 2321044ms] [ERROR] Failed to load resource: net::ERR_CONNECTION_REFUSED @ http://localhost:5173/:0
[ 2322048ms] [ERROR] Failed to load resource: net::ERR_CONNECTION_REFUSED @ http://localhost:5173/:0
[ 2323051ms] [ERROR] Failed to load resource: net::ERR_CONNECTION_REFUSED @ http://localhost:5173/:0
[ 2324054ms] [ERROR] Failed to load resource: net::ERR_CONNECTION_REFUSED @ http://localhost:5173/:0
[ 2325058ms] [ERROR] Failed to load resource: net::ERR_CONNECTION_REFUSED @ http://localhost:5173/:0
[ 2326062ms] [ERROR] Failed to load resource: net::ERR_CONNECTION_REFUSED @ http://localhost:5173/:0
[ 2327066ms] [ERROR] Failed to load resource: net::ERR_CONNECTION_REFUSED @ http://localhost:5173/:0
[ 2328069ms] [ERROR] Failed to load resource: net::ERR_CONNECTION_REFUSED @ http://localhost:5173/:0
[ 2329073ms] [ERROR] Failed to load resource: net::ERR_CONNECTION_REFUSED @ http://localhost:5173/:0
[ 2330077ms] [ERROR] Failed to load resource: net::ERR_CONNECTION_REFUSED @ http://localhost:5173/:0
[ 2331080ms] [ERROR] Failed to load resource: net::ERR_CONNECTION_REFUSED @ http://localhost:5173/:0
[ 2332083ms] [ERROR] Failed to load resource: net::ERR_CONNECTION_REFUSED @ http://localhost:5173/:0
[ 2333086ms] [ERROR] Failed to load resource: net::ERR_CONNECTION_REFUSED @ http://localhost:5173/:0
[ 2334089ms] [ERROR] Failed to load resource: net::ERR_CONNECTION_REFUSED @ http://localhost:5173/:0
[ 2335092ms] [ERROR] Failed to load resource: net::ERR_CONNECTION_REFUSED @ http://localhost:5173/:0
[ 2336096ms] [ERROR] Failed to load resource: net::ERR_CONNECTION_REFUSED @ http://localhost:5173/:0
[ 2337100ms] [ERROR] Failed to load resource: net::ERR_CONNECTION_REFUSED @ http://localhost:5173/:0
[ 2338104ms] [ERROR] Failed to load resource: net::ERR_CONNECTION_REFUSED @ http://localhost:5173/:0
[ 2339108ms] [ERROR] Failed to load resource: net::ERR_CONNECTION_REFUSED @ http://localhost:5173/:0
[ 2340112ms] [ERROR] Failed to load resource: net::ERR_CONNECTION_REFUSED @ http://localhost:5173/:0
[ 2341116ms] [ERROR] Failed to load resource: net::ERR_CONNECTION_REFUSED @ http://localhost:5173/:0
[ 2342121ms] [ERROR] Failed to load resource: net::ERR_CONNECTION_REFUSED @ http://localhost:5173/:0
[ 2343125ms] [ERROR] Failed to load resource: net::ERR_CONNECTION_REFUSED @ http://localhost:5173/:0
[ 2344129ms] [ERROR] Failed to load resource: net::ERR_CONNECTION_REFUSED @ http://localhost:5173/:0
[ 2345133ms] [ERROR] Failed to load resource: net::ERR_CONNECTION_REFUSED @ http://localhost:5173/:0
[ 2346138ms] [ERROR] Failed to load resource: net::ERR_CONNECTION_REFUSED @ http://localhost:5173/:0
[ 2347142ms] [ERROR] Failed to load resource: net::ERR_CONNECTION_REFUSED @ http://localhost:5173/:0
[ 2348145ms] [ERROR] Failed to load resource: net::ERR_CONNECTION_REFUSED @ http://localhost:5173/:0
[ 2349152ms] [ERROR] Failed to load resource: net::ERR_CONNECTION_REFUSED @ http://localhost:5173/:0
[ 2350154ms] [ERROR] Failed to load resource: net::ERR_CONNECTION_REFUSED @ http://localhost:5173/:0
[ 2351156ms] [ERROR] Failed to load resource: net::ERR_CONNECTION_REFUSED @ http://localhost:5173/:0
[ 2352161ms] [ERROR] Failed to load resource: net::ERR_CONNECTION_REFUSED @ http://localhost:5173/:0
[ 2353164ms] [ERROR] Failed to load resource: net::ERR_CONNECTION_REFUSED @ http://localhost:5173/:0
[ 2354167ms] [ERROR] Failed to load resource: net::ERR_CONNECTION_REFUSED @ http://localhost:5173/:0
[ 2355171ms] [ERROR] Failed to load resource: net::ERR_CONNECTION_REFUSED @ http://localhost:5173/:0
[ 2356175ms] [ERROR] Failed to load resource: net::ERR_CONNECTION_REFUSED @ http://localhost:5173/:0
[ 2357179ms] [ERROR] Failed to load resource: net::ERR_CONNECTION_REFUSED @ http://localhost:5173/:0
[ 2358183ms] [ERROR] Failed to load resource: net::ERR_CONNECTION_REFUSED @ http://localhost:5173/:0
[ 2359187ms] [ERROR] Failed to load resource: net::ERR_CONNECTION_REFUSED @ http://localhost:5173/:0
[ 2360190ms] [ERROR] Failed to load resource: net::ERR_CONNECTION_REFUSED @ http://localhost:5173/:0
[ 2361194ms] [ERROR] Failed to load resource: net::ERR_CONNECTION_REFUSED @ http://localhost:5173/:0
[ 2362196ms] [ERROR] Failed to load resource: net::ERR_CONNECTION_REFUSED @ http://localhost:5173/:0
[ 2363200ms] [ERROR] Failed to load resource: net::ERR_CONNECTION_REFUSED @ http://localhost:5173/:0
[ 2364204ms] [ERROR] Failed to load resource: net::ERR_CONNECTION_REFUSED @ http://localhost:5173/:0
[ 2365207ms] [ERROR] Failed to load resource: net::ERR_CONNECTION_REFUSED @ http://localhost:5173/:0
[ 2366210ms] [ERROR] Failed to load resource: net::ERR_CONNECTION_REFUSED @ http://localhost:5173/:0
[ 2367213ms] [ERROR] Failed to load resource: net::ERR_CONNECTION_REFUSED @ http://localhost:5173/:0
[ 2368217ms] [ERROR] Failed to load resource: net::ERR_CONNECTION_REFUSED @ http://localhost:5173/:0
[ 2369221ms] [ERROR] Failed to load resource: net::ERR_CONNECTION_REFUSED @ http://localhost:5173/:0
[ 2370224ms] [ERROR] Failed to load resource: net::ERR_CONNECTION_REFUSED @ http://localhost:5173/:0
[ 2371228ms] [ERROR] Failed to load resource: net::ERR_CONNECTION_REFUSED @ http://localhost:5173/:0
[ 2372230ms] [ERROR] Failed to load resource: net::ERR_CONNECTION_REFUSED @ http://localhost:5173/:0
[ 2373234ms] [ERROR] Failed to load resource: net::ERR_CONNECTION_REFUSED @ http://localhost:5173/:0
[ 2374238ms] [ERROR] Failed to load resource: net::ERR_CONNECTION_REFUSED @ http://localhost:5173/:0
[ 2375241ms] [ERROR] Failed to load resource: net::ERR_CONNECTION_REFUSED @ http://localhost:5173/:0
[ 2376245ms] [ERROR] Failed to load resource: net::ERR_CONNECTION_REFUSED @ http://localhost:5173/:0
[ 2377249ms] [ERROR] Failed to load resource: net::ERR_CONNECTION_REFUSED @ http://localhost:5173/:0
[ 2378252ms] [ERROR] Failed to load resource: net::ERR_CONNECTION_REFUSED @ http://localhost:5173/:0
[ 2379254ms] [ERROR] Failed to load resource: net::ERR_CONNECTION_REFUSED @ http://localhost:5173/:0
[ 2380258ms] [ERROR] Failed to load resource: net::ERR_CONNECTION_REFUSED @ http://localhost:5173/:0
[ 2381261ms] [ERROR] Failed to load resource: net::ERR_CONNECTION_REFUSED @ http://localhost:5173/:0
[ 2382265ms] [ERROR] Failed to load resource: net::ERR_CONNECTION_REFUSED @ http://localhost:5173/:0
[ 2383268ms] [ERROR] Failed to load resource: net::ERR_CONNECTION_REFUSED @ http://localhost:5173/:0
[ 2384272ms] [ERROR] Failed to load resource: net::ERR_CONNECTION_REFUSED @ http://localhost:5173/:0
[ 2385274ms] [ERROR] Failed to load resource: net::ERR_CONNECTION_REFUSED @ http://localhost:5173/:0
[ 2386278ms] [ERROR] Failed to load resource: net::ERR_CONNECTION_REFUSED @ http://localhost:5173/:0
[ 2387281ms] [ERROR] Failed to load resource: net::ERR_CONNECTION_REFUSED @ http://localhost:5173/:0
[ 2388284ms] [ERROR] Failed to load resource: net::ERR_CONNECTION_REFUSED @ http://localhost:5173/:0
[ 2389287ms] [ERROR] Failed to load resource: net::ERR_CONNECTION_REFUSED @ http://localhost:5173/:0
[ 2390291ms] [ERROR] Failed to load resource: net::ERR_CONNECTION_REFUSED @ http://localhost:5173/:0
[ 2391295ms] [ERROR] Failed to load resource: net::ERR_CONNECTION_REFUSED @ http://localhost:5173/:0
[ 2392298ms] [ERROR] Failed to load resource: net::ERR_CONNECTION_REFUSED @ http://localhost:5173/:0
[ 2393301ms] [ERROR] Failed to load resource: net::ERR_CONNECTION_REFUSED @ http://localhost:5173/:0
[ 2394305ms] [ERROR] Failed to load resource: net::ERR_CONNECTION_REFUSED @ http://localhost:5173/:0
[ 2395309ms] [ERROR] Failed to load resource: net::ERR_CONNECTION_REFUSED @ http://localhost:5173/:0
[ 2396315ms] [ERROR] Failed to load resource: net::ERR_CONNECTION_REFUSED @ http://localhost:5173/:0
[ 2397319ms] [ERROR] Failed to load resource: net::ERR_CONNECTION_REFUSED @ http://localhost:5173/:0
[ 2398322ms] [ERROR] Failed to load resource: net::ERR_CONNECTION_REFUSED @ http://localhost:5173/:0
[ 2399326ms] [ERROR] Failed to load resource: net::ERR_CONNECTION_REFUSED @ http://localhost:5173/:0
[ 2400330ms] [ERROR] Failed to load resource: net::ERR_CONNECTION_REFUSED @ http://localhost:5173/:0
[ 2401335ms] [ERROR] Failed to load resource: net::ERR_CONNECTION_REFUSED @ http://localhost:5173/:0
[ 2402339ms] [ERROR] Failed to load resource: net::ERR_CONNECTION_REFUSED @ http://localhost:5173/:0
[ 2403345ms] [ERROR] Failed to load resource: net::ERR_CONNECTION_REFUSED @ http://localhost:5173/:0
[ 2404349ms] [ERROR] Failed to load resource: net::ERR_CONNECTION_REFUSED @ http://localhost:5173/:0
[ 2405352ms] [ERROR] Failed to load resource: net::ERR_CONNECTION_REFUSED @ http://localhost:5173/:0
[ 2406356ms] [ERROR] Failed to load resource: net::ERR_CONNECTION_REFUSED @ http://localhost:5173/:0
[ 2407359ms] [ERROR] Failed to load resource: net::ERR_CONNECTION_REFUSED @ http://localhost:5173/:0
[ 2408362ms] [ERROR] Failed to load resource: net::ERR_CONNECTION_REFUSED @ http://localhost:5173/:0
[ 2409367ms] [ERROR] Failed to load resource: net::ERR_CONNECTION_REFUSED @ http://localhost:5173/:0
[ 2410380ms] [ERROR] Failed to load resource: net::ERR_CONNECTION_REFUSED @ http://localhost:5173/:0
[ 2411384ms] [ERROR] Failed to load resource: net::ERR_CONNECTION_REFUSED @ http://localhost:5173/:0
[ 2412387ms] [ERROR] Failed to load resource: net::ERR_CONNECTION_REFUSED @ http://localhost:5173/:0
[ 2413389ms] [ERROR] Failed to load resource: net::ERR_CONNECTION_REFUSED @ http://localhost:5173/:0
[ 2414392ms] [ERROR] Failed to load resource: net::ERR_CONNECTION_REFUSED @ http://localhost:5173/:0
[ 2415395ms] [ERROR] Failed to load resource: net::ERR_CONNECTION_REFUSED @ http://localhost:5173/:0
[ 2416400ms] [ERROR] Failed to load resource: net::ERR_CONNECTION_REFUSED @ http://localhost:5173/:0
[ 2417403ms] [ERROR] Failed to load resource: net::ERR_CONNECTION_REFUSED @ http://localhost:5173/:0
[ 2418407ms] [ERROR] Failed to load resource: net::ERR_CONNECTION_REFUSED @ http://localhost:5173/:0
[ 2419411ms] [ERROR] Failed to load resource: net::ERR_CONNECTION_REFUSED @ http://localhost:5173/:0
[ 2420414ms] [ERROR] Failed to load resource: net::ERR_CONNECTION_REFUSED @ http://localhost:5173/:0
[ 2421417ms] [ERROR] Failed to load resource: net::ERR_CONNECTION_REFUSED @ http://localhost:5173/:0
[ 2422420ms] [ERROR] Failed to load resource: net::ERR_CONNECTION_REFUSED @ http://localhost:5173/:0
[ 2423424ms] [ERROR] Failed to load resource: net::ERR_CONNECTION_REFUSED @ http://localhost:5173/:0
[ 2424428ms] [ERROR] Failed to load resource: net::ERR_CONNECTION_REFUSED @ http://localhost:5173/:0
[ 2425431ms] [ERROR] Failed to load resource: net::ERR_CONNECTION_REFUSED @ http://localhost:5173/:0
[ 2426435ms] [ERROR] Failed to load resource: net::ERR_CONNECTION_REFUSED @ http://localhost:5173/:0
[ 2427438ms] [ERROR] Failed to load resource: net::ERR_CONNECTION_REFUSED @ http://localhost:5173/:0
[ 2428442ms] [ERROR] Failed to load resource: net::ERR_CONNECTION_REFUSED @ http://localhost:5173/:0
[ 2429445ms] [ERROR] Failed to load resource: net::ERR_CONNECTION_REFUSED @ http://localhost:5173/:0
[ 2430449ms] [ERROR] Failed to load resource: net::ERR_CONNECTION_REFUSED @ http://localhost:5173/:0
[ 2431452ms] [ERROR] Failed to load resource: net::ERR_CONNECTION_REFUSED @ http://localhost:5173/:0
[ 2432456ms] [ERROR] Failed to load resource: net::ERR_CONNECTION_REFUSED @ http://localhost:5173/:0
[ 2433459ms] [ERROR] Failed to load resource: net::ERR_CONNECTION_REFUSED @ http://localhost:5173/:0
[ 2434462ms] [ERROR] Failed to load resource: net::ERR_CONNECTION_REFUSED @ http://localhost:5173/:0
[ 2435466ms] [ERROR] Failed to load resource: net::ERR_CONNECTION_REFUSED @ http://localhost:5173/:0
[ 2436469ms] [ERROR] Failed to load resource: net::ERR_CONNECTION_REFUSED @ http://localhost:5173/:0
[ 2437473ms] [ERROR] Failed to load resource: net::ERR_CONNECTION_REFUSED @ http://localhost:5173/:0
[ 2438477ms] [ERROR] Failed to load resource: net::ERR_CONNECTION_REFUSED @ http://localhost:5173/:0
[ 2439479ms] [ERROR] Failed to load resource: net::ERR_CONNECTION_REFUSED @ http://localhost:5173/:0
[ 2440486ms] [ERROR] Failed to load resource: net::ERR_CONNECTION_REFUSED @ http://localhost:5173/:0
[ 2441490ms] [ERROR] Failed to load resource: net::ERR_CONNECTION_REFUSED @ http://localhost:5173/:0
[ 2442493ms] [ERROR] Failed to load resource: net::ERR_CONNECTION_REFUSED @ http://localhost:5173/:0
[ 2443497ms] [ERROR] Failed to load resource: net::ERR_CONNECTION_REFUSED @ http://localhost:5173/:0
[ 2444500ms] [ERROR] Failed to load resource: net::ERR_CONNECTION_REFUSED @ http://localhost:5173/:0
[ 2445504ms] [ERROR] Failed to load resource: net::ERR_CONNECTION_REFUSED @ http://localhost:5173/:0
[ 2446509ms] [ERROR] Failed to load resource: net::ERR_CONNECTION_REFUSED @ http://localhost:5173/:0
[ 2447512ms] [ERROR] Failed to load resource: net::ERR_CONNECTION_REFUSED @ http://localhost:5173/:0
[ 2448516ms] [ERROR] Failed to load resource: net::ERR_CONNECTION_REFUSED @ http://localhost:5173/:0
[ 2449519ms] [ERROR] Failed to load resource: net::ERR_CONNECTION_REFUSED @ http://localhost:5173/:0
[ 2450523ms] [ERROR] Failed to load resource: net::ERR_CONNECTION_REFUSED @ http://localhost:5173/:0
[ 2451527ms] [ERROR] Failed to load resource: net::ERR_CONNECTION_REFUSED @ http://localhost:5173/:0
[ 2452530ms] [ERROR] Failed to load resource: net::ERR_CONNECTION_REFUSED @ http://localhost:5173/:0
[ 2453534ms] [ERROR] Failed to load resource: net::ERR_CONNECTION_REFUSED @ http://localhost:5173/:0
[ 2454537ms] [ERROR] Failed to load resource: net::ERR_CONNECTION_REFUSED @ http://localhost:5173/:0
[ 2455542ms] [ERROR] Failed to load resource: net::ERR_CONNECTION_REFUSED @ http://localhost:5173/:0
[ 2456546ms] [ERROR] Failed to load resource: net::ERR_CONNECTION_REFUSED @ http://localhost:5173/:0
[ 2457550ms] [ERROR] Failed to load resource: net::ERR_CONNECTION_REFUSED @ http://localhost:5173/:0
[ 2458553ms] [ERROR] Failed to load resource: net::ERR_CONNECTION_REFUSED @ http://localhost:5173/:0
[ 2459557ms] [ERROR] Failed to load resource: net::ERR_CONNECTION_REFUSED @ http://localhost:5173/:0
[ 2460561ms] [ERROR] Failed to load resource: net::ERR_CONNECTION_REFUSED @ http://localhost:5173/:0
[ 2461568ms] [ERROR] Failed to load resource: net::ERR_CONNECTION_REFUSED @ http://localhost:5173/:0
[ 2462572ms] [ERROR] Failed to load resource: net::ERR_CONNECTION_REFUSED @ http://localhost:5173/:0
[ 2463576ms] [ERROR] Failed to load resource: net::ERR_CONNECTION_REFUSED @ http://localhost:5173/:0
[ 2464579ms] [ERROR] Failed to load resource: net::ERR_CONNECTION_REFUSED @ http://localhost:5173/:0
[ 2465583ms] [ERROR] Failed to load resource: net::ERR_CONNECTION_REFUSED @ http://localhost:5173/:0
[ 2466587ms] [ERROR] Failed to load resource: net::ERR_CONNECTION_REFUSED @ http://localhost:5173/:0
[ 2467591ms] [ERROR] Failed to load resource: net::ERR_CONNECTION_REFUSED @ http://localhost:5173/:0
[ 2468594ms] [ERROR] Failed to load resource: net::ERR_CONNECTION_REFUSED @ http://localhost:5173/:0
[ 2469597ms] [ERROR] Failed to load resource: net::ERR_CONNECTION_REFUSED @ http://localhost:5173/:0
[ 2470600ms] [ERROR] Failed to load resource: net::ERR_CONNECTION_REFUSED @ http://localhost:5173/:0
[ 2471603ms] [ERROR] Failed to load resource: net::ERR_CONNECTION_REFUSED @ http://localhost:5173/:0
[ 2472607ms] [ERROR] Failed to load resource: net::ERR_CONNECTION_REFUSED @ http://localhost:5173/:0
[ 2473611ms] [ERROR] Failed to load resource: net::ERR_CONNECTION_REFUSED @ http://localhost:5173/:0
[ 2474615ms] [ERROR] Failed to load resource: net::ERR_CONNECTION_REFUSED @ http://localhost:5173/:0
[ 2475617ms] [ERROR] Failed to load resource: net::ERR_CONNECTION_REFUSED @ http://localhost:5173/:0
[ 2476622ms] [ERROR] Failed to load resource: net::ERR_CONNECTION_REFUSED @ http://localhost:5173/:0
[ 2477626ms] [ERROR] Failed to load resource: net::ERR_CONNECTION_REFUSED @ http://localhost:5173/:0
[ 2478630ms] [ERROR] Failed to load resource: net::ERR_CONNECTION_REFUSED @ http://localhost:5173/:0
[ 2479634ms] [ERROR] Failed to load resource: net::ERR_CONNECTION_REFUSED @ http://localhost:5173/:0
[ 2480637ms] [ERROR] Failed to load resource: net::ERR_CONNECTION_REFUSED @ http://localhost:5173/:0
[ 2481641ms] [ERROR] Failed to load resource: net::ERR_CONNECTION_REFUSED @ http://localhost:5173/:0
[ 2482644ms] [ERROR] Failed to load resource: net::ERR_CONNECTION_REFUSED @ http://localhost:5173/:0
[ 2483648ms] [ERROR] Failed to load resource: net::ERR_CONNECTION_REFUSED @ http://localhost:5173/:0
[ 2484652ms] [ERROR] Failed to load resource: net::ERR_CONNECTION_REFUSED @ http://localhost:5173/:0
[ 2485655ms] [ERROR] Failed to load resource: net::ERR_CONNECTION_REFUSED @ http://localhost:5173/:0
[ 2486658ms] [ERROR] Failed to load resource: net::ERR_CONNECTION_REFUSED @ http://localhost:5173/:0
[ 2487662ms] [ERROR] Failed to load resource: net::ERR_CONNECTION_REFUSED @ http://localhost:5173/:0
[ 2488666ms] [ERROR] Failed to load resource: net::ERR_CONNECTION_REFUSED @ http://localhost:5173/:0
[ 2489669ms] [ERROR] Failed to load resource: net::ERR_CONNECTION_REFUSED @ http://localhost:5173/:0
[ 2490672ms] [ERROR] Failed to load resource: net::ERR_CONNECTION_REFUSED @ http://localhost:5173/:0
[ 2491675ms] [ERROR] Failed to load resource: net::ERR_CONNECTION_REFUSED @ http://localhost:5173/:0
[ 2492679ms] [ERROR] Failed to load resource: net::ERR_CONNECTION_REFUSED @ http://localhost:5173/:0
[ 2493683ms] [ERROR] Failed to load resource: net::ERR_CONNECTION_REFUSED @ http://localhost:5173/:0
[ 2494687ms] [ERROR] Failed to load resource: net::ERR_CONNECTION_REFUSED @ http://localhost:5173/:0
[ 2495691ms] [ERROR] Failed to load resource: net::ERR_CONNECTION_REFUSED @ http://localhost:5173/:0
[ 2496694ms] [ERROR] Failed to load resource: net::ERR_CONNECTION_REFUSED @ http://localhost:5173/:0
[ 2497698ms] [ERROR] Failed to load resource: net::ERR_CONNECTION_REFUSED @ http://localhost:5173/:0
[ 2498701ms] [ERROR] Failed to load resource: net::ERR_CONNECTION_REFUSED @ http://localhost:5173/:0
[ 2499703ms] [ERROR] Failed to load resource: net::ERR_CONNECTION_REFUSED @ http://localhost:5173/:0
[ 2500707ms] [ERROR] Failed to load resource: net::ERR_CONNECTION_REFUSED @ http://localhost:5173/:0
[ 2501710ms] [ERROR] Failed to load resource: net::ERR_CONNECTION_REFUSED @ http://localhost:5173/:0
[ 2502713ms] [ERROR] Failed to load resource: net::ERR_CONNECTION_REFUSED @ http://localhost:5173/:0
[ 2503717ms] [ERROR] Failed to load resource: net::ERR_CONNECTION_REFUSED @ http://localhost:5173/:0
[ 2504721ms] [ERROR] Failed to load resource: net::ERR_CONNECTION_REFUSED @ http://localhost:5173/:0
[ 2505725ms] [ERROR] Failed to load resource: net::ERR_CONNECTION_REFUSED @ http://localhost:5173/:0
[ 2506729ms] [ERROR] Failed to load resource: net::ERR_CONNECTION_REFUSED @ http://localhost:5173/:0
[ 2507733ms] [ERROR] Failed to load resource: net::ERR_CONNECTION_REFUSED @ http://localhost:5173/:0
[ 2508737ms] [ERROR] Failed to load resource: net::ERR_CONNECTION_REFUSED @ http://localhost:5173/:0
[ 2509742ms] [ERROR] Failed to load resource: net::ERR_CONNECTION_REFUSED @ http://localhost:5173/:0
[ 2510745ms] [ERROR] Failed to load resource: net::ERR_CONNECTION_REFUSED @ http://localhost:5173/:0
[ 2511749ms] [ERROR] Failed to load resource: net::ERR_CONNECTION_REFUSED @ http://localhost:5173/:0
[ 2512752ms] [ERROR] Failed to load resource: net::ERR_CONNECTION_REFUSED @ http://localhost:5173/:0
[ 2513756ms] [ERROR] Failed to load resource: net::ERR_CONNECTION_REFUSED @ http://localhost:5173/:0
[ 2514761ms] [ERROR] Failed to load resource: net::ERR_CONNECTION_REFUSED @ http://localhost:5173/:0
[ 2515765ms] [ERROR] Failed to load resource: net::ERR_CONNECTION_REFUSED @ http://localhost:5173/:0
[ 2516768ms] [ERROR] Failed to load resource: net::ERR_CONNECTION_REFUSED @ http://localhost:5173/:0
[ 2517772ms] [ERROR] Failed to load resource: net::ERR_CONNECTION_REFUSED @ http://localhost:5173/:0
[ 2518775ms] [ERROR] Failed to load resource: net::ERR_CONNECTION_REFUSED @ http://localhost:5173/:0
[ 2519779ms] [ERROR] Failed to load resource: net::ERR_CONNECTION_REFUSED @ http://localhost:5173/:0
[ 2520783ms] [ERROR] Failed to load resource: net::ERR_CONNECTION_REFUSED @ http://localhost:5173/:0
[ 2521787ms] [ERROR] Failed to load resource: net::ERR_CONNECTION_REFUSED @ http://localhost:5173/:0
[ 2522791ms] [ERROR] Failed to load resource: net::ERR_CONNECTION_REFUSED @ http://localhost:5173/:0
[ 2523793ms] [ERROR] Failed to load resource: net::ERR_CONNECTION_REFUSED @ http://localhost:5173/:0
[ 2524797ms] [ERROR] Failed to load resource: net::ERR_CONNECTION_REFUSED @ http://localhost:5173/:0
[ 2525800ms] [ERROR] Failed to load resource: net::ERR_CONNECTION_REFUSED @ http://localhost:5173/:0
[ 2526802ms] [ERROR] Failed to load resource: net::ERR_CONNECTION_REFUSED @ http://localhost:5173/:0
[ 2527805ms] [ERROR] Failed to load resource: net::ERR_CONNECTION_REFUSED @ http://localhost:5173/:0
[ 2528808ms] [ERROR] Failed to load resource: net::ERR_CONNECTION_REFUSED @ http://localhost:5173/:0
[ 2529811ms] [ERROR] Failed to load resource: net::ERR_CONNECTION_REFUSED @ http://localhost:5173/:0
[ 2530815ms] [ERROR] Failed to load resource: net::ERR_CONNECTION_REFUSED @ http://localhost:5173/:0
[ 2531818ms] [ERROR] Failed to load resource: net::ERR_CONNECTION_REFUSED @ http://localhost:5173/:0
[ 2532822ms] [ERROR] Failed to load resource: net::ERR_CONNECTION_REFUSED @ http://localhost:5173/:0
[ 2533825ms] [ERROR] Failed to load resource: net::ERR_CONNECTION_REFUSED @ http://localhost:5173/:0
[ 2534828ms] [ERROR] Failed to load resource: net::ERR_CONNECTION_REFUSED @ http://localhost:5173/:0
[ 2535832ms] [ERROR] Failed to load resource: net::ERR_CONNECTION_REFUSED @ http://localhost:5173/:0
[ 2536836ms] [ERROR] Failed to load resource: net::ERR_CONNECTION_REFUSED @ http://localhost:5173/:0
[ 2537839ms] [ERROR] Failed to load resource: net::ERR_CONNECTION_REFUSED @ http://localhost:5173/:0
[ 2538842ms] [ERROR] Failed to load resource: net::ERR_CONNECTION_REFUSED @ http://localhost:5173/:0
[ 2539845ms] [ERROR] Failed to load resource: net::ERR_CONNECTION_REFUSED @ http://localhost:5173/:0
[ 2540849ms] [ERROR] Failed to load resource: net::ERR_CONNECTION_REFUSED @ http://localhost:5173/:0
[ 2541852ms] [ERROR] Failed to load resource: net::ERR_CONNECTION_REFUSED @ http://localhost:5173/:0
[ 2542855ms] [ERROR] Failed to load resource: net::ERR_CONNECTION_REFUSED @ http://localhost:5173/:0
[ 2543859ms] [ERROR] Failed to load resource: net::ERR_CONNECTION_REFUSED @ http://localhost:5173/:0
[ 2544862ms] [ERROR] Failed to load resource: net::ERR_CONNECTION_REFUSED @ http://localhost:5173/:0
[ 2545866ms] [ERROR] Failed to load resource: net::ERR_CONNECTION_REFUSED @ http://localhost:5173/:0
[ 2546869ms] [ERROR] Failed to load resource: net::ERR_CONNECTION_REFUSED @ http://localhost:5173/:0
[ 2547873ms] [ERROR] Failed to load resource: net::ERR_CONNECTION_REFUSED @ http://localhost:5173/:0
[ 2548877ms] [ERROR] Failed to load resource: net::ERR_CONNECTION_REFUSED @ http://localhost:5173/:0
[ 2549879ms] [ERROR] Failed to load resource: net::ERR_CONNECTION_REFUSED @ http://localhost:5173/:0
[ 2550882ms] [ERROR] Failed to load resource: net::ERR_CONNECTION_REFUSED @ http://localhost:5173/:0
[ 2551886ms] [ERROR] Failed to load resource: net::ERR_CONNECTION_REFUSED @ http://localhost:5173/:0
[ 2552888ms] [ERROR] Failed to load resource: net::ERR_CONNECTION_REFUSED @ http://localhost:5173/:0
[ 2553890ms] [ERROR] Failed to load resource: net::ERR_CONNECTION_REFUSED @ http://localhost:5173/:0
[ 2554894ms] [ERROR] Failed to load resource: net::ERR_CONNECTION_REFUSED @ http://localhost:5173/:0
[ 2555897ms] [ERROR] Failed to load resource: net::ERR_CONNECTION_REFUSED @ http://localhost:5173/:0
[ 2556900ms] [ERROR] Failed to load resource: net::ERR_CONNECTION_REFUSED @ http://localhost:5173/:0
[ 2557904ms] [ERROR] Failed to load resource: net::ERR_CONNECTION_REFUSED @ http://localhost:5173/:0
[ 2558907ms] [ERROR] Failed to load resource: net::ERR_CONNECTION_REFUSED @ http://localhost:5173/:0
[ 2559910ms] [ERROR] Failed to load resource: net::ERR_CONNECTION_REFUSED @ http://localhost:5173/:0
[ 2560914ms] [ERROR] Failed to load resource: net::ERR_CONNECTION_REFUSED @ http://localhost:5173/:0
[ 2561917ms] [ERROR] Failed to load resource: net::ERR_CONNECTION_REFUSED @ http://localhost:5173/:0
[ 2562921ms] [ERROR] Failed to load resource: net::ERR_CONNECTION_REFUSED @ http://localhost:5173/:0
[ 2563925ms] [ERROR] Failed to load resource: net::ERR_CONNECTION_REFUSED @ http://localhost:5173/:0
[ 2564928ms] [ERROR] Failed to load resource: net::ERR_CONNECTION_REFUSED @ http://localhost:5173/:0
[ 2565931ms] [ERROR] Failed to load resource: net::ERR_CONNECTION_REFUSED @ http://localhost:5173/:0
[ 2566935ms] [ERROR] Failed to load resource: net::ERR_CONNECTION_REFUSED @ http://localhost:5173/:0
[ 2567939ms] [ERROR] Failed to load resource: net::ERR_CONNECTION_REFUSED @ http://localhost:5173/:0
[ 2568943ms] [ERROR] Failed to load resource: net::ERR_CONNECTION_REFUSED @ http://localhost:5173/:0
[ 2569946ms] [ERROR] Failed to load resource: net::ERR_CONNECTION_REFUSED @ http://localhost:5173/:0
[ 2570949ms] [ERROR] Failed to load resource: net::ERR_CONNECTION_REFUSED @ http://localhost:5173/:0
[ 2571952ms] [ERROR] Failed to load resource: net::ERR_CONNECTION_REFUSED @ http://localhost:5173/:0
[ 2572956ms] [ERROR] Failed to load resource: net::ERR_CONNECTION_REFUSED @ http://localhost:5173/:0
[ 2573959ms] [ERROR] Failed to load resource: net::ERR_CONNECTION_REFUSED @ http://localhost:5173/:0
[ 2574963ms] [ERROR] Failed to load resource: net::ERR_CONNECTION_REFUSED @ http://localhost:5173/:0
[ 2575966ms] [ERROR] Failed to load resource: net::ERR_CONNECTION_REFUSED @ http://localhost:5173/:0
[ 2576970ms] [ERROR] Failed to load resource: net::ERR_CONNECTION_REFUSED @ http://localhost:5173/:0
[ 2577974ms] [ERROR] Failed to load resource: net::ERR_CONNECTION_REFUSED @ http://localhost:5173/:0
[ 2578979ms] [ERROR] Failed to load resource: net::ERR_CONNECTION_REFUSED @ http://localhost:5173/:0
[ 2579983ms] [ERROR] Failed to load resource: net::ERR_CONNECTION_REFUSED @ http://localhost:5173/:0
[ 2580987ms] [ERROR] Failed to load resource: net::ERR_CONNECTION_REFUSED @ http://localhost:5173/:0
[ 2581991ms] [ERROR] Failed to load resource: net::ERR_CONNECTION_REFUSED @ http://localhost:5173/:0
[ 2582994ms] [ERROR] Failed to load resource: net::ERR_CONNECTION_REFUSED @ http://localhost:5173/:0
[ 2583998ms] [ERROR] Failed to load resource: net::ERR_CONNECTION_REFUSED @ http://localhost:5173/:0
[ 2585002ms] [ERROR] Failed to load resource: net::ERR_CONNECTION_REFUSED @ http://localhost:5173/:0
[ 2586005ms] [ERROR] Failed to load resource: net::ERR_CONNECTION_REFUSED @ http://localhost:5173/:0
[ 2587009ms] [ERROR] Failed to load resource: net::ERR_CONNECTION_REFUSED @ http://localhost:5173/:0
[ 2588012ms] [ERROR] Failed to load resource: net::ERR_CONNECTION_REFUSED @ http://localhost:5173/:0
[ 2589016ms] [ERROR] Failed to load resource: net::ERR_CONNECTION_REFUSED @ http://localhost:5173/:0
[ 2590021ms] [ERROR] Failed to load resource: net::ERR_CONNECTION_REFUSED @ http://localhost:5173/:0
[ 2591024ms] [ERROR] Failed to load resource: net::ERR_CONNECTION_REFUSED @ http://localhost:5173/:0
[ 2592029ms] [ERROR] Failed to load resource: net::ERR_CONNECTION_REFUSED @ http://localhost:5173/:0
[ 2593033ms] [ERROR] Failed to load resource: net::ERR_CONNECTION_REFUSED @ http://localhost:5173/:0
[ 2594037ms] [ERROR] Failed to load resource: net::ERR_CONNECTION_REFUSED @ http://localhost:5173/:0
[ 2595041ms] [ERROR] Failed to load resource: net::ERR_CONNECTION_REFUSED @ http://localhost:5173/:0
[ 2596044ms] [ERROR] Failed to load resource: net::ERR_CONNECTION_REFUSED @ http://localhost:5173/:0
[ 2597048ms] [ERROR] Failed to load resource: net::ERR_CONNECTION_REFUSED @ http://localhost:5173/:0
[ 2598053ms] [ERROR] Failed to load resource: net::ERR_CONNECTION_REFUSED @ http://localhost:5173/:0
[ 2599056ms] [ERROR] Failed to load resource: net::ERR_CONNECTION_REFUSED @ http://localhost:5173/:0
[ 2600060ms] [ERROR] Failed to load resource: net::ERR_CONNECTION_REFUSED @ http://localhost:5173/:0
[ 2601064ms] [ERROR] Failed to load resource: net::ERR_CONNECTION_REFUSED @ http://localhost:5173/:0
[ 2602067ms] [ERROR] Failed to load resource: net::ERR_CONNECTION_REFUSED @ http://localhost:5173/:0
[ 2603071ms] [ERROR] Failed to load resource: net::ERR_CONNECTION_REFUSED @ http://localhost:5173/:0
[ 2604074ms] [ERROR] Failed to load resource: net::ERR_CONNECTION_REFUSED @ http://localhost:5173/:0
[ 2605078ms] [ERROR] Failed to load resource: net::ERR_CONNECTION_REFUSED @ http://localhost:5173/:0
[ 2606082ms] [ERROR] Failed to load resource: net::ERR_CONNECTION_REFUSED @ http://localhost:5173/:0
[ 2607086ms] [ERROR] Failed to load resource: net::ERR_CONNECTION_REFUSED @ http://localhost:5173/:0
[ 2608090ms] [ERROR] Failed to load resource: net::ERR_CONNECTION_REFUSED @ http://localhost:5173/:0
[ 2609093ms] [ERROR] Failed to load resource: net::ERR_CONNECTION_REFUSED @ http://localhost:5173/:0
[ 2610096ms] [ERROR] Failed to load resource: net::ERR_CONNECTION_REFUSED @ http://localhost:5173/:0
[ 2611100ms] [ERROR] Failed to load resource: net::ERR_CONNECTION_REFUSED @ http://localhost:5173/:0
[ 2612103ms] [ERROR] Failed to load resource: net::ERR_CONNECTION_REFUSED @ http://localhost:5173/:0
[ 2613107ms] [ERROR] Failed to load resource: net::ERR_CONNECTION_REFUSED @ http://localhost:5173/:0
[ 2614111ms] [ERROR] Failed to load resource: net::ERR_CONNECTION_REFUSED @ http://localhost:5173/:0
[ 2615115ms] [ERROR] Failed to load resource: net::ERR_CONNECTION_REFUSED @ http://localhost:5173/:0
[ 2616118ms] [ERROR] Failed to load resource: net::ERR_CONNECTION_REFUSED @ http://localhost:5173/:0
[ 2617122ms] [ERROR] Failed to load resource: net::ERR_CONNECTION_REFUSED @ http://localhost:5173/:0
[ 2618126ms] [ERROR] Failed to load resource: net::ERR_CONNECTION_REFUSED @ http://localhost:5173/:0
[ 2619130ms] [ERROR] Failed to load resource: net::ERR_CONNECTION_REFUSED @ http://localhost:5173/:0
[ 2620134ms] [ERROR] Failed to load resource: net::ERR_CONNECTION_REFUSED @ http://localhost:5173/:0
[ 2621137ms] [ERROR] Failed to load resource: net::ERR_CONNECTION_REFUSED @ http://localhost:5173/:0
[ 2622140ms] [ERROR] Failed to load resource: net::ERR_CONNECTION_REFUSED @ http://localhost:5173/:0
[ 2623144ms] [ERROR] Failed to load resource: net::ERR_CONNECTION_REFUSED @ http://localhost:5173/:0
[ 2624147ms] [ERROR] Failed to load resource: net::ERR_CONNECTION_REFUSED @ http://localhost:5173/:0
[ 2625150ms] [ERROR] Failed to load resource: net::ERR_CONNECTION_REFUSED @ http://localhost:5173/:0
[ 2626154ms] [ERROR] Failed to load resource: net::ERR_CONNECTION_REFUSED @ http://localhost:5173/:0
[ 2627158ms] [ERROR] Failed to load resource: net::ERR_CONNECTION_REFUSED @ http://localhost:5173/:0
[ 2628161ms] [ERROR] Failed to load resource: net::ERR_CONNECTION_REFUSED @ http://localhost:5173/:0
[ 2629164ms] [ERROR] Failed to load resource: net::ERR_CONNECTION_REFUSED @ http://localhost:5173/:0
[ 2630169ms] [ERROR] Failed to load resource: net::ERR_CONNECTION_REFUSED @ http://localhost:5173/:0
[ 2631172ms] [ERROR] Failed to load resource: net::ERR_CONNECTION_REFUSED @ http://localhost:5173/:0
[ 2632175ms] [ERROR] Failed to load resource: net::ERR_CONNECTION_REFUSED @ http://localhost:5173/:0
[ 2633180ms] [ERROR] Failed to load resource: net::ERR_CONNECTION_REFUSED @ http://localhost:5173/:0
[ 2634182ms] [ERROR] Failed to load resource: net::ERR_CONNECTION_REFUSED @ http://localhost:5173/:0
[ 2635186ms] [ERROR] Failed to load resource: net::ERR_CONNECTION_REFUSED @ http://localhost:5173/:0
[ 2636189ms] [ERROR] Failed to load resource: net::ERR_CONNECTION_REFUSED @ http://localhost:5173/:0
[ 2637193ms] [ERROR] Failed to load resource: net::ERR_CONNECTION_REFUSED @ http://localhost:5173/:0
[ 2638198ms] [ERROR] Failed to load resource: net::ERR_CONNECTION_REFUSED @ http://localhost:5173/:0
[ 2639202ms] [ERROR] Failed to load resource: net::ERR_CONNECTION_REFUSED @ http://localhost:5173/:0
[ 2640205ms] [ERROR] Failed to load resource: net::ERR_CONNECTION_REFUSED @ http://localhost:5173/:0
[ 2641209ms] [ERROR] Failed to load resource: net::ERR_CONNECTION_REFUSED @ http://localhost:5173/:0
[ 2642213ms] [ERROR] Failed to load resource: net::ERR_CONNECTION_REFUSED @ http://localhost:5173/:0
[ 2643216ms] [ERROR] Failed to load resource: net::ERR_CONNECTION_REFUSED @ http://localhost:5173/:0
[ 2644220ms] [ERROR] Failed to load resource: net::ERR_CONNECTION_REFUSED @ http://localhost:5173/:0
[ 2645223ms] [ERROR] Failed to load resource: net::ERR_CONNECTION_REFUSED @ http://localhost:5173/:0
[ 2646227ms] [ERROR] Failed to load resource: net::ERR_CONNECTION_REFUSED @ http://localhost:5173/:0
[ 2647231ms] [ERROR] Failed to load resource: net::ERR_CONNECTION_REFUSED @ http://localhost:5173/:0
[ 2648235ms] [ERROR] Failed to load resource: net::ERR_CONNECTION_REFUSED @ http://localhost:5173/:0
[ 2649238ms] [ERROR] Failed to load resource: net::ERR_CONNECTION_REFUSED @ http://localhost:5173/:0
[ 2650242ms] [ERROR] Failed to load resource: net::ERR_CONNECTION_REFUSED @ http://localhost:5173/:0
[ 2651245ms] [ERROR] Failed to load resource: net::ERR_CONNECTION_REFUSED @ http://localhost:5173/:0
[ 2652249ms] [ERROR] Failed to load resource: net::ERR_CONNECTION_REFUSED @ http://localhost:5173/:0
[ 2653253ms] [ERROR] Failed to load resource: net::ERR_CONNECTION_REFUSED @ http://localhost:5173/:0
[ 2654256ms] [ERROR] Failed to load resource: net::ERR_CONNECTION_REFUSED @ http://localhost:5173/:0
[ 2655258ms] [ERROR] Failed to load resource: net::ERR_CONNECTION_REFUSED @ http://localhost:5173/:0
[ 2656262ms] [ERROR] Failed to load resource: net::ERR_CONNECTION_REFUSED @ http://localhost:5173/:0
[ 2657265ms] [ERROR] Failed to load resource: net::ERR_CONNECTION_REFUSED @ http://localhost:5173/:0
[ 2658269ms] [ERROR] Failed to load resource: net::ERR_CONNECTION_REFUSED @ http://localhost:5173/:0
[ 2659272ms] [ERROR] Failed to load resource: net::ERR_CONNECTION_REFUSED @ http://localhost:5173/:0
[ 2660275ms] [ERROR] Failed to load resource: net::ERR_CONNECTION_REFUSED @ http://localhost:5173/:0
[ 2661279ms] [ERROR] Failed to load resource: net::ERR_CONNECTION_REFUSED @ http://localhost:5173/:0
[ 2662282ms] [ERROR] Failed to load resource: net::ERR_CONNECTION_REFUSED @ http://localhost:5173/:0
[ 2663286ms] [ERROR] Failed to load resource: net::ERR_CONNECTION_REFUSED @ http://localhost:5173/:0
[ 2664290ms] [ERROR] Failed to load resource: net::ERR_CONNECTION_REFUSED @ http://localhost:5173/:0
[ 2665293ms] [ERROR] Failed to load resource: net::ERR_CONNECTION_REFUSED @ http://localhost:5173/:0
[ 2666296ms] [ERROR] Failed to load resource: net::ERR_CONNECTION_REFUSED @ http://localhost:5173/:0
[ 2667299ms] [ERROR] Failed to load resource: net::ERR_CONNECTION_REFUSED @ http://localhost:5173/:0
[ 2668302ms] [ERROR] Failed to load resource: net::ERR_CONNECTION_REFUSED @ http://localhost:5173/:0
[ 2669305ms] [ERROR] Failed to load resource: net::ERR_CONNECTION_REFUSED @ http://localhost:5173/:0
[ 2670309ms] [ERROR] Failed to load resource: net::ERR_CONNECTION_REFUSED @ http://localhost:5173/:0
[ 2671312ms] [ERROR] Failed to load resource: net::ERR_CONNECTION_REFUSED @ http://localhost:5173/:0
[ 2672316ms] [ERROR] Failed to load resource: net::ERR_CONNECTION_REFUSED @ http://localhost:5173/:0
[ 2673320ms] [ERROR] Failed to load resource: net::ERR_CONNECTION_REFUSED @ http://localhost:5173/:0
[ 2674324ms] [ERROR] Failed to load resource: net::ERR_CONNECTION_REFUSED @ http://localhost:5173/:0
[ 2675329ms] [ERROR] Failed to load resource: net::ERR_CONNECTION_REFUSED @ http://localhost:5173/:0
[ 2676333ms] [ERROR] Failed to load resource: net::ERR_CONNECTION_REFUSED @ http://localhost:5173/:0
[ 2677337ms] [ERROR] Failed to load resource: net::ERR_CONNECTION_REFUSED @ http://localhost:5173/:0
[ 2678341ms] [ERROR] Failed to load resource: net::ERR_CONNECTION_REFUSED @ http://localhost:5173/:0
[ 2679344ms] [ERROR] Failed to load resource: net::ERR_CONNECTION_REFUSED @ http://localhost:5173/:0
[ 2680348ms] [ERROR] Failed to load resource: net::ERR_CONNECTION_REFUSED @ http://localhost:5173/:0
[ 2681352ms] [ERROR] Failed to load resource: net::ERR_CONNECTION_REFUSED @ http://localhost:5173/:0
[ 2682356ms] [ERROR] Failed to load resource: net::ERR_CONNECTION_REFUSED @ http://localhost:5173/:0
[ 2683360ms] [ERROR] Failed to load resource: net::ERR_CONNECTION_REFUSED @ http://localhost:5173/:0
[ 2684363ms] [ERROR] Failed to load resource: net::ERR_CONNECTION_REFUSED @ http://localhost:5173/:0
[ 2685367ms] [ERROR] Failed to load resource: net::ERR_CONNECTION_REFUSED @ http://localhost:5173/:0
[ 2686370ms] [ERROR] Failed to load resource: net::ERR_CONNECTION_REFUSED @ http://localhost:5173/:0
[ 2687374ms] [ERROR] Failed to load resource: net::ERR_CONNECTION_REFUSED @ http://localhost:5173/:0
[ 2688379ms] [ERROR] Failed to load resource: net::ERR_CONNECTION_REFUSED @ http://localhost:5173/:0
[ 2689383ms] [ERROR] Failed to load resource: net::ERR_CONNECTION_REFUSED @ http://localhost:5173/:0
[ 2690387ms] [ERROR] Failed to load resource: net::ERR_CONNECTION_REFUSED @ http://localhost:5173/:0
[ 2691391ms] [ERROR] Failed to load resource: net::ERR_CONNECTION_REFUSED @ http://localhost:5173/:0
[ 2692396ms] [ERROR] Failed to load resource: net::ERR_CONNECTION_REFUSED @ http://localhost:5173/:0
[ 2693399ms] [ERROR] Failed to load resource: net::ERR_CONNECTION_REFUSED @ http://localhost:5173/:0
[ 2694404ms] [ERROR] Failed to load resource: net::ERR_CONNECTION_REFUSED @ http://localhost:5173/:0
[ 2695407ms] [ERROR] Failed to load resource: net::ERR_CONNECTION_REFUSED @ http://localhost:5173/:0
[ 2696412ms] [ERROR] Failed to load resource: net::ERR_CONNECTION_REFUSED @ http://localhost:5173/:0
[ 2697416ms] [ERROR] Failed to load resource: net::ERR_CONNECTION_REFUSED @ http://localhost:5173/:0
[ 2698419ms] [ERROR] Failed to load resource: net::ERR_CONNECTION_REFUSED @ http://localhost:5173/:0
[ 2699423ms] [ERROR] Failed to load resource: net::ERR_CONNECTION_REFUSED @ http://localhost:5173/:0
[ 2700427ms] [ERROR] Failed to load resource: net::ERR_CONNECTION_REFUSED @ http://localhost:5173/:0
[ 2701430ms] [ERROR] Failed to load resource: net::ERR_CONNECTION_REFUSED @ http://localhost:5173/:0
[ 2702435ms] [ERROR] Failed to load resource: net::ERR_CONNECTION_REFUSED @ http://localhost:5173/:0
[ 2703437ms] [ERROR] Failed to load resource: net::ERR_CONNECTION_REFUSED @ http://localhost:5173/:0
[ 2704441ms] [ERROR] Failed to load resource: net::ERR_CONNECTION_REFUSED @ http://localhost:5173/:0
[ 2705445ms] [ERROR] Failed to load resource: net::ERR_CONNECTION_REFUSED @ http://localhost:5173/:0
[ 2706448ms] [ERROR] Failed to load resource: net::ERR_CONNECTION_REFUSED @ http://localhost:5173/:0
[ 2707452ms] [ERROR] Failed to load resource: net::ERR_CONNECTION_REFUSED @ http://localhost:5173/:0
[ 2708456ms] [ERROR] Failed to load resource: net::ERR_CONNECTION_REFUSED @ http://localhost:5173/:0
[ 2709460ms] [ERROR] Failed to load resource: net::ERR_CONNECTION_REFUSED @ http://localhost:5173/:0
[ 2710464ms] [ERROR] Failed to load resource: net::ERR_CONNECTION_REFUSED @ http://localhost:5173/:0
[ 2711466ms] [ERROR] Failed to load resource: net::ERR_CONNECTION_REFUSED @ http://localhost:5173/:0
[ 2712470ms] [ERROR] Failed to load resource: net::ERR_CONNECTION_REFUSED @ http://localhost:5173/:0
[ 2713474ms] [ERROR] Failed to load resource: net::ERR_CONNECTION_REFUSED @ http://localhost:5173/:0
[ 2714479ms] [ERROR] Failed to load resource: net::ERR_CONNECTION_REFUSED @ http://localhost:5173/:0
[ 2715482ms] [ERROR] Failed to load resource: net::ERR_CONNECTION_REFUSED @ http://localhost:5173/:0
[ 2716486ms] [ERROR] Failed to load resource: net::ERR_CONNECTION_REFUSED @ http://localhost:5173/:0
[ 2717489ms] [ERROR] Failed to load resource: net::ERR_CONNECTION_REFUSED @ http://localhost:5173/:0
[ 2718494ms] [ERROR] Failed to load resource: net::ERR_CONNECTION_REFUSED @ http://localhost:5173/:0
[ 2719497ms] [ERROR] Failed to load resource: net::ERR_CONNECTION_REFUSED @ http://localhost:5173/:0
[ 2720500ms] [ERROR] Failed to load resource: net::ERR_CONNECTION_REFUSED @ http://localhost:5173/:0
[ 2721504ms] [ERROR] Failed to load resource: net::ERR_CONNECTION_REFUSED @ http://localhost:5173/:0
[ 2722508ms] [ERROR] Failed to load resource: net::ERR_CONNECTION_REFUSED @ http://localhost:5173/:0
[ 2723512ms] [ERROR] Failed to load resource: net::ERR_CONNECTION_REFUSED @ http://localhost:5173/:0
[ 2724516ms] [ERROR] Failed to load resource: net::ERR_CONNECTION_REFUSED @ http://localhost:5173/:0
[ 2725520ms] [ERROR] Failed to load resource: net::ERR_CONNECTION_REFUSED @ http://localhost:5173/:0
[ 2726523ms] [ERROR] Failed to load resource: net::ERR_CONNECTION_REFUSED @ http://localhost:5173/:0
[ 2727528ms] [ERROR] Failed to load resource: net::ERR_CONNECTION_REFUSED @ http://localhost:5173/:0
[ 2728531ms] [ERROR] Failed to load resource: net::ERR_CONNECTION_REFUSED @ http://localhost:5173/:0
[ 2729535ms] [ERROR] Failed to load resource: net::ERR_CONNECTION_REFUSED @ http://localhost:5173/:0
[ 2730538ms] [ERROR] Failed to load resource: net::ERR_CONNECTION_REFUSED @ http://localhost:5173/:0
[ 2731541ms] [ERROR] Failed to load resource: net::ERR_CONNECTION_REFUSED @ http://localhost:5173/:0
[ 2732545ms] [ERROR] Failed to load resource: net::ERR_CONNECTION_REFUSED @ http://localhost:5173/:0
[ 2733549ms] [ERROR] Failed to load resource: net::ERR_CONNECTION_REFUSED @ http://localhost:5173/:0
[ 2734554ms] [ERROR] Failed to load resource: net::ERR_CONNECTION_REFUSED @ http://localhost:5173/:0
[ 2735557ms] [ERROR] Failed to load resource: net::ERR_CONNECTION_REFUSED @ http://localhost:5173/:0
[ 2736561ms] [ERROR] Failed to load resource: net::ERR_CONNECTION_REFUSED @ http://localhost:5173/:0
[ 2737565ms] [ERROR] Failed to load resource: net::ERR_CONNECTION_REFUSED @ http://localhost:5173/:0
[ 2738569ms] [ERROR] Failed to load resource: net::ERR_CONNECTION_REFUSED @ http://localhost:5173/:0
[ 2739573ms] [ERROR] Failed to load resource: net::ERR_CONNECTION_REFUSED @ http://localhost:5173/:0
[ 2740577ms] [ERROR] Failed to load resource: net::ERR_CONNECTION_REFUSED @ http://localhost:5173/:0
[ 2741580ms] [ERROR] Failed to load resource: net::ERR_CONNECTION_REFUSED @ http://localhost:5173/:0
[ 2742584ms] [ERROR] Failed to load resource: net::ERR_CONNECTION_REFUSED @ http://localhost:5173/:0
[ 2743589ms] [ERROR] Failed to load resource: net::ERR_CONNECTION_REFUSED @ http://localhost:5173/:0
[ 2744592ms] [ERROR] Failed to load resource: net::ERR_CONNECTION_REFUSED @ http://localhost:5173/:0
[ 2745596ms] [ERROR] Failed to load resource: net::ERR_CONNECTION_REFUSED @ http://localhost:5173/:0
[ 2746599ms] [ERROR] Failed to load resource: net::ERR_CONNECTION_REFUSED @ http://localhost:5173/:0
[ 2747602ms] [ERROR] Failed to load resource: net::ERR_CONNECTION_REFUSED @ http://localhost:5173/:0
[ 2748606ms] [ERROR] Failed to load resource: net::ERR_CONNECTION_REFUSED @ http://localhost:5173/:0
[ 2749610ms] [ERROR] Failed to load resource: net::ERR_CONNECTION_REFUSED @ http://localhost:5173/:0
[ 2750613ms] [ERROR] Failed to load resource: net::ERR_CONNECTION_REFUSED @ http://localhost:5173/:0
[ 2751617ms] [ERROR] Failed to load resource: net::ERR_CONNECTION_REFUSED @ http://localhost:5173/:0
[ 2752621ms] [ERROR] Failed to load resource: net::ERR_CONNECTION_REFUSED @ http://localhost:5173/:0
[ 2753624ms] [ERROR] Failed to load resource: net::ERR_CONNECTION_REFUSED @ http://localhost:5173/:0
[ 2754627ms] [ERROR] Failed to load resource: net::ERR_CONNECTION_REFUSED @ http://localhost:5173/:0
[ 2755630ms] [ERROR] Failed to load resource: net::ERR_CONNECTION_REFUSED @ http://localhost:5173/:0
[ 2756633ms] [ERROR] Failed to load resource: net::ERR_CONNECTION_REFUSED @ http://localhost:5173/:0
[ 2757637ms] [ERROR] Failed to load resource: net::ERR_CONNECTION_REFUSED @ http://localhost:5173/:0
[ 2758640ms] [ERROR] Failed to load resource: net::ERR_CONNECTION_REFUSED @ http://localhost:5173/:0
[ 2759644ms] [ERROR] Failed to load resource: net::ERR_CONNECTION_REFUSED @ http://localhost:5173/:0
[ 2760647ms] [ERROR] Failed to load resource: net::ERR_CONNECTION_REFUSED @ http://localhost:5173/:0
[ 2761650ms] [ERROR] Failed to load resource: net::ERR_CONNECTION_REFUSED @ http://localhost:5173/:0
[ 2762654ms] [ERROR] Failed to load resource: net::ERR_CONNECTION_REFUSED @ http://localhost:5173/:0
[ 2763656ms] [ERROR] Failed to load resource: net::ERR_CONNECTION_REFUSED @ http://localhost:5173/:0
[ 2764659ms] [ERROR] Failed to load resource: net::ERR_CONNECTION_REFUSED @ http://localhost:5173/:0
[ 2765663ms] [ERROR] Failed to load resource: net::ERR_CONNECTION_REFUSED @ http://localhost:5173/:0
[ 2766666ms] [ERROR] Failed to load resource: net::ERR_CONNECTION_REFUSED @ http://localhost:5173/:0
[ 2767670ms] [ERROR] Failed to load resource: net::ERR_CONNECTION_REFUSED @ http://localhost:5173/:0
[ 2768673ms] [ERROR] Failed to load resource: net::ERR_CONNECTION_REFUSED @ http://localhost:5173/:0
[ 2769678ms] [ERROR] Failed to load resource: net::ERR_CONNECTION_REFUSED @ http://localhost:5173/:0
[ 2770681ms] [ERROR] Failed to load resource: net::ERR_CONNECTION_REFUSED @ http://localhost:5173/:0
[ 2771686ms] [ERROR] Failed to load resource: net::ERR_CONNECTION_REFUSED @ http://localhost:5173/:0
[ 2772688ms] [ERROR] Failed to load resource: net::ERR_CONNECTION_REFUSED @ http://localhost:5173/:0
[ 2773691ms] [ERROR] Failed to load resource: net::ERR_CONNECTION_REFUSED @ http://localhost:5173/:0
[ 2774695ms] [ERROR] Failed to load resource: net::ERR_CONNECTION_REFUSED @ http://localhost:5173/:0
[ 2775702ms] [ERROR] Failed to load resource: net::ERR_CONNECTION_REFUSED @ http://localhost:5173/:0
[ 2776704ms] [ERROR] Failed to load resource: net::ERR_CONNECTION_REFUSED @ http://localhost:5173/:0
[ 2777707ms] [ERROR] Failed to load resource: net::ERR_CONNECTION_REFUSED @ http://localhost:5173/:0
[ 2778712ms] [ERROR] Failed to load resource: net::ERR_CONNECTION_REFUSED @ http://localhost:5173/:0
[ 2779715ms] [ERROR] Failed to load resource: net::ERR_CONNECTION_REFUSED @ http://localhost:5173/:0
[ 2780719ms] [ERROR] Failed to load resource: net::ERR_CONNECTION_REFUSED @ http://localhost:5173/:0
[ 2781722ms] [ERROR] Failed to load resource: net::ERR_CONNECTION_REFUSED @ http://localhost:5173/:0
[ 2782725ms] [ERROR] Failed to load resource: net::ERR_CONNECTION_REFUSED @ http://localhost:5173/:0
[ 2783728ms] [ERROR] Failed to load resource: net::ERR_CONNECTION_REFUSED @ http://localhost:5173/:0
[ 2784731ms] [ERROR] Failed to load resource: net::ERR_CONNECTION_REFUSED @ http://localhost:5173/:0
[ 2785734ms] [ERROR] Failed to load resource: net::ERR_CONNECTION_REFUSED @ http://localhost:5173/:0
[ 2786737ms] [ERROR] Failed to load resource: net::ERR_CONNECTION_REFUSED @ http://localhost:5173/:0
[ 2787740ms] [ERROR] Failed to load resource: net::ERR_CONNECTION_REFUSED @ http://localhost:5173/:0
[ 2788744ms] [ERROR] Failed to load resource: net::ERR_CONNECTION_REFUSED @ http://localhost:5173/:0
[ 2789748ms] [ERROR] Failed to load resource: net::ERR_CONNECTION_REFUSED @ http://localhost:5173/:0
[ 2790752ms] [ERROR] Failed to load resource: net::ERR_CONNECTION_REFUSED @ http://localhost:5173/:0
[ 2791755ms] [ERROR] Failed to load resource: net::ERR_CONNECTION_REFUSED @ http://localhost:5173/:0
[ 2792758ms] [ERROR] Failed to load resource: net::ERR_CONNECTION_REFUSED @ http://localhost:5173/:0
[ 2793760ms] [ERROR] Failed to load resource: net::ERR_CONNECTION_REFUSED @ http://localhost:5173/:0
[ 2794764ms] [ERROR] Failed to load resource: net::ERR_CONNECTION_REFUSED @ http://localhost:5173/:0
[ 2795768ms] [ERROR] Failed to load resource: net::ERR_CONNECTION_REFUSED @ http://localhost:5173/:0
[ 2796771ms] [ERROR] Failed to load resource: net::ERR_CONNECTION_REFUSED @ http://localhost:5173/:0
[ 2797775ms] [ERROR] Failed to load resource: net::ERR_CONNECTION_REFUSED @ http://localhost:5173/:0
[ 2798778ms] [ERROR] Failed to load resource: net::ERR_CONNECTION_REFUSED @ http://localhost:5173/:0
[ 2799781ms] [ERROR] Failed to load resource: net::ERR_CONNECTION_REFUSED @ http://localhost:5173/:0
[ 2800786ms] [ERROR] Failed to load resource: net::ERR_CONNECTION_REFUSED @ http://localhost:5173/:0
[ 2801790ms] [ERROR] Failed to load resource: net::ERR_CONNECTION_REFUSED @ http://localhost:5173/:0
[ 2802794ms] [ERROR] Failed to load resource: net::ERR_CONNECTION_REFUSED @ http://localhost:5173/:0
[ 2803797ms] [ERROR] Failed to load resource: net::ERR_CONNECTION_REFUSED @ http://localhost:5173/:0
[ 2804800ms] [ERROR] Failed to load resource: net::ERR_CONNECTION_REFUSED @ http://localhost:5173/:0
[ 2805803ms] [ERROR] Failed to load resource: net::ERR_CONNECTION_REFUSED @ http://localhost:5173/:0
[ 2806807ms] [ERROR] Failed to load resource: net::ERR_CONNECTION_REFUSED @ http://localhost:5173/:0
[ 2807810ms] [ERROR] Failed to load resource: net::ERR_CONNECTION_REFUSED @ http://localhost:5173/:0
[ 2808814ms] [ERROR] Failed to load resource: net::ERR_CONNECTION_REFUSED @ http://localhost:5173/:0
[ 2809818ms] [ERROR] Failed to load resource: net::ERR_CONNECTION_REFUSED @ http://localhost:5173/:0
[ 2810821ms] [ERROR] Failed to load resource: net::ERR_CONNECTION_REFUSED @ http://localhost:5173/:0
[ 2811824ms] [ERROR] Failed to load resource: net::ERR_CONNECTION_REFUSED @ http://localhost:5173/:0
[ 2812828ms] [ERROR] Failed to load resource: net::ERR_CONNECTION_REFUSED @ http://localhost:5173/:0
[ 2813832ms] [ERROR] Failed to load resource: net::ERR_CONNECTION_REFUSED @ http://localhost:5173/:0
[ 2814837ms] [ERROR] Failed to load resource: net::ERR_CONNECTION_REFUSED @ http://localhost:5173/:0
[ 2815839ms] [ERROR] Failed to load resource: net::ERR_CONNECTION_REFUSED @ http://localhost:5173/:0
[ 2816843ms] [ERROR] Failed to load resource: net::ERR_CONNECTION_REFUSED @ http://localhost:5173/:0
[ 2817846ms] [ERROR] Failed to load resource: net::ERR_CONNECTION_REFUSED @ http://localhost:5173/:0
[ 2818850ms] [ERROR] Failed to load resource: net::ERR_CONNECTION_REFUSED @ http://localhost:5173/:0
[ 2819854ms] [ERROR] Failed to load resource: net::ERR_CONNECTION_REFUSED @ http://localhost:5173/:0
[ 2820857ms] [ERROR] Failed to load resource: net::ERR_CONNECTION_REFUSED @ http://localhost:5173/:0
[ 2821862ms] [ERROR] Failed to load resource: net::ERR_CONNECTION_REFUSED @ http://localhost:5173/:0
[ 2822865ms] [ERROR] Failed to load resource: net::ERR_CONNECTION_REFUSED @ http://localhost:5173/:0
[ 2823869ms] [ERROR] Failed to load resource: net::ERR_CONNECTION_REFUSED @ http://localhost:5173/:0
[ 2824873ms] [ERROR] Failed to load resource: net::ERR_CONNECTION_REFUSED @ http://localhost:5173/:0
[ 2825876ms] [ERROR] Failed to load resource: net::ERR_CONNECTION_REFUSED @ http://localhost:5173/:0
[ 2826878ms] [ERROR] Failed to load resource: net::ERR_CONNECTION_REFUSED @ http://localhost:5173/:0
[ 2827881ms] [ERROR] Failed to load resource: net::ERR_CONNECTION_REFUSED @ http://localhost:5173/:0
[ 2828885ms] [ERROR] Failed to load resource: net::ERR_CONNECTION_REFUSED @ http://localhost:5173/:0
[ 2829887ms] [ERROR] Failed to load resource: net::ERR_CONNECTION_REFUSED @ http://localhost:5173/:0
[ 2830890ms] [ERROR] Failed to load resource: net::ERR_CONNECTION_REFUSED @ http://localhost:5173/:0
[ 2831895ms] [ERROR] Failed to load resource: net::ERR_CONNECTION_REFUSED @ http://localhost:5173/:0
[ 2832899ms] [ERROR] Failed to load resource: net::ERR_CONNECTION_REFUSED @ http://localhost:5173/:0
[ 2833902ms] [ERROR] Failed to load resource: net::ERR_CONNECTION_REFUSED @ http://localhost:5173/:0
[ 2834905ms] [ERROR] Failed to load resource: net::ERR_CONNECTION_REFUSED @ http://localhost:5173/:0
[ 2835908ms] [ERROR] Failed to load resource: net::ERR_CONNECTION_REFUSED @ http://localhost:5173/:0
[ 2836911ms] [ERROR] Failed to load resource: net::ERR_CONNECTION_REFUSED @ http://localhost:5173/:0
[ 2837914ms] [ERROR] Failed to load resource: net::ERR_CONNECTION_REFUSED @ http://localhost:5173/:0
[ 2838918ms] [ERROR] Failed to load resource: net::ERR_CONNECTION_REFUSED @ http://localhost:5173/:0
[ 2839921ms] [ERROR] Failed to load resource: net::ERR_CONNECTION_REFUSED @ http://localhost:5173/:0
[ 2840924ms] [ERROR] Failed to load resource: net::ERR_CONNECTION_REFUSED @ http://localhost:5173/:0
[ 2841928ms] [ERROR] Failed to load resource: net::ERR_CONNECTION_REFUSED @ http://localhost:5173/:0
[ 2842931ms] [ERROR] Failed to load resource: net::ERR_CONNECTION_REFUSED @ http://localhost:5173/:0
[ 2843935ms] [ERROR] Failed to load resource: net::ERR_CONNECTION_REFUSED @ http://localhost:5173/:0
[ 2844938ms] [ERROR] Failed to load resource: net::ERR_CONNECTION_REFUSED @ http://localhost:5173/:0
[ 2845942ms] [ERROR] Failed to load resource: net::ERR_CONNECTION_REFUSED @ http://localhost:5173/:0
[ 2846946ms] [ERROR] Failed to load resource: net::ERR_CONNECTION_REFUSED @ http://localhost:5173/:0
[ 2847950ms] [ERROR] Failed to load resource: net::ERR_CONNECTION_REFUSED @ http://localhost:5173/:0
[ 2848953ms] [ERROR] Failed to load resource: net::ERR_CONNECTION_REFUSED @ http://localhost:5173/:0
[ 2849957ms] [ERROR] Failed to load resource: net::ERR_CONNECTION_REFUSED @ http://localhost:5173/:0
[ 2850960ms] [ERROR] Failed to load resource: net::ERR_CONNECTION_REFUSED @ http://localhost:5173/:0
[ 2851964ms] [ERROR] Failed to load resource: net::ERR_CONNECTION_REFUSED @ http://localhost:5173/:0
[ 2852967ms] [ERROR] Failed to load resource: net::ERR_CONNECTION_REFUSED @ http://localhost:5173/:0
[ 2853971ms] [ERROR] Failed to load resource: net::ERR_CONNECTION_REFUSED @ http://localhost:5173/:0
[ 2854975ms] [ERROR] Failed to load resource: net::ERR_CONNECTION_REFUSED @ http://localhost:5173/:0
[ 2855978ms] [ERROR] Failed to load resource: net::ERR_CONNECTION_REFUSED @ http://localhost:5173/:0
[ 2856981ms] [ERROR] Failed to load resource: net::ERR_CONNECTION_REFUSED @ http://localhost:5173/:0
[ 2857985ms] [ERROR] Failed to load resource: net::ERR_CONNECTION_REFUSED @ http://localhost:5173/:0
[ 2858989ms] [ERROR] Failed to load resource: net::ERR_CONNECTION_REFUSED @ http://localhost:5173/:0
[ 2859992ms] [ERROR] Failed to load resource: net::ERR_CONNECTION_REFUSED @ http://localhost:5173/:0
[ 2860996ms] [ERROR] Failed to load resource: net::ERR_CONNECTION_REFUSED @ http://localhost:5173/:0
[ 2861999ms] [ERROR] Failed to load resource: net::ERR_CONNECTION_REFUSED @ http://localhost:5173/:0
[ 2863002ms] [ERROR] Failed to load resource: net::ERR_CONNECTION_REFUSED @ http://localhost:5173/:0
[ 2864006ms] [ERROR] Failed to load resource: net::ERR_CONNECTION_REFUSED @ http://localhost:5173/:0
[ 2865009ms] [ERROR] Failed to load resource: net::ERR_CONNECTION_REFUSED @ http://localhost:5173/:0
[ 2866014ms] [ERROR] Failed to load resource: net::ERR_CONNECTION_REFUSED @ http://localhost:5173/:0
[ 2867017ms] [ERROR] Failed to load resource: net::ERR_CONNECTION_REFUSED @ http://localhost:5173/:0
[ 2868020ms] [ERROR] Failed to load resource: net::ERR_CONNECTION_REFUSED @ http://localhost:5173/:0
[ 2869024ms] [ERROR] Failed to load resource: net::ERR_CONNECTION_REFUSED @ http://localhost:5173/:0
[ 2870028ms] [ERROR] Failed to load resource: net::ERR_CONNECTION_REFUSED @ http://localhost:5173/:0
[ 2871032ms] [ERROR] Failed to load resource: net::ERR_CONNECTION_REFUSED @ http://localhost:5173/:0
[ 2872035ms] [ERROR] Failed to load resource: net::ERR_CONNECTION_REFUSED @ http://localhost:5173/:0
[ 2873038ms] [ERROR] Failed to load resource: net::ERR_CONNECTION_REFUSED @ http://localhost:5173/:0
[ 2874041ms] [ERROR] Failed to load resource: net::ERR_CONNECTION_REFUSED @ http://localhost:5173/:0
[ 2875045ms] [ERROR] Failed to load resource: net::ERR_CONNECTION_REFUSED @ http://localhost:5173/:0
[ 2876049ms] [ERROR] Failed to load resource: net::ERR_CONNECTION_REFUSED @ http://localhost:5173/:0
[ 2877052ms] [ERROR] Failed to load resource: net::ERR_CONNECTION_REFUSED @ http://localhost:5173/:0
[ 2878055ms] [ERROR] Failed to load resource: net::ERR_CONNECTION_REFUSED @ http://localhost:5173/:0
[ 2879058ms] [ERROR] Failed to load resource: net::ERR_CONNECTION_REFUSED @ http://localhost:5173/:0
[ 2880061ms] [ERROR] Failed to load resource: net::ERR_CONNECTION_REFUSED @ http://localhost:5173/:0
[ 2881065ms] [ERROR] Failed to load resource: net::ERR_CONNECTION_REFUSED @ http://localhost:5173/:0
[ 2882068ms] [ERROR] Failed to load resource: net::ERR_CONNECTION_REFUSED @ http://localhost:5173/:0
[ 2883071ms] [ERROR] Failed to load resource: net::ERR_CONNECTION_REFUSED @ http://localhost:5173/:0
[ 2884078ms] [ERROR] Failed to load resource: net::ERR_CONNECTION_REFUSED @ http://localhost:5173/:0
[ 2885082ms] [ERROR] Failed to load resource: net::ERR_CONNECTION_REFUSED @ http://localhost:5173/:0
[ 2886085ms] [ERROR] Failed to load resource: net::ERR_CONNECTION_REFUSED @ http://localhost:5173/:0
[ 2887088ms] [ERROR] Failed to load resource: net::ERR_CONNECTION_REFUSED @ http://localhost:5173/:0
[ 2888091ms] [ERROR] Failed to load resource: net::ERR_CONNECTION_REFUSED @ http://localhost:5173/:0
[ 2889094ms] [ERROR] Failed to load resource: net::ERR_CONNECTION_REFUSED @ http://localhost:5173/:0
[ 2890098ms] [ERROR] Failed to load resource: net::ERR_CONNECTION_REFUSED @ http://localhost:5173/:0
[ 2891101ms] [ERROR] Failed to load resource: net::ERR_CONNECTION_REFUSED @ http://localhost:5173/:0
[ 2892104ms] [ERROR] Failed to load resource: net::ERR_CONNECTION_REFUSED @ http://localhost:5173/:0
[ 2893108ms] [ERROR] Failed to load resource: net::ERR_CONNECTION_REFUSED @ http://localhost:5173/:0
[ 2894111ms] [ERROR] Failed to load resource: net::ERR_CONNECTION_REFUSED @ http://localhost:5173/:0
[ 2895116ms] [ERROR] Failed to load resource: net::ERR_CONNECTION_REFUSED @ http://localhost:5173/:0
[ 2896119ms] [ERROR] Failed to load resource: net::ERR_CONNECTION_REFUSED @ http://localhost:5173/:0
[ 2897123ms] [ERROR] Failed to load resource: net::ERR_CONNECTION_REFUSED @ http://localhost:5173/:0
[ 2898127ms] [ERROR] Failed to load resource: net::ERR_CONNECTION_REFUSED @ http://localhost:5173/:0
[ 2899130ms] [ERROR] Failed to load resource: net::ERR_CONNECTION_REFUSED @ http://localhost:5173/:0
[ 2900132ms] [ERROR] Failed to load resource: net::ERR_CONNECTION_REFUSED @ http://localhost:5173/:0
[ 2901136ms] [ERROR] Failed to load resource: net::ERR_CONNECTION_REFUSED @ http://localhost:5173/:0
[ 2902140ms] [ERROR] Failed to load resource: net::ERR_CONNECTION_REFUSED @ http://localhost:5173/:0
[ 2903144ms] [ERROR] Failed to load resource: net::ERR_CONNECTION_REFUSED @ http://localhost:5173/:0
[ 2904148ms] [ERROR] Failed to load resource: net::ERR_CONNECTION_REFUSED @ http://localhost:5173/:0
[ 2905152ms] [ERROR] Failed to load resource: net::ERR_CONNECTION_REFUSED @ http://localhost:5173/:0
[ 2906155ms] [ERROR] Failed to load resource: net::ERR_CONNECTION_REFUSED @ http://localhost:5173/:0
[ 2907159ms] [ERROR] Failed to load resource: net::ERR_CONNECTION_REFUSED @ http://localhost:5173/:0
[ 2908162ms] [ERROR] Failed to load resource: net::ERR_CONNECTION_REFUSED @ http://localhost:5173/:0
[ 2909166ms] [ERROR] Failed to load resource: net::ERR_CONNECTION_REFUSED @ http://localhost:5173/:0
[ 2910170ms] [ERROR] Failed to load resource: net::ERR_CONNECTION_REFUSED @ http://localhost:5173/:0
[ 2911173ms] [ERROR] Failed to load resource: net::ERR_CONNECTION_REFUSED @ http://localhost:5173/:0
[ 2912177ms] [ERROR] Failed to load resource: net::ERR_CONNECTION_REFUSED @ http://localhost:5173/:0
[ 2913181ms] [ERROR] Failed to load resource: net::ERR_CONNECTION_REFUSED @ http://localhost:5173/:0
[ 2914184ms] [ERROR] Failed to load resource: net::ERR_CONNECTION_REFUSED @ http://localhost:5173/:0
[ 2915189ms] [ERROR] Failed to load resource: net::ERR_CONNECTION_REFUSED @ http://localhost:5173/:0
[ 2916192ms] [ERROR] Failed to load resource: net::ERR_CONNECTION_REFUSED @ http://localhost:5173/:0
[ 2917195ms] [ERROR] Failed to load resource: net::ERR_CONNECTION_REFUSED @ http://localhost:5173/:0
[ 2918199ms] [ERROR] Failed to load resource: net::ERR_CONNECTION_REFUSED @ http://localhost:5173/:0
[ 2919203ms] [ERROR] Failed to load resource: net::ERR_CONNECTION_REFUSED @ http://localhost:5173/:0
[ 2920206ms] [ERROR] Failed to load resource: net::ERR_CONNECTION_REFUSED @ http://localhost:5173/:0
[ 2921210ms] [ERROR] Failed to load resource: net::ERR_CONNECTION_REFUSED @ http://localhost:5173/:0
[ 2922213ms] [ERROR] Failed to load resource: net::ERR_CONNECTION_REFUSED @ http://localhost:5173/:0
[ 2923216ms] [ERROR] Failed to load resource: net::ERR_CONNECTION_REFUSED @ http://localhost:5173/:0
[ 2924220ms] [ERROR] Failed to load resource: net::ERR_CONNECTION_REFUSED @ http://localhost:5173/:0
[ 2925224ms] [ERROR] Failed to load resource: net::ERR_CONNECTION_REFUSED @ http://localhost:5173/:0
[ 2926228ms] [ERROR] Failed to load resource: net::ERR_CONNECTION_REFUSED @ http://localhost:5173/:0
[ 2927231ms] [ERROR] Failed to load resource: net::ERR_CONNECTION_REFUSED @ http://localhost:5173/:0
[ 2928234ms] [ERROR] Failed to load resource: net::ERR_CONNECTION_REFUSED @ http://localhost:5173/:0
[ 2929238ms] [ERROR] Failed to load resource: net::ERR_CONNECTION_REFUSED @ http://localhost:5173/:0
[ 2930240ms] [ERROR] Failed to load resource: net::ERR_CONNECTION_REFUSED @ http://localhost:5173/:0
[ 2931245ms] [ERROR] Failed to load resource: net::ERR_CONNECTION_REFUSED @ http://localhost:5173/:0
[ 2932247ms] [ERROR] Failed to load resource: net::ERR_CONNECTION_REFUSED @ http://localhost:5173/:0
[ 2933251ms] [ERROR] Failed to load resource: net::ERR_CONNECTION_REFUSED @ http://localhost:5173/:0
[ 2934258ms] [ERROR] Failed to load resource: net::ERR_CONNECTION_REFUSED @ http://localhost:5173/:0
[ 2935261ms] [ERROR] Failed to load resource: net::ERR_CONNECTION_REFUSED @ http://localhost:5173/:0
[ 2936265ms] [ERROR] Failed to load resource: net::ERR_CONNECTION_REFUSED @ http://localhost:5173/:0
[ 2937270ms] [ERROR] Failed to load resource: net::ERR_CONNECTION_REFUSED @ http://localhost:5173/:0
[ 2938273ms] [ERROR] Failed to load resource: net::ERR_CONNECTION_REFUSED @ http://localhost:5173/:0
[ 2939277ms] [ERROR] Failed to load resource: net::ERR_CONNECTION_REFUSED @ http://localhost:5173/:0
[ 2940282ms] [ERROR] Failed to load resource: net::ERR_CONNECTION_REFUSED @ http://localhost:5173/:0
[ 2941286ms] [ERROR] Failed to load resource: net::ERR_CONNECTION_REFUSED @ http://localhost:5173/:0
[ 2942289ms] [ERROR] Failed to load resource: net::ERR_CONNECTION_REFUSED @ http://localhost:5173/:0
[ 2943292ms] [ERROR] Failed to load resource: net::ERR_CONNECTION_REFUSED @ http://localhost:5173/:0
[ 2944295ms] [ERROR] Failed to load resource: net::ERR_CONNECTION_REFUSED @ http://localhost:5173/:0
[ 2945298ms] [ERROR] Failed to load resource: net::ERR_CONNECTION_REFUSED @ http://localhost:5173/:0
[ 2946301ms] [ERROR] Failed to load resource: net::ERR_CONNECTION_REFUSED @ http://localhost:5173/:0
[ 2947309ms] [ERROR] Failed to load resource: net::ERR_CONNECTION_REFUSED @ http://localhost:5173/:0
[ 2948312ms] [ERROR] Failed to load resource: net::ERR_CONNECTION_REFUSED @ http://localhost:5173/:0
[ 2949316ms] [ERROR] Failed to load resource: net::ERR_CONNECTION_REFUSED @ http://localhost:5173/:0
[ 2950319ms] [ERROR] Failed to load resource: net::ERR_CONNECTION_REFUSED @ http://localhost:5173/:0
[ 2951322ms] [ERROR] Failed to load resource: net::ERR_CONNECTION_REFUSED @ http://localhost:5173/:0
[ 2952325ms] [ERROR] Failed to load resource: net::ERR_CONNECTION_REFUSED @ http://localhost:5173/:0
[ 2953329ms] [ERROR] Failed to load resource: net::ERR_CONNECTION_REFUSED @ http://localhost:5173/:0
[ 2954332ms] [ERROR] Failed to load resource: net::ERR_CONNECTION_REFUSED @ http://localhost:5173/:0
[ 2955336ms] [ERROR] Failed to load resource: net::ERR_CONNECTION_REFUSED @ http://localhost:5173/:0
[ 2956340ms] [ERROR] Failed to load resource: net::ERR_CONNECTION_REFUSED @ http://localhost:5173/:0
[ 2957343ms] [ERROR] Failed to load resource: net::ERR_CONNECTION_REFUSED @ http://localhost:5173/:0
[ 2958346ms] [ERROR] Failed to load resource: net::ERR_CONNECTION_REFUSED @ http://localhost:5173/:0
[ 2959349ms] [ERROR] Failed to load resource: net::ERR_CONNECTION_REFUSED @ http://localhost:5173/:0
[ 2960352ms] [ERROR] Failed to load resource: net::ERR_CONNECTION_REFUSED @ http://localhost:5173/:0
[ 2961356ms] [ERROR] Failed to load resource: net::ERR_CONNECTION_REFUSED @ http://localhost:5173/:0
[ 2962360ms] [ERROR] Failed to load resource: net::ERR_CONNECTION_REFUSED @ http://localhost:5173/:0
[ 2963364ms] [ERROR] Failed to load resource: net::ERR_CONNECTION_REFUSED @ http://localhost:5173/:0
[ 2964368ms] [ERROR] Failed to load resource: net::ERR_CONNECTION_REFUSED @ http://localhost:5173/:0
[ 2965372ms] [ERROR] Failed to load resource: net::ERR_CONNECTION_REFUSED @ http://localhost:5173/:0
[ 2966375ms] [ERROR] Failed to load resource: net::ERR_CONNECTION_REFUSED @ http://localhost:5173/:0
[ 2967379ms] [ERROR] Failed to load resource: net::ERR_CONNECTION_REFUSED @ http://localhost:5173/:0
[ 2968383ms] [ERROR] Failed to load resource: net::ERR_CONNECTION_REFUSED @ http://localhost:5173/:0
[ 2969386ms] [ERROR] Failed to load resource: net::ERR_CONNECTION_REFUSED @ http://localhost:5173/:0
[ 2970390ms] [ERROR] Failed to load resource: net::ERR_CONNECTION_REFUSED @ http://localhost:5173/:0
[ 2971394ms] [ERROR] Failed to load resource: net::ERR_CONNECTION_REFUSED @ http://localhost:5173/:0
[ 2972398ms] [ERROR] Failed to load resource: net::ERR_CONNECTION_REFUSED @ http://localhost:5173/:0
[ 2973401ms] [ERROR] Failed to load resource: net::ERR_CONNECTION_REFUSED @ http://localhost:5173/:0
[ 2974404ms] [ERROR] Failed to load resource: net::ERR_CONNECTION_REFUSED @ http://localhost:5173/:0
[ 2975407ms] [ERROR] Failed to load resource: net::ERR_CONNECTION_REFUSED @ http://localhost:5173/:0
[ 2976411ms] [ERROR] Failed to load resource: net::ERR_CONNECTION_REFUSED @ http://localhost:5173/:0
[ 2977415ms] [ERROR] Failed to load resource: net::ERR_CONNECTION_REFUSED @ http://localhost:5173/:0
[ 2978419ms] [ERROR] Failed to load resource: net::ERR_CONNECTION_REFUSED @ http://localhost:5173/:0
[ 2979423ms] [ERROR] Failed to load resource: net::ERR_CONNECTION_REFUSED @ http://localhost:5173/:0
[ 2980426ms] [ERROR] Failed to load resource: net::ERR_CONNECTION_REFUSED @ http://localhost:5173/:0
[ 2981431ms] [ERROR] Failed to load resource: net::ERR_CONNECTION_REFUSED @ http://localhost:5173/:0
[ 2982435ms] [ERROR] Failed to load resource: net::ERR_CONNECTION_REFUSED @ http://localhost:5173/:0
[ 2983439ms] [ERROR] Failed to load resource: net::ERR_CONNECTION_REFUSED @ http://localhost:5173/:0
[ 2984443ms] [ERROR] Failed to load resource: net::ERR_CONNECTION_REFUSED @ http://localhost:5173/:0
[ 2985446ms] [ERROR] Failed to load resource: net::ERR_CONNECTION_REFUSED @ http://localhost:5173/:0
[ 2986449ms] [ERROR] Failed to load resource: net::ERR_CONNECTION_REFUSED @ http://localhost:5173/:0
[ 2987453ms] [ERROR] Failed to load resource: net::ERR_CONNECTION_REFUSED @ http://localhost:5173/:0
[ 2988457ms] [ERROR] Failed to load resource: net::ERR_CONNECTION_REFUSED @ http://localhost:5173/:0
[ 2989460ms] [ERROR] Failed to load resource: net::ERR_CONNECTION_REFUSED @ http://localhost:5173/:0
[ 2990464ms] [ERROR] Failed to load resource: net::ERR_CONNECTION_REFUSED @ http://localhost:5173/:0
[ 2991470ms] [ERROR] Failed to load resource: net::ERR_CONNECTION_REFUSED @ http://localhost:5173/:0
[ 2992474ms] [ERROR] Failed to load resource: net::ERR_CONNECTION_REFUSED @ http://localhost:5173/:0
[ 2993477ms] [ERROR] Failed to load resource: net::ERR_CONNECTION_REFUSED @ http://localhost:5173/:0
[ 2994480ms] [ERROR] Failed to load resource: net::ERR_CONNECTION_REFUSED @ http://localhost:5173/:0
[ 2995483ms] [ERROR] Failed to load resource: net::ERR_CONNECTION_REFUSED @ http://localhost:5173/:0
[ 2996486ms] [ERROR] Failed to load resource: net::ERR_CONNECTION_REFUSED @ http://localhost:5173/:0
[ 2997490ms] [ERROR] Failed to load resource: net::ERR_CONNECTION_REFUSED @ http://localhost:5173/:0
[ 2998493ms] [ERROR] Failed to load resource: net::ERR_CONNECTION_REFUSED @ http://localhost:5173/:0
[ 2999496ms] [ERROR] Failed to load resource: net::ERR_CONNECTION_REFUSED @ http://localhost:5173/:0
[ 3000500ms] [ERROR] Failed to load resource: net::ERR_CONNECTION_REFUSED @ http://localhost:5173/:0
[ 3001504ms] [ERROR] Failed to load resource: net::ERR_CONNECTION_REFUSED @ http://localhost:5173/:0
[ 3002508ms] [ERROR] Failed to load resource: net::ERR_CONNECTION_REFUSED @ http://localhost:5173/:0
[ 3003512ms] [ERROR] Failed to load resource: net::ERR_CONNECTION_REFUSED @ http://localhost:5173/:0
[ 3004515ms] [ERROR] Failed to load resource: net::ERR_CONNECTION_REFUSED @ http://localhost:5173/:0
[ 3005519ms] [ERROR] Failed to load resource: net::ERR_CONNECTION_REFUSED @ http://localhost:5173/:0
[ 3006522ms] [ERROR] Failed to load resource: net::ERR_CONNECTION_REFUSED @ http://localhost:5173/:0
[ 3007525ms] [ERROR] Failed to load resource: net::ERR_CONNECTION_REFUSED @ http://localhost:5173/:0
[ 3008528ms] [ERROR] Failed to load resource: net::ERR_CONNECTION_REFUSED @ http://localhost:5173/:0
[ 3009532ms] [ERROR] Failed to load resource: net::ERR_CONNECTION_REFUSED @ http://localhost:5173/:0
[ 3010536ms] [ERROR] Failed to load resource: net::ERR_CONNECTION_REFUSED @ http://localhost:5173/:0
[ 3011540ms] [ERROR] Failed to load resource: net::ERR_CONNECTION_REFUSED @ http://localhost:5173/:0
[ 3012544ms] [ERROR] Failed to load resource: net::ERR_CONNECTION_REFUSED @ http://localhost:5173/:0
[ 3013549ms] [ERROR] Failed to load resource: net::ERR_CONNECTION_REFUSED @ http://localhost:5173/:0
[ 3014552ms] [ERROR] Failed to load resource: net::ERR_CONNECTION_REFUSED @ http://localhost:5173/:0
[ 3015556ms] [ERROR] Failed to load resource: net::ERR_CONNECTION_REFUSED @ http://localhost:5173/:0
[ 3016560ms] [ERROR] Failed to load resource: net::ERR_CONNECTION_REFUSED @ http://localhost:5173/:0
[ 3017564ms] [ERROR] Failed to load resource: net::ERR_CONNECTION_REFUSED @ http://localhost:5173/:0
[ 3018568ms] [ERROR] Failed to load resource: net::ERR_CONNECTION_REFUSED @ http://localhost:5173/:0
[ 3019571ms] [ERROR] Failed to load resource: net::ERR_CONNECTION_REFUSED @ http://localhost:5173/:0
[ 3020575ms] [ERROR] Failed to load resource: net::ERR_CONNECTION_REFUSED @ http://localhost:5173/:0
[ 3021578ms] [ERROR] Failed to load resource: net::ERR_CONNECTION_REFUSED @ http://localhost:5173/:0
[ 3022581ms] [ERROR] Failed to load resource: net::ERR_CONNECTION_REFUSED @ http://localhost:5173/:0
[ 3023585ms] [ERROR] Failed to load resource: net::ERR_CONNECTION_REFUSED @ http://localhost:5173/:0
[ 3024588ms] [ERROR] Failed to load resource: net::ERR_CONNECTION_REFUSED @ http://localhost:5173/:0
[ 3025592ms] [ERROR] Failed to load resource: net::ERR_CONNECTION_REFUSED @ http://localhost:5173/:0
[ 3026595ms] [ERROR] Failed to load resource: net::ERR_CONNECTION_REFUSED @ http://localhost:5173/:0
[ 3027599ms] [ERROR] Failed to load resource: net::ERR_CONNECTION_REFUSED @ http://localhost:5173/:0
[ 3028602ms] [ERROR] Failed to load resource: net::ERR_CONNECTION_REFUSED @ http://localhost:5173/:0
[ 3029607ms] [ERROR] Failed to load resource: net::ERR_CONNECTION_REFUSED @ http://localhost:5173/:0
[ 3030610ms] [ERROR] Failed to load resource: net::ERR_CONNECTION_REFUSED @ http://localhost:5173/:0
[ 3031614ms] [ERROR] Failed to load resource: net::ERR_CONNECTION_REFUSED @ http://localhost:5173/:0
[ 3032617ms] [ERROR] Failed to load resource: net::ERR_CONNECTION_REFUSED @ http://localhost:5173/:0
[ 3033620ms] [ERROR] Failed to load resource: net::ERR_CONNECTION_REFUSED @ http://localhost:5173/:0
[ 3034624ms] [ERROR] Failed to load resource: net::ERR_CONNECTION_REFUSED @ http://localhost:5173/:0
[ 3035628ms] [ERROR] Failed to load resource: net::ERR_CONNECTION_REFUSED @ http://localhost:5173/:0
[ 3036632ms] [ERROR] Failed to load resource: net::ERR_CONNECTION_REFUSED @ http://localhost:5173/:0
[ 3037636ms] [ERROR] Failed to load resource: net::ERR_CONNECTION_REFUSED @ http://localhost:5173/:0
[ 3038640ms] [ERROR] Failed to load resource: net::ERR_CONNECTION_REFUSED @ http://localhost:5173/:0
[ 3039644ms] [ERROR] Failed to load resource: net::ERR_CONNECTION_REFUSED @ http://localhost:5173/:0
[ 3040651ms] [ERROR] Failed to load resource: net::ERR_CONNECTION_REFUSED @ http://localhost:5173/:0
[ 3041655ms] [ERROR] Failed to load resource: net::ERR_CONNECTION_REFUSED @ http://localhost:5173/:0
[ 3042658ms] [ERROR] Failed to load resource: net::ERR_CONNECTION_REFUSED @ http://localhost:5173/:0
[ 3043663ms] [ERROR] Failed to load resource: net::ERR_CONNECTION_REFUSED @ http://localhost:5173/:0
[ 3044667ms] [ERROR] Failed to load resource: net::ERR_CONNECTION_REFUSED @ http://localhost:5173/:0
[ 3045671ms] [ERROR] Failed to load resource: net::ERR_CONNECTION_REFUSED @ http://localhost:5173/:0
[ 3046674ms] [ERROR] Failed to load resource: net::ERR_CONNECTION_REFUSED @ http://localhost:5173/:0
[ 3047677ms] [ERROR] Failed to load resource: net::ERR_CONNECTION_REFUSED @ http://localhost:5173/:0
[ 3048682ms] [ERROR] Failed to load resource: net::ERR_CONNECTION_REFUSED @ http://localhost:5173/:0
[ 3049686ms] [ERROR] Failed to load resource: net::ERR_CONNECTION_REFUSED @ http://localhost:5173/:0
[ 3050689ms] [ERROR] Failed to load resource: net::ERR_CONNECTION_REFUSED @ http://localhost:5173/:0
[ 3051692ms] [ERROR] Failed to load resource: net::ERR_CONNECTION_REFUSED @ http://localhost:5173/:0
[ 3052696ms] [ERROR] Failed to load resource: net::ERR_CONNECTION_REFUSED @ http://localhost:5173/:0
[ 3053699ms] [ERROR] Failed to load resource: net::ERR_CONNECTION_REFUSED @ http://localhost:5173/:0
[ 3054702ms] [ERROR] Failed to load resource: net::ERR_CONNECTION_REFUSED @ http://localhost:5173/:0
[ 3055706ms] [ERROR] Failed to load resource: net::ERR_CONNECTION_REFUSED @ http://localhost:5173/:0
[ 3056709ms] [ERROR] Failed to load resource: net::ERR_CONNECTION_REFUSED @ http://localhost:5173/:0
[ 3057711ms] [ERROR] Failed to load resource: net::ERR_CONNECTION_REFUSED @ http://localhost:5173/:0
[ 3058716ms] [ERROR] Failed to load resource: net::ERR_CONNECTION_REFUSED @ http://localhost:5173/:0
[ 3059719ms] [ERROR] Failed to load resource: net::ERR_CONNECTION_REFUSED @ http://localhost:5173/:0
[ 3060723ms] [ERROR] Failed to load resource: net::ERR_CONNECTION_REFUSED @ http://localhost:5173/:0
[ 3061726ms] [ERROR] Failed to load resource: net::ERR_CONNECTION_REFUSED @ http://localhost:5173/:0
[ 3062729ms] [ERROR] Failed to load resource: net::ERR_CONNECTION_REFUSED @ http://localhost:5173/:0
[ 3063731ms] [ERROR] Failed to load resource: net::ERR_CONNECTION_REFUSED @ http://localhost:5173/:0
[ 3064733ms] [ERROR] Failed to load resource: net::ERR_CONNECTION_REFUSED @ http://localhost:5173/:0
[ 3065737ms] [ERROR] Failed to load resource: net::ERR_CONNECTION_REFUSED @ http://localhost:5173/:0
[ 3066740ms] [ERROR] Failed to load resource: net::ERR_CONNECTION_REFUSED @ http://localhost:5173/:0
[ 3067744ms] [ERROR] Failed to load resource: net::ERR_CONNECTION_REFUSED @ http://localhost:5173/:0
[ 3068749ms] [ERROR] Failed to load resource: net::ERR_CONNECTION_REFUSED @ http://localhost:5173/:0
[ 3069752ms] [ERROR] Failed to load resource: net::ERR_CONNECTION_REFUSED @ http://localhost:5173/:0
[ 3070756ms] [ERROR] Failed to load resource: net::ERR_CONNECTION_REFUSED @ http://localhost:5173/:0
[ 3071758ms] [ERROR] Failed to load resource: net::ERR_CONNECTION_REFUSED @ http://localhost:5173/:0
[ 3072761ms] [ERROR] Failed to load resource: net::ERR_CONNECTION_REFUSED @ http://localhost:5173/:0
[ 3073764ms] [ERROR] Failed to load resource: net::ERR_CONNECTION_REFUSED @ http://localhost:5173/:0
[ 3074768ms] [ERROR] Failed to load resource: net::ERR_CONNECTION_REFUSED @ http://localhost:5173/:0
[ 3075772ms] [ERROR] Failed to load resource: net::ERR_CONNECTION_REFUSED @ http://localhost:5173/:0
[ 3076775ms] [ERROR] Failed to load resource: net::ERR_CONNECTION_REFUSED @ http://localhost:5173/:0
[ 3077780ms] [ERROR] Failed to load resource: net::ERR_CONNECTION_REFUSED @ http://localhost:5173/:0
[ 3078782ms] [ERROR] Failed to load resource: net::ERR_CONNECTION_REFUSED @ http://localhost:5173/:0
[ 3079785ms] [ERROR] Failed to load resource: net::ERR_CONNECTION_REFUSED @ http://localhost:5173/:0
[ 3080789ms] [ERROR] Failed to load resource: net::ERR_CONNECTION_REFUSED @ http://localhost:5173/:0
[ 3081793ms] [ERROR] Failed to load resource: net::ERR_CONNECTION_REFUSED @ http://localhost:5173/:0
[ 3082797ms] [ERROR] Failed to load resource: net::ERR_CONNECTION_REFUSED @ http://localhost:5173/:0
[ 3083800ms] [ERROR] Failed to load resource: net::ERR_CONNECTION_REFUSED @ http://localhost:5173/:0
[ 3084803ms] [ERROR] Failed to load resource: net::ERR_CONNECTION_REFUSED @ http://localhost:5173/:0
[ 3085806ms] [ERROR] Failed to load resource: net::ERR_CONNECTION_REFUSED @ http://localhost:5173/:0
[ 3086810ms] [ERROR] Failed to load resource: net::ERR_CONNECTION_REFUSED @ http://localhost:5173/:0
[ 3087814ms] [ERROR] Failed to load resource: net::ERR_CONNECTION_REFUSED @ http://localhost:5173/:0
[ 3088818ms] [ERROR] Failed to load resource: net::ERR_CONNECTION_REFUSED @ http://localhost:5173/:0
[ 3089822ms] [ERROR] Failed to load resource: net::ERR_CONNECTION_REFUSED @ http://localhost:5173/:0
[ 3090826ms] [ERROR] Failed to load resource: net::ERR_CONNECTION_REFUSED @ http://localhost:5173/:0
[ 3091829ms] [ERROR] Failed to load resource: net::ERR_CONNECTION_REFUSED @ http://localhost:5173/:0
[ 3092832ms] [ERROR] Failed to load resource: net::ERR_CONNECTION_REFUSED @ http://localhost:5173/:0
[ 3093836ms] [ERROR] Failed to load resource: net::ERR_CONNECTION_REFUSED @ http://localhost:5173/:0
[ 3094839ms] [ERROR] Failed to load resource: net::ERR_CONNECTION_REFUSED @ http://localhost:5173/:0
[ 3095843ms] [ERROR] Failed to load resource: net::ERR_CONNECTION_REFUSED @ http://localhost:5173/:0
[ 3096847ms] [ERROR] Failed to load resource: net::ERR_CONNECTION_REFUSED @ http://localhost:5173/:0
[ 3097850ms] [ERROR] Failed to load resource: net::ERR_CONNECTION_REFUSED @ http://localhost:5173/:0
[ 3098853ms] [ERROR] Failed to load resource: net::ERR_CONNECTION_REFUSED @ http://localhost:5173/:0
[ 3099857ms] [ERROR] Failed to load resource: net::ERR_CONNECTION_REFUSED @ http://localhost:5173/:0
[ 3100859ms] [ERROR] Failed to load resource: net::ERR_CONNECTION_REFUSED @ http://localhost:5173/:0
[ 3101863ms] [ERROR] Failed to load resource: net::ERR_CONNECTION_REFUSED @ http://localhost:5173/:0
[ 3102867ms] [ERROR] Failed to load resource: net::ERR_CONNECTION_REFUSED @ http://localhost:5173/:0
[ 3103871ms] [ERROR] Failed to load resource: net::ERR_CONNECTION_REFUSED @ http://localhost:5173/:0
[ 3104874ms] [ERROR] Failed to load resource: net::ERR_CONNECTION_REFUSED @ http://localhost:5173/:0
[ 3105877ms] [ERROR] Failed to load resource: net::ERR_CONNECTION_REFUSED @ http://localhost:5173/:0
[ 3106881ms] [ERROR] Failed to load resource: net::ERR_CONNECTION_REFUSED @ http://localhost:5173/:0
[ 3107884ms] [ERROR] Failed to load resource: net::ERR_CONNECTION_REFUSED @ http://localhost:5173/:0
[ 3108888ms] [ERROR] Failed to load resource: net::ERR_CONNECTION_REFUSED @ http://localhost:5173/:0
[ 3109892ms] [ERROR] Failed to load resource: net::ERR_CONNECTION_REFUSED @ http://localhost:5173/:0
[ 3110895ms] [ERROR] Failed to load resource: net::ERR_CONNECTION_REFUSED @ http://localhost:5173/:0
[ 3111899ms] [ERROR] Failed to load resource: net::ERR_CONNECTION_REFUSED @ http://localhost:5173/:0
[ 3112901ms] [ERROR] Failed to load resource: net::ERR_CONNECTION_REFUSED @ http://localhost:5173/:0
[ 3113906ms] [ERROR] Failed to load resource: net::ERR_CONNECTION_REFUSED @ http://localhost:5173/:0
[ 3114909ms] [ERROR] Failed to load resource: net::ERR_CONNECTION_REFUSED @ http://localhost:5173/:0
[ 3115913ms] [ERROR] Failed to load resource: net::ERR_CONNECTION_REFUSED @ http://localhost:5173/:0
[ 3116916ms] [ERROR] Failed to load resource: net::ERR_CONNECTION_REFUSED @ http://localhost:5173/:0
[ 3117920ms] [ERROR] Failed to load resource: net::ERR_CONNECTION_REFUSED @ http://localhost:5173/:0
[ 3118924ms] [ERROR] Failed to load resource: net::ERR_CONNECTION_REFUSED @ http://localhost:5173/:0
[ 3119927ms] [ERROR] Failed to load resource: net::ERR_CONNECTION_REFUSED @ http://localhost:5173/:0
[ 3120932ms] [ERROR] Failed to load resource: net::ERR_CONNECTION_REFUSED @ http://localhost:5173/:0
[ 3121935ms] [ERROR] Failed to load resource: net::ERR_CONNECTION_REFUSED @ http://localhost:5173/:0
[ 3122938ms] [ERROR] Failed to load resource: net::ERR_CONNECTION_REFUSED @ http://localhost:5173/:0
[ 3123942ms] [ERROR] Failed to load resource: net::ERR_CONNECTION_REFUSED @ http://localhost:5173/:0
[ 3124945ms] [ERROR] Failed to load resource: net::ERR_CONNECTION_REFUSED @ http://localhost:5173/:0
[ 3125949ms] [ERROR] Failed to load resource: net::ERR_CONNECTION_REFUSED @ http://localhost:5173/:0
[ 3126952ms] [ERROR] Failed to load resource: net::ERR_CONNECTION_REFUSED @ http://localhost:5173/:0
[ 3127956ms] [ERROR] Failed to load resource: net::ERR_CONNECTION_REFUSED @ http://localhost:5173/:0
[ 3128959ms] [ERROR] Failed to load resource: net::ERR_CONNECTION_REFUSED @ http://localhost:5173/:0
[ 3129963ms] [ERROR] Failed to load resource: net::ERR_CONNECTION_REFUSED @ http://localhost:5173/:0
[ 3130967ms] [ERROR] Failed to load resource: net::ERR_CONNECTION_REFUSED @ http://localhost:5173/:0
[ 3131970ms] [ERROR] Failed to load resource: net::ERR_CONNECTION_REFUSED @ http://localhost:5173/:0
[ 3132972ms] [ERROR] Failed to load resource: net::ERR_CONNECTION_REFUSED @ http://localhost:5173/:0
[ 3133976ms] [ERROR] Failed to load resource: net::ERR_CONNECTION_REFUSED @ http://localhost:5173/:0
[ 3134979ms] [ERROR] Failed to load resource: net::ERR_CONNECTION_REFUSED @ http://localhost:5173/:0
[ 3135983ms] [ERROR] Failed to load resource: net::ERR_CONNECTION_REFUSED @ http://localhost:5173/:0
[ 3136986ms] [ERROR] Failed to load resource: net::ERR_CONNECTION_REFUSED @ http://localhost:5173/:0
[ 3137990ms] [ERROR] Failed to load resource: net::ERR_CONNECTION_REFUSED @ http://localhost:5173/:0
[ 3138994ms] [ERROR] Failed to load resource: net::ERR_CONNECTION_REFUSED @ http://localhost:5173/:0
[ 3139998ms] [ERROR] Failed to load resource: net::ERR_CONNECTION_REFUSED @ http://localhost:5173/:0
[ 3141001ms] [ERROR] Failed to load resource: net::ERR_CONNECTION_REFUSED @ http://localhost:5173/:0
[ 3142004ms] [ERROR] Failed to load resource: net::ERR_CONNECTION_REFUSED @ http://localhost:5173/:0
[ 3143006ms] [ERROR] Failed to load resource: net::ERR_CONNECTION_REFUSED @ http://localhost:5173/:0
[ 3144009ms] [ERROR] Failed to load resource: net::ERR_CONNECTION_REFUSED @ http://localhost:5173/:0
[ 3145014ms] [ERROR] Failed to load resource: net::ERR_CONNECTION_REFUSED @ http://localhost:5173/:0
[ 3146017ms] [ERROR] Failed to load resource: net::ERR_CONNECTION_REFUSED @ http://localhost:5173/:0
[ 3147021ms] [ERROR] Failed to load resource: net::ERR_CONNECTION_REFUSED @ http://localhost:5173/:0
[ 3148023ms] [ERROR] Failed to load resource: net::ERR_CONNECTION_REFUSED @ http://localhost:5173/:0
[ 3149026ms] [ERROR] Failed to load resource: net::ERR_CONNECTION_REFUSED @ http://localhost:5173/:0
[ 3150029ms] [ERROR] Failed to load resource: net::ERR_CONNECTION_REFUSED @ http://localhost:5173/:0
[ 3151033ms] [ERROR] Failed to load resource: net::ERR_CONNECTION_REFUSED @ http://localhost:5173/:0
[ 3152037ms] [ERROR] Failed to load resource: net::ERR_CONNECTION_REFUSED @ http://localhost:5173/:0
[ 3153040ms] [ERROR] Failed to load resource: net::ERR_CONNECTION_REFUSED @ http://localhost:5173/:0
[ 3154044ms] [ERROR] Failed to load resource: net::ERR_CONNECTION_REFUSED @ http://localhost:5173/:0
[ 3155047ms] [ERROR] Failed to load resource: net::ERR_CONNECTION_REFUSED @ http://localhost:5173/:0
[ 3156050ms] [ERROR] Failed to load resource: net::ERR_CONNECTION_REFUSED @ http://localhost:5173/:0
[ 3157054ms] [ERROR] Failed to load resource: net::ERR_CONNECTION_REFUSED @ http://localhost:5173/:0
[ 3158057ms] [ERROR] Failed to load resource: net::ERR_CONNECTION_REFUSED @ http://localhost:5173/:0
[ 3159061ms] [ERROR] Failed to load resource: net::ERR_CONNECTION_REFUSED @ http://localhost:5173/:0
[ 3160063ms] [ERROR] Failed to load resource: net::ERR_CONNECTION_REFUSED @ http://localhost:5173/:0
[ 3161066ms] [ERROR] Failed to load resource: net::ERR_CONNECTION_REFUSED @ http://localhost:5173/:0
[ 3162070ms] [ERROR] Failed to load resource: net::ERR_CONNECTION_REFUSED @ http://localhost:5173/:0
[ 3163074ms] [ERROR] Failed to load resource: net::ERR_CONNECTION_REFUSED @ http://localhost:5173/:0
[ 3164077ms] [ERROR] Failed to load resource: net::ERR_CONNECTION_REFUSED @ http://localhost:5173/:0
[ 3165080ms] [ERROR] Failed to load resource: net::ERR_CONNECTION_REFUSED @ http://localhost:5173/:0
[ 3166084ms] [ERROR] Failed to load resource: net::ERR_CONNECTION_REFUSED @ http://localhost:5173/:0
[ 3167089ms] [ERROR] Failed to load resource: net::ERR_CONNECTION_REFUSED @ http://localhost:5173/:0
[ 3168093ms] [ERROR] Failed to load resource: net::ERR_CONNECTION_REFUSED @ http://localhost:5173/:0
[ 3169096ms] [ERROR] Failed to load resource: net::ERR_CONNECTION_REFUSED @ http://localhost:5173/:0
[ 3170100ms] [ERROR] Failed to load resource: net::ERR_CONNECTION_REFUSED @ http://localhost:5173/:0
[ 3171103ms] [ERROR] Failed to load resource: net::ERR_CONNECTION_REFUSED @ http://localhost:5173/:0
[ 3172108ms] [ERROR] Failed to load resource: net::ERR_CONNECTION_REFUSED @ http://localhost:5173/:0
[ 3173111ms] [ERROR] Failed to load resource: net::ERR_CONNECTION_REFUSED @ http://localhost:5173/:0
[ 3174114ms] [ERROR] Failed to load resource: net::ERR_CONNECTION_REFUSED @ http://localhost:5173/:0
[ 3175117ms] [ERROR] Failed to load resource: net::ERR_CONNECTION_REFUSED @ http://localhost:5173/:0
[ 3176121ms] [ERROR] Failed to load resource: net::ERR_CONNECTION_REFUSED @ http://localhost:5173/:0
[ 3177122ms] [ERROR] Failed to load resource: net::ERR_CONNECTION_REFUSED @ http://localhost:5173/:0
[ 3178126ms] [ERROR] Failed to load resource: net::ERR_CONNECTION_REFUSED @ http://localhost:5173/:0
[ 3179129ms] [ERROR] Failed to load resource: net::ERR_CONNECTION_REFUSED @ http://localhost:5173/:0
[ 3180131ms] [ERROR] Failed to load resource: net::ERR_CONNECTION_REFUSED @ http://localhost:5173/:0
[ 3181134ms] [ERROR] Failed to load resource: net::ERR_CONNECTION_REFUSED @ http://localhost:5173/:0
[ 3182139ms] [ERROR] Failed to load resource: net::ERR_CONNECTION_REFUSED @ http://localhost:5173/:0
[ 3183143ms] [ERROR] Failed to load resource: net::ERR_CONNECTION_REFUSED @ http://localhost:5173/:0
[ 3184145ms] [ERROR] Failed to load resource: net::ERR_CONNECTION_REFUSED @ http://localhost:5173/:0
[ 3185149ms] [ERROR] Failed to load resource: net::ERR_CONNECTION_REFUSED @ http://localhost:5173/:0
[ 3186152ms] [ERROR] Failed to load resource: net::ERR_CONNECTION_REFUSED @ http://localhost:5173/:0
[ 3187156ms] [ERROR] Failed to load resource: net::ERR_CONNECTION_REFUSED @ http://localhost:5173/:0
[ 3188159ms] [ERROR] Failed to load resource: net::ERR_CONNECTION_REFUSED @ http://localhost:5173/:0
[ 3189163ms] [ERROR] Failed to load resource: net::ERR_CONNECTION_REFUSED @ http://localhost:5173/:0
[ 3190166ms] [ERROR] Failed to load resource: net::ERR_CONNECTION_REFUSED @ http://localhost:5173/:0
[ 3191170ms] [ERROR] Failed to load resource: net::ERR_CONNECTION_REFUSED @ http://localhost:5173/:0
[ 3192172ms] [ERROR] Failed to load resource: net::ERR_CONNECTION_REFUSED @ http://localhost:5173/:0
[ 3193175ms] [ERROR] Failed to load resource: net::ERR_CONNECTION_REFUSED @ http://localhost:5173/:0
[ 3194179ms] [ERROR] Failed to load resource: net::ERR_CONNECTION_REFUSED @ http://localhost:5173/:0
[ 3195182ms] [ERROR] Failed to load resource: net::ERR_CONNECTION_REFUSED @ http://localhost:5173/:0
[ 3196185ms] [ERROR] Failed to load resource: net::ERR_CONNECTION_REFUSED @ http://localhost:5173/:0
[ 3197189ms] [ERROR] Failed to load resource: net::ERR_CONNECTION_REFUSED @ http://localhost:5173/:0
[ 3198192ms] [ERROR] Failed to load resource: net::ERR_CONNECTION_REFUSED @ http://localhost:5173/:0
[ 3199195ms] [ERROR] Failed to load resource: net::ERR_CONNECTION_REFUSED @ http://localhost:5173/:0
[ 3200199ms] [ERROR] Failed to load resource: net::ERR_CONNECTION_REFUSED @ http://localhost:5173/:0
[ 3201202ms] [ERROR] Failed to load resource: net::ERR_CONNECTION_REFUSED @ http://localhost:5173/:0
[ 3202205ms] [ERROR] Failed to load resource: net::ERR_CONNECTION_REFUSED @ http://localhost:5173/:0
[ 3203208ms] [ERROR] Failed to load resource: net::ERR_CONNECTION_REFUSED @ http://localhost:5173/:0
[ 3204211ms] [ERROR] Failed to load resource: net::ERR_CONNECTION_REFUSED @ http://localhost:5173/:0
[ 3205215ms] [ERROR] Failed to load resource: net::ERR_CONNECTION_REFUSED @ http://localhost:5173/:0
[ 3206219ms] [ERROR] Failed to load resource: net::ERR_CONNECTION_REFUSED @ http://localhost:5173/:0
[ 3207223ms] [ERROR] Failed to load resource: net::ERR_CONNECTION_REFUSED @ http://localhost:5173/:0
[ 3208227ms] [ERROR] Failed to load resource: net::ERR_CONNECTION_REFUSED @ http://localhost:5173/:0
[ 3209231ms] [ERROR] Failed to load resource: net::ERR_CONNECTION_REFUSED @ http://localhost:5173/:0
[ 3210234ms] [ERROR] Failed to load resource: net::ERR_CONNECTION_REFUSED @ http://localhost:5173/:0
[ 3211239ms] [ERROR] Failed to load resource: net::ERR_CONNECTION_REFUSED @ http://localhost:5173/:0
[ 3212242ms] [ERROR] Failed to load resource: net::ERR_CONNECTION_REFUSED @ http://localhost:5173/:0
[ 3213246ms] [ERROR] Failed to load resource: net::ERR_CONNECTION_REFUSED @ http://localhost:5173/:0
[ 3214249ms] [ERROR] Failed to load resource: net::ERR_CONNECTION_REFUSED @ http://localhost:5173/:0
[ 3215258ms] [ERROR] Failed to load resource: net::ERR_CONNECTION_REFUSED @ http://localhost:5173/:0
[ 3216262ms] [ERROR] Failed to load resource: net::ERR_CONNECTION_REFUSED @ http://localhost:5173/:0
[ 3217265ms] [ERROR] Failed to load resource: net::ERR_CONNECTION_REFUSED @ http://localhost:5173/:0
[ 3218269ms] [ERROR] Failed to load resource: net::ERR_CONNECTION_REFUSED @ http://localhost:5173/:0
[ 3219273ms] [ERROR] Failed to load resource: net::ERR_CONNECTION_REFUSED @ http://localhost:5173/:0
[ 3220277ms] [ERROR] Failed to load resource: net::ERR_CONNECTION_REFUSED @ http://localhost:5173/:0
[ 3221281ms] [ERROR] Failed to load resource: net::ERR_CONNECTION_REFUSED @ http://localhost:5173/:0
[ 3222284ms] [ERROR] Failed to load resource: net::ERR_CONNECTION_REFUSED @ http://localhost:5173/:0
[ 3223287ms] [ERROR] Failed to load resource: net::ERR_CONNECTION_REFUSED @ http://localhost:5173/:0
[ 3224290ms] [ERROR] Failed to load resource: net::ERR_CONNECTION_REFUSED @ http://localhost:5173/:0
[ 3225294ms] [ERROR] Failed to load resource: net::ERR_CONNECTION_REFUSED @ http://localhost:5173/:0
[ 3226297ms] [ERROR] Failed to load resource: net::ERR_CONNECTION_REFUSED @ http://localhost:5173/:0
[ 3227300ms] [ERROR] Failed to load resource: net::ERR_CONNECTION_REFUSED @ http://localhost:5173/:0
[ 3228302ms] [ERROR] Failed to load resource: net::ERR_CONNECTION_REFUSED @ http://localhost:5173/:0
[ 3229305ms] [ERROR] Failed to load resource: net::ERR_CONNECTION_REFUSED @ http://localhost:5173/:0
[ 3230309ms] [ERROR] Failed to load resource: net::ERR_CONNECTION_REFUSED @ http://localhost:5173/:0
[ 3231312ms] [ERROR] Failed to load resource: net::ERR_CONNECTION_REFUSED @ http://localhost:5173/:0
[ 3232316ms] [ERROR] Failed to load resource: net::ERR_CONNECTION_REFUSED @ http://localhost:5173/:0
[ 3233319ms] [ERROR] Failed to load resource: net::ERR_CONNECTION_REFUSED @ http://localhost:5173/:0
[ 3234322ms] [ERROR] Failed to load resource: net::ERR_CONNECTION_REFUSED @ http://localhost:5173/:0
[ 3235327ms] [ERROR] Failed to load resource: net::ERR_CONNECTION_REFUSED @ http://localhost:5173/:0
[ 3236331ms] [ERROR] Failed to load resource: net::ERR_CONNECTION_REFUSED @ http://localhost:5173/:0
[ 3237335ms] [ERROR] Failed to load resource: net::ERR_CONNECTION_REFUSED @ http://localhost:5173/:0
[ 3238340ms] [ERROR] Failed to load resource: net::ERR_CONNECTION_REFUSED @ http://localhost:5173/:0
[ 3239344ms] [ERROR] Failed to load resource: net::ERR_CONNECTION_REFUSED @ http://localhost:5173/:0
[ 3240348ms] [ERROR] Failed to load resource: net::ERR_CONNECTION_REFUSED @ http://localhost:5173/:0
[ 3241353ms] [ERROR] Failed to load resource: net::ERR_CONNECTION_REFUSED @ http://localhost:5173/:0
[ 3242357ms] [ERROR] Failed to load resource: net::ERR_CONNECTION_REFUSED @ http://localhost:5173/:0
[ 3243362ms] [ERROR] Failed to load resource: net::ERR_CONNECTION_REFUSED @ http://localhost:5173/:0
[ 3244367ms] [ERROR] Failed to load resource: net::ERR_CONNECTION_REFUSED @ http://localhost:5173/:0
[ 3245371ms] [ERROR] Failed to load resource: net::ERR_CONNECTION_REFUSED @ http://localhost:5173/:0
[ 3246376ms] [ERROR] Failed to load resource: net::ERR_CONNECTION_REFUSED @ http://localhost:5173/:0
[ 3247383ms] [ERROR] Failed to load resource: net::ERR_CONNECTION_REFUSED @ http://localhost:5173/:0
[ 3248387ms] [ERROR] Failed to load resource: net::ERR_CONNECTION_REFUSED @ http://localhost:5173/:0
[ 3249392ms] [ERROR] Failed to load resource: net::ERR_CONNECTION_REFUSED @ http://localhost:5173/:0
[ 3250396ms] [ERROR] Failed to load resource: net::ERR_CONNECTION_REFUSED @ http://localhost:5173/:0
[ 3251399ms] [ERROR] Failed to load resource: net::ERR_CONNECTION_REFUSED @ http://localhost:5173/:0
[ 3252404ms] [ERROR] Failed to load resource: net::ERR_CONNECTION_REFUSED @ http://localhost:5173/:0
[ 3253408ms] [ERROR] Failed to load resource: net::ERR_CONNECTION_REFUSED @ http://localhost:5173/:0
[ 3254412ms] [ERROR] Failed to load resource: net::ERR_CONNECTION_REFUSED @ http://localhost:5173/:0
[ 3255416ms] [ERROR] Failed to load resource: net::ERR_CONNECTION_REFUSED @ http://localhost:5173/:0
[ 3256420ms] [ERROR] Failed to load resource: net::ERR_CONNECTION_REFUSED @ http://localhost:5173/:0
[ 3257424ms] [ERROR] Failed to load resource: net::ERR_CONNECTION_REFUSED @ http://localhost:5173/:0
[ 3258429ms] [ERROR] Failed to load resource: net::ERR_CONNECTION_REFUSED @ http://localhost:5173/:0
[ 3259432ms] [ERROR] Failed to load resource: net::ERR_CONNECTION_REFUSED @ http://localhost:5173/:0
[ 3260436ms] [ERROR] Failed to load resource: net::ERR_CONNECTION_REFUSED @ http://localhost:5173/:0
[ 3261440ms] [ERROR] Failed to load resource: net::ERR_CONNECTION_REFUSED @ http://localhost:5173/:0
[ 3262443ms] [ERROR] Failed to load resource: net::ERR_CONNECTION_REFUSED @ http://localhost:5173/:0
[ 3263446ms] [ERROR] Failed to load resource: net::ERR_CONNECTION_REFUSED @ http://localhost:5173/:0
[ 3264449ms] [ERROR] Failed to load resource: net::ERR_CONNECTION_REFUSED @ http://localhost:5173/:0
[ 3265452ms] [ERROR] Failed to load resource: net::ERR_CONNECTION_REFUSED @ http://localhost:5173/:0
[ 3266455ms] [ERROR] Failed to load resource: net::ERR_CONNECTION_REFUSED @ http://localhost:5173/:0
[ 3267459ms] [ERROR] Failed to load resource: net::ERR_CONNECTION_REFUSED @ http://localhost:5173/:0
[ 3268463ms] [ERROR] Failed to load resource: net::ERR_CONNECTION_REFUSED @ http://localhost:5173/:0
[ 3269467ms] [ERROR] Failed to load resource: net::ERR_CONNECTION_REFUSED @ http://localhost:5173/:0
[ 3270471ms] [ERROR] Failed to load resource: net::ERR_CONNECTION_REFUSED @ http://localhost:5173/:0
[ 3271475ms] [ERROR] Failed to load resource: net::ERR_CONNECTION_REFUSED @ http://localhost:5173/:0
[ 3272478ms] [ERROR] Failed to load resource: net::ERR_CONNECTION_REFUSED @ http://localhost:5173/:0
[ 3273482ms] [ERROR] Failed to load resource: net::ERR_CONNECTION_REFUSED @ http://localhost:5173/:0
[ 3274485ms] [ERROR] Failed to load resource: net::ERR_CONNECTION_REFUSED @ http://localhost:5173/:0
[ 3275488ms] [ERROR] Failed to load resource: net::ERR_CONNECTION_REFUSED @ http://localhost:5173/:0
[ 3276492ms] [ERROR] Failed to load resource: net::ERR_CONNECTION_REFUSED @ http://localhost:5173/:0
[ 3277496ms] [ERROR] Failed to load resource: net::ERR_CONNECTION_REFUSED @ http://localhost:5173/:0
[ 3278501ms] [ERROR] Failed to load resource: net::ERR_CONNECTION_REFUSED @ http://localhost:5173/:0
[ 3279504ms] [ERROR] Failed to load resource: net::ERR_CONNECTION_REFUSED @ http://localhost:5173/:0
[ 3280508ms] [ERROR] Failed to load resource: net::ERR_CONNECTION_REFUSED @ http://localhost:5173/:0
[ 3281512ms] [ERROR] Failed to load resource: net::ERR_CONNECTION_REFUSED @ http://localhost:5173/:0
[ 3282516ms] [ERROR] Failed to load resource: net::ERR_CONNECTION_REFUSED @ http://localhost:5173/:0
[ 3283519ms] [ERROR] Failed to load resource: net::ERR_CONNECTION_REFUSED @ http://localhost:5173/:0
[ 3284522ms] [ERROR] Failed to load resource: net::ERR_CONNECTION_REFUSED @ http://localhost:5173/:0
[ 3285526ms] [ERROR] Failed to load resource: net::ERR_CONNECTION_REFUSED @ http://localhost:5173/:0
[ 3286529ms] [ERROR] Failed to load resource: net::ERR_CONNECTION_REFUSED @ http://localhost:5173/:0
[ 3287533ms] [ERROR] Failed to load resource: net::ERR_CONNECTION_REFUSED @ http://localhost:5173/:0
[ 3288537ms] [ERROR] Failed to load resource: net::ERR_CONNECTION_REFUSED @ http://localhost:5173/:0
[ 3289542ms] [ERROR] Failed to load resource: net::ERR_CONNECTION_REFUSED @ http://localhost:5173/:0
[ 3290545ms] [ERROR] Failed to load resource: net::ERR_CONNECTION_REFUSED @ http://localhost:5173/:0
[ 3291548ms] [ERROR] Failed to load resource: net::ERR_CONNECTION_REFUSED @ http://localhost:5173/:0
[ 3292551ms] [ERROR] Failed to load resource: net::ERR_CONNECTION_REFUSED @ http://localhost:5173/:0
[ 3293555ms] [ERROR] Failed to load resource: net::ERR_CONNECTION_REFUSED @ http://localhost:5173/:0
[ 3294558ms] [ERROR] Failed to load resource: net::ERR_CONNECTION_REFUSED @ http://localhost:5173/:0
[ 3295562ms] [ERROR] Failed to load resource: net::ERR_CONNECTION_REFUSED @ http://localhost:5173/:0
[ 3296564ms] [ERROR] Failed to load resource: net::ERR_CONNECTION_REFUSED @ http://localhost:5173/:0
[ 3297566ms] [ERROR] Failed to load resource: net::ERR_CONNECTION_REFUSED @ http://localhost:5173/:0
[ 3298569ms] [ERROR] Failed to load resource: net::ERR_CONNECTION_REFUSED @ http://localhost:5173/:0
[ 3299572ms] [ERROR] Failed to load resource: net::ERR_CONNECTION_REFUSED @ http://localhost:5173/:0
[ 3300575ms] [ERROR] Failed to load resource: net::ERR_CONNECTION_REFUSED @ http://localhost:5173/:0
[ 3301577ms] [ERROR] Failed to load resource: net::ERR_CONNECTION_REFUSED @ http://localhost:5173/:0
[ 3302580ms] [ERROR] Failed to load resource: net::ERR_CONNECTION_REFUSED @ http://localhost:5173/:0
[ 3303584ms] [ERROR] Failed to load resource: net::ERR_CONNECTION_REFUSED @ http://localhost:5173/:0
[ 3304589ms] [ERROR] Failed to load resource: net::ERR_CONNECTION_REFUSED @ http://localhost:5173/:0
[ 3305593ms] [ERROR] Failed to load resource: net::ERR_CONNECTION_REFUSED @ http://localhost:5173/:0
[ 3306597ms] [ERROR] Failed to load resource: net::ERR_CONNECTION_REFUSED @ http://localhost:5173/:0
[ 3307601ms] [ERROR] Failed to load resource: net::ERR_CONNECTION_REFUSED @ http://localhost:5173/:0
[ 3308604ms] [ERROR] Failed to load resource: net::ERR_CONNECTION_REFUSED @ http://localhost:5173/:0
[ 3309607ms] [ERROR] Failed to load resource: net::ERR_CONNECTION_REFUSED @ http://localhost:5173/:0
[ 3310611ms] [ERROR] Failed to load resource: net::ERR_CONNECTION_REFUSED @ http://localhost:5173/:0
[ 3311614ms] [ERROR] Failed to load resource: net::ERR_CONNECTION_REFUSED @ http://localhost:5173/:0
[ 3312617ms] [ERROR] Failed to load resource: net::ERR_CONNECTION_REFUSED @ http://localhost:5173/:0
[ 3313621ms] [ERROR] Failed to load resource: net::ERR_CONNECTION_REFUSED @ http://localhost:5173/:0
[ 3314624ms] [ERROR] Failed to load resource: net::ERR_CONNECTION_REFUSED @ http://localhost:5173/:0
[ 3315628ms] [ERROR] Failed to load resource: net::ERR_CONNECTION_REFUSED @ http://localhost:5173/:0
[ 3316632ms] [ERROR] Failed to load resource: net::ERR_CONNECTION_REFUSED @ http://localhost:5173/:0
[ 3317635ms] [ERROR] Failed to load resource: net::ERR_CONNECTION_REFUSED @ http://localhost:5173/:0
[ 3318638ms] [ERROR] Failed to load resource: net::ERR_CONNECTION_REFUSED @ http://localhost:5173/:0
[ 3319641ms] [ERROR] Failed to load resource: net::ERR_CONNECTION_REFUSED @ http://localhost:5173/:0
[ 3320646ms] [ERROR] Failed to load resource: net::ERR_CONNECTION_REFUSED @ http://localhost:5173/:0
[ 3321650ms] [ERROR] Failed to load resource: net::ERR_CONNECTION_REFUSED @ http://localhost:5173/:0
[ 3322652ms] [ERROR] Failed to load resource: net::ERR_CONNECTION_REFUSED @ http://localhost:5173/:0
[ 3323656ms] [ERROR] Failed to load resource: net::ERR_CONNECTION_REFUSED @ http://localhost:5173/:0
[ 3324659ms] [ERROR] Failed to load resource: net::ERR_CONNECTION_REFUSED @ http://localhost:5173/:0
[ 3325663ms] [ERROR] Failed to load resource: net::ERR_CONNECTION_REFUSED @ http://localhost:5173/:0
[ 3326666ms] [ERROR] Failed to load resource: net::ERR_CONNECTION_REFUSED @ http://localhost:5173/:0
[ 3327670ms] [ERROR] Failed to load resource: net::ERR_CONNECTION_REFUSED @ http://localhost:5173/:0
[ 3328673ms] [ERROR] Failed to load resource: net::ERR_CONNECTION_REFUSED @ http://localhost:5173/:0
[ 3329676ms] [ERROR] Failed to load resource: net::ERR_CONNECTION_REFUSED @ http://localhost:5173/:0
[ 3330679ms] [ERROR] Failed to load resource: net::ERR_CONNECTION_REFUSED @ http://localhost:5173/:0
[ 3331682ms] [ERROR] Failed to load resource: net::ERR_CONNECTION_REFUSED @ http://localhost:5173/:0
[ 3332685ms] [ERROR] Failed to load resource: net::ERR_CONNECTION_REFUSED @ http://localhost:5173/:0
[ 3333687ms] [ERROR] Failed to load resource: net::ERR_CONNECTION_REFUSED @ http://localhost:5173/:0
[ 3334691ms] [ERROR] Failed to load resource: net::ERR_CONNECTION_REFUSED @ http://localhost:5173/:0
[ 3335693ms] [ERROR] Failed to load resource: net::ERR_CONNECTION_REFUSED @ http://localhost:5173/:0
[ 3336696ms] [ERROR] Failed to load resource: net::ERR_CONNECTION_REFUSED @ http://localhost:5173/:0
[ 3337702ms] [ERROR] Failed to load resource: net::ERR_CONNECTION_REFUSED @ http://localhost:5173/:0
[ 3338705ms] [ERROR] Failed to load resource: net::ERR_CONNECTION_REFUSED @ http://localhost:5173/:0
[ 3339708ms] [ERROR] Failed to load resource: net::ERR_CONNECTION_REFUSED @ http://localhost:5173/:0
[ 3340711ms] [ERROR] Failed to load resource: net::ERR_CONNECTION_REFUSED @ http://localhost:5173/:0
[ 3341715ms] [ERROR] Failed to load resource: net::ERR_CONNECTION_REFUSED @ http://localhost:5173/:0
[ 3342719ms] [ERROR] Failed to load resource: net::ERR_CONNECTION_REFUSED @ http://localhost:5173/:0
[ 3343723ms] [ERROR] Failed to load resource: net::ERR_CONNECTION_REFUSED @ http://localhost:5173/:0
[ 3344727ms] [ERROR] Failed to load resource: net::ERR_CONNECTION_REFUSED @ http://localhost:5173/:0
[ 3345730ms] [ERROR] Failed to load resource: net::ERR_CONNECTION_REFUSED @ http://localhost:5173/:0
[ 3346732ms] [ERROR] Failed to load resource: net::ERR_CONNECTION_REFUSED @ http://localhost:5173/:0
[ 3347736ms] [ERROR] Failed to load resource: net::ERR_CONNECTION_REFUSED @ http://localhost:5173/:0
[ 3348747ms] [ERROR] Failed to load resource: net::ERR_CONNECTION_REFUSED @ http://localhost:5173/:0
[ 3349749ms] [ERROR] Failed to load resource: net::ERR_CONNECTION_REFUSED @ http://localhost:5173/:0
[ 3350752ms] [ERROR] Failed to load resource: net::ERR_CONNECTION_REFUSED @ http://localhost:5173/:0
[ 3351756ms] [ERROR] Failed to load resource: net::ERR_CONNECTION_REFUSED @ http://localhost:5173/:0
[ 3352759ms] [ERROR] Failed to load resource: net::ERR_CONNECTION_REFUSED @ http://localhost:5173/:0
[ 3353763ms] [ERROR] Failed to load resource: net::ERR_CONNECTION_REFUSED @ http://localhost:5173/:0
[ 3354765ms] [ERROR] Failed to load resource: net::ERR_CONNECTION_REFUSED @ http://localhost:5173/:0
[ 3355770ms] [ERROR] Failed to load resource: net::ERR_CONNECTION_REFUSED @ http://localhost:5173/:0
[ 3356773ms] [ERROR] Failed to load resource: net::ERR_CONNECTION_REFUSED @ http://localhost:5173/:0
[ 3357776ms] [ERROR] Failed to load resource: net::ERR_CONNECTION_REFUSED @ http://localhost:5173/:0
[ 3358780ms] [ERROR] Failed to load resource: net::ERR_CONNECTION_REFUSED @ http://localhost:5173/:0
[ 3359783ms] [ERROR] Failed to load resource: net::ERR_CONNECTION_REFUSED @ http://localhost:5173/:0
[ 3360786ms] [ERROR] Failed to load resource: net::ERR_CONNECTION_REFUSED @ http://localhost:5173/:0
[ 3361790ms] [ERROR] Failed to load resource: net::ERR_CONNECTION_REFUSED @ http://localhost:5173/:0
[ 3362792ms] [ERROR] Failed to load resource: net::ERR_CONNECTION_REFUSED @ http://localhost:5173/:0
[ 3363796ms] [ERROR] Failed to load resource: net::ERR_CONNECTION_REFUSED @ http://localhost:5173/:0
[ 3364799ms] [ERROR] Failed to load resource: net::ERR_CONNECTION_REFUSED @ http://localhost:5173/:0
[ 3365802ms] [ERROR] Failed to load resource: net::ERR_CONNECTION_REFUSED @ http://localhost:5173/:0
[ 3366806ms] [ERROR] Failed to load resource: net::ERR_CONNECTION_REFUSED @ http://localhost:5173/:0
[ 3367810ms] [ERROR] Failed to load resource: net::ERR_CONNECTION_REFUSED @ http://localhost:5173/:0
[ 3368814ms] [ERROR] Failed to load resource: net::ERR_CONNECTION_REFUSED @ http://localhost:5173/:0
[ 3369817ms] [ERROR] Failed to load resource: net::ERR_CONNECTION_REFUSED @ http://localhost:5173/:0
[ 3370821ms] [ERROR] Failed to load resource: net::ERR_CONNECTION_REFUSED @ http://localhost:5173/:0
[ 3371824ms] [ERROR] Failed to load resource: net::ERR_CONNECTION_REFUSED @ http://localhost:5173/:0
[ 3372828ms] [ERROR] Failed to load resource: net::ERR_CONNECTION_REFUSED @ http://localhost:5173/:0
[ 3373832ms] [ERROR] Failed to load resource: net::ERR_CONNECTION_REFUSED @ http://localhost:5173/:0
[ 3374835ms] [ERROR] Failed to load resource: net::ERR_CONNECTION_REFUSED @ http://localhost:5173/:0
[ 3375839ms] [ERROR] Failed to load resource: net::ERR_CONNECTION_REFUSED @ http://localhost:5173/:0
[ 3376842ms] [ERROR] Failed to load resource: net::ERR_CONNECTION_REFUSED @ http://localhost:5173/:0
[ 3377845ms] [ERROR] Failed to load resource: net::ERR_CONNECTION_REFUSED @ http://localhost:5173/:0
[ 3378849ms] [ERROR] Failed to load resource: net::ERR_CONNECTION_REFUSED @ http://localhost:5173/:0
[ 3379852ms] [ERROR] Failed to load resource: net::ERR_CONNECTION_REFUSED @ http://localhost:5173/:0
[ 3380855ms] [ERROR] Failed to load resource: net::ERR_CONNECTION_REFUSED @ http://localhost:5173/:0
[ 3381857ms] [ERROR] Failed to load resource: net::ERR_CONNECTION_REFUSED @ http://localhost:5173/:0
[ 3382861ms] [ERROR] Failed to load resource: net::ERR_CONNECTION_REFUSED @ http://localhost:5173/:0
[ 3383864ms] [ERROR] Failed to load resource: net::ERR_CONNECTION_REFUSED @ http://localhost:5173/:0
[ 3384867ms] [ERROR] Failed to load resource: net::ERR_CONNECTION_REFUSED @ http://localhost:5173/:0
[ 3385872ms] [ERROR] Failed to load resource: net::ERR_CONNECTION_REFUSED @ http://localhost:5173/:0
[ 3386875ms] [ERROR] Failed to load resource: net::ERR_CONNECTION_REFUSED @ http://localhost:5173/:0
[ 3387878ms] [ERROR] Failed to load resource: net::ERR_CONNECTION_REFUSED @ http://localhost:5173/:0
[ 3388882ms] [ERROR] Failed to load resource: net::ERR_CONNECTION_REFUSED @ http://localhost:5173/:0
[ 3389886ms] [ERROR] Failed to load resource: net::ERR_CONNECTION_REFUSED @ http://localhost:5173/:0
[ 3390890ms] [ERROR] Failed to load resource: net::ERR_CONNECTION_REFUSED @ http://localhost:5173/:0
[ 3391894ms] [ERROR] Failed to load resource: net::ERR_CONNECTION_REFUSED @ http://localhost:5173/:0
[ 3392908ms] [ERROR] Failed to load resource: net::ERR_CONNECTION_REFUSED @ http://localhost:5173/:0
[ 3393911ms] [ERROR] Failed to load resource: net::ERR_CONNECTION_REFUSED @ http://localhost:5173/:0
[ 3394915ms] [ERROR] Failed to load resource: net::ERR_CONNECTION_REFUSED @ http://localhost:5173/:0
[ 3395919ms] [ERROR] Failed to load resource: net::ERR_CONNECTION_REFUSED @ http://localhost:5173/:0
[ 3396923ms] [ERROR] Failed to load resource: net::ERR_CONNECTION_REFUSED @ http://localhost:5173/:0
[ 3397926ms] [ERROR] Failed to load resource: net::ERR_CONNECTION_REFUSED @ http://localhost:5173/:0
[ 3398929ms] [ERROR] Failed to load resource: net::ERR_CONNECTION_REFUSED @ http://localhost:5173/:0
[ 3399931ms] [ERROR] Failed to load resource: net::ERR_CONNECTION_REFUSED @ http://localhost:5173/:0
[ 3400935ms] [ERROR] Failed to load resource: net::ERR_CONNECTION_REFUSED @ http://localhost:5173/:0
[ 3401939ms] [ERROR] Failed to load resource: net::ERR_CONNECTION_REFUSED @ http://localhost:5173/:0
[ 3402943ms] [ERROR] Failed to load resource: net::ERR_CONNECTION_REFUSED @ http://localhost:5173/:0
[ 3403948ms] [ERROR] Failed to load resource: net::ERR_CONNECTION_REFUSED @ http://localhost:5173/:0
[ 3404951ms] [ERROR] Failed to load resource: net::ERR_CONNECTION_REFUSED @ http://localhost:5173/:0
[ 3405953ms] [ERROR] Failed to load resource: net::ERR_CONNECTION_REFUSED @ http://localhost:5173/:0
[ 3406957ms] [ERROR] Failed to load resource: net::ERR_CONNECTION_REFUSED @ http://localhost:5173/:0
[ 3407960ms] [ERROR] Failed to load resource: net::ERR_CONNECTION_REFUSED @ http://localhost:5173/:0
[ 3408964ms] [ERROR] Failed to load resource: net::ERR_CONNECTION_REFUSED @ http://localhost:5173/:0
[ 3409967ms] [ERROR] Failed to load resource: net::ERR_CONNECTION_REFUSED @ http://localhost:5173/:0
[ 3410970ms] [ERROR] Failed to load resource: net::ERR_CONNECTION_REFUSED @ http://localhost:5173/:0
[ 3411974ms] [ERROR] Failed to load resource: net::ERR_CONNECTION_REFUSED @ http://localhost:5173/:0
[ 3412977ms] [ERROR] Failed to load resource: net::ERR_CONNECTION_REFUSED @ http://localhost:5173/:0
[ 3413981ms] [ERROR] Failed to load resource: net::ERR_CONNECTION_REFUSED @ http://localhost:5173/:0
[ 3414985ms] [ERROR] Failed to load resource: net::ERR_CONNECTION_REFUSED @ http://localhost:5173/:0
[ 3415989ms] [ERROR] Failed to load resource: net::ERR_CONNECTION_REFUSED @ http://localhost:5173/:0
[ 3416992ms] [ERROR] Failed to load resource: net::ERR_CONNECTION_REFUSED @ http://localhost:5173/:0
[ 3417995ms] [ERROR] Failed to load resource: net::ERR_CONNECTION_REFUSED @ http://localhost:5173/:0
[ 3418999ms] [ERROR] Failed to load resource: net::ERR_CONNECTION_REFUSED @ http://localhost:5173/:0
[ 3420003ms] [ERROR] Failed to load resource: net::ERR_CONNECTION_REFUSED @ http://localhost:5173/:0
[ 3421006ms] [ERROR] Failed to load resource: net::ERR_CONNECTION_REFUSED @ http://localhost:5173/:0
[ 3422009ms] [ERROR] Failed to load resource: net::ERR_CONNECTION_REFUSED @ http://localhost:5173/:0
[ 3423013ms] [ERROR] Failed to load resource: net::ERR_CONNECTION_REFUSED @ http://localhost:5173/:0
[ 3424015ms] [ERROR] Failed to load resource: net::ERR_CONNECTION_REFUSED @ http://localhost:5173/:0
[ 3425019ms] [ERROR] Failed to load resource: net::ERR_CONNECTION_REFUSED @ http://localhost:5173/:0
[ 3426023ms] [ERROR] Failed to load resource: net::ERR_CONNECTION_REFUSED @ http://localhost:5173/:0
[ 3427026ms] [ERROR] Failed to load resource: net::ERR_CONNECTION_REFUSED @ http://localhost:5173/:0
[ 3428030ms] [ERROR] Failed to load resource: net::ERR_CONNECTION_REFUSED @ http://localhost:5173/:0
[ 3429034ms] [ERROR] Failed to load resource: net::ERR_CONNECTION_REFUSED @ http://localhost:5173/:0
[ 3430037ms] [ERROR] Failed to load resource: net::ERR_CONNECTION_REFUSED @ http://localhost:5173/:0
[ 3431040ms] [ERROR] Failed to load resource: net::ERR_CONNECTION_REFUSED @ http://localhost:5173/:0
[ 3432044ms] [ERROR] Failed to load resource: net::ERR_CONNECTION_REFUSED @ http://localhost:5173/:0
[ 3433048ms] [ERROR] Failed to load resource: net::ERR_CONNECTION_REFUSED @ http://localhost:5173/:0
[ 3434051ms] [ERROR] Failed to load resource: net::ERR_CONNECTION_REFUSED @ http://localhost:5173/:0
[ 3435055ms] [ERROR] Failed to load resource: net::ERR_CONNECTION_REFUSED @ http://localhost:5173/:0
[ 3436059ms] [ERROR] Failed to load resource: net::ERR_CONNECTION_REFUSED @ http://localhost:5173/:0
[ 3437062ms] [ERROR] Failed to load resource: net::ERR_CONNECTION_REFUSED @ http://localhost:5173/:0
[ 3438065ms] [ERROR] Failed to load resource: net::ERR_CONNECTION_REFUSED @ http://localhost:5173/:0
[ 3439068ms] [ERROR] Failed to load resource: net::ERR_CONNECTION_REFUSED @ http://localhost:5173/:0
[ 3440072ms] [ERROR] Failed to load resource: net::ERR_CONNECTION_REFUSED @ http://localhost:5173/:0
[ 3441075ms] [ERROR] Failed to load resource: net::ERR_CONNECTION_REFUSED @ http://localhost:5173/:0
[ 3442079ms] [ERROR] Failed to load resource: net::ERR_CONNECTION_REFUSED @ http://localhost:5173/:0
[ 3443082ms] [ERROR] Failed to load resource: net::ERR_CONNECTION_REFUSED @ http://localhost:5173/:0
[ 3444086ms] [ERROR] Failed to load resource: net::ERR_CONNECTION_REFUSED @ http://localhost:5173/:0
[ 3445090ms] [ERROR] Failed to load resource: net::ERR_CONNECTION_REFUSED @ http://localhost:5173/:0
[ 3446094ms] [ERROR] Failed to load resource: net::ERR_CONNECTION_REFUSED @ http://localhost:5173/:0
[ 3447099ms] [ERROR] Failed to load resource: net::ERR_CONNECTION_REFUSED @ http://localhost:5173/:0
[ 3448103ms] [ERROR] Failed to load resource: net::ERR_CONNECTION_REFUSED @ http://localhost:5173/:0
[ 3449107ms] [ERROR] Failed to load resource: net::ERR_CONNECTION_REFUSED @ http://localhost:5173/:0
[ 3450111ms] [ERROR] Failed to load resource: net::ERR_CONNECTION_REFUSED @ http://localhost:5173/:0
[ 3451115ms] [ERROR] Failed to load resource: net::ERR_CONNECTION_REFUSED @ http://localhost:5173/:0
[ 3452119ms] [ERROR] Failed to load resource: net::ERR_CONNECTION_REFUSED @ http://localhost:5173/:0
[ 3453123ms] [ERROR] Failed to load resource: net::ERR_CONNECTION_REFUSED @ http://localhost:5173/:0
[ 3454126ms] [ERROR] Failed to load resource: net::ERR_CONNECTION_REFUSED @ http://localhost:5173/:0
[ 3455130ms] [ERROR] Failed to load resource: net::ERR_CONNECTION_REFUSED @ http://localhost:5173/:0
[ 3456133ms] [ERROR] Failed to load resource: net::ERR_CONNECTION_REFUSED @ http://localhost:5173/:0
[ 3457136ms] [ERROR] Failed to load resource: net::ERR_CONNECTION_REFUSED @ http://localhost:5173/:0
[ 3458139ms] [ERROR] Failed to load resource: net::ERR_CONNECTION_REFUSED @ http://localhost:5173/:0
[ 3459142ms] [ERROR] Failed to load resource: net::ERR_CONNECTION_REFUSED @ http://localhost:5173/:0
[ 3460145ms] [ERROR] Failed to load resource: net::ERR_CONNECTION_REFUSED @ http://localhost:5173/:0
[ 3461149ms] [ERROR] Failed to load resource: net::ERR_CONNECTION_REFUSED @ http://localhost:5173/:0
[ 3462153ms] [ERROR] Failed to load resource: net::ERR_CONNECTION_REFUSED @ http://localhost:5173/:0
[ 3463156ms] [ERROR] Failed to load resource: net::ERR_CONNECTION_REFUSED @ http://localhost:5173/:0
[ 3464160ms] [ERROR] Failed to load resource: net::ERR_CONNECTION_REFUSED @ http://localhost:5173/:0
[ 3465163ms] [ERROR] Failed to load resource: net::ERR_CONNECTION_REFUSED @ http://localhost:5173/:0
[ 3466166ms] [ERROR] Failed to load resource: net::ERR_CONNECTION_REFUSED @ http://localhost:5173/:0
[ 3467169ms] [ERROR] Failed to load resource: net::ERR_CONNECTION_REFUSED @ http://localhost:5173/:0
[ 3468173ms] [ERROR] Failed to load resource: net::ERR_CONNECTION_REFUSED @ http://localhost:5173/:0
[ 3469176ms] [ERROR] Failed to load resource: net::ERR_CONNECTION_REFUSED @ http://localhost:5173/:0
[ 3470180ms] [ERROR] Failed to load resource: net::ERR_CONNECTION_REFUSED @ http://localhost:5173/:0
[ 3471183ms] [ERROR] Failed to load resource: net::ERR_CONNECTION_REFUSED @ http://localhost:5173/:0
[ 3472186ms] [ERROR] Failed to load resource: net::ERR_CONNECTION_REFUSED @ http://localhost:5173/:0
[ 3473190ms] [ERROR] Failed to load resource: net::ERR_CONNECTION_REFUSED @ http://localhost:5173/:0
[ 3474193ms] [ERROR] Failed to load resource: net::ERR_CONNECTION_REFUSED @ http://localhost:5173/:0
[ 3475196ms] [ERROR] Failed to load resource: net::ERR_CONNECTION_REFUSED @ http://localhost:5173/:0
[ 3476198ms] [ERROR] Failed to load resource: net::ERR_CONNECTION_REFUSED @ http://localhost:5173/:0
[ 3477201ms] [ERROR] Failed to load resource: net::ERR_CONNECTION_REFUSED @ http://localhost:5173/:0
[ 3478205ms] [ERROR] Failed to load resource: net::ERR_CONNECTION_REFUSED @ http://localhost:5173/:0
[ 3479208ms] [ERROR] Failed to load resource: net::ERR_CONNECTION_REFUSED @ http://localhost:5173/:0
[ 3480212ms] [ERROR] Failed to load resource: net::ERR_CONNECTION_REFUSED @ http://localhost:5173/:0
[ 3481215ms] [ERROR] Failed to load resource: net::ERR_CONNECTION_REFUSED @ http://localhost:5173/:0
[ 3482218ms] [ERROR] Failed to load resource: net::ERR_CONNECTION_REFUSED @ http://localhost:5173/:0
[ 3483221ms] [ERROR] Failed to load resource: net::ERR_CONNECTION_REFUSED @ http://localhost:5173/:0
[ 3484224ms] [ERROR] Failed to load resource: net::ERR_CONNECTION_REFUSED @ http://localhost:5173/:0
[ 3485230ms] [ERROR] Failed to load resource: net::ERR_CONNECTION_REFUSED @ http://localhost:5173/:0
[ 3486234ms] [ERROR] Failed to load resource: net::ERR_CONNECTION_REFUSED @ http://localhost:5173/:0
[ 3487238ms] [ERROR] Failed to load resource: net::ERR_CONNECTION_REFUSED @ http://localhost:5173/:0
[ 3488240ms] [ERROR] Failed to load resource: net::ERR_CONNECTION_REFUSED @ http://localhost:5173/:0
[ 3489243ms] [ERROR] Failed to load resource: net::ERR_CONNECTION_REFUSED @ http://localhost:5173/:0
[ 3490247ms] [ERROR] Failed to load resource: net::ERR_CONNECTION_REFUSED @ http://localhost:5173/:0
[ 3491250ms] [ERROR] Failed to load resource: net::ERR_CONNECTION_REFUSED @ http://localhost:5173/:0
[ 3492253ms] [ERROR] Failed to load resource: net::ERR_CONNECTION_REFUSED @ http://localhost:5173/:0
[ 3493257ms] [ERROR] Failed to load resource: net::ERR_CONNECTION_REFUSED @ http://localhost:5173/:0
[ 3494261ms] [ERROR] Failed to load resource: net::ERR_CONNECTION_REFUSED @ http://localhost:5173/:0
[ 3495264ms] [ERROR] Failed to load resource: net::ERR_CONNECTION_REFUSED @ http://localhost:5173/:0
[ 3496266ms] [ERROR] Failed to load resource: net::ERR_CONNECTION_REFUSED @ http://localhost:5173/:0
[ 3497270ms] [ERROR] Failed to load resource: net::ERR_CONNECTION_REFUSED @ http://localhost:5173/:0
[ 3498274ms] [ERROR] Failed to load resource: net::ERR_CONNECTION_REFUSED @ http://localhost:5173/:0
[ 3499278ms] [ERROR] Failed to load resource: net::ERR_CONNECTION_REFUSED @ http://localhost:5173/:0
[ 3500282ms] [ERROR] Failed to load resource: net::ERR_CONNECTION_REFUSED @ http://localhost:5173/:0
[ 3501286ms] [ERROR] Failed to load resource: net::ERR_CONNECTION_REFUSED @ http://localhost:5173/:0
[ 3502290ms] [ERROR] Failed to load resource: net::ERR_CONNECTION_REFUSED @ http://localhost:5173/:0
[ 3503292ms] [ERROR] Failed to load resource: net::ERR_CONNECTION_REFUSED @ http://localhost:5173/:0
[ 3504296ms] [ERROR] Failed to load resource: net::ERR_CONNECTION_REFUSED @ http://localhost:5173/:0
[ 3505299ms] [ERROR] Failed to load resource: net::ERR_CONNECTION_REFUSED @ http://localhost:5173/:0
[ 3506303ms] [ERROR] Failed to load resource: net::ERR_CONNECTION_REFUSED @ http://localhost:5173/:0
[ 3507307ms] [ERROR] Failed to load resource: net::ERR_CONNECTION_REFUSED @ http://localhost:5173/:0
[ 3508309ms] [ERROR] Failed to load resource: net::ERR_CONNECTION_REFUSED @ http://localhost:5173/:0
[ 3509314ms] [ERROR] Failed to load resource: net::ERR_CONNECTION_REFUSED @ http://localhost:5173/:0
[ 3510317ms] [ERROR] Failed to load resource: net::ERR_CONNECTION_REFUSED @ http://localhost:5173/:0
[ 3511321ms] [ERROR] Failed to load resource: net::ERR_CONNECTION_REFUSED @ http://localhost:5173/:0
[ 3512324ms] [ERROR] Failed to load resource: net::ERR_CONNECTION_REFUSED @ http://localhost:5173/:0
[ 3513328ms] [ERROR] Failed to load resource: net::ERR_CONNECTION_REFUSED @ http://localhost:5173/:0
[ 3514332ms] [ERROR] Failed to load resource: net::ERR_CONNECTION_REFUSED @ http://localhost:5173/:0
[ 3515335ms] [ERROR] Failed to load resource: net::ERR_CONNECTION_REFUSED @ http://localhost:5173/:0
[ 3516339ms] [ERROR] Failed to load resource: net::ERR_CONNECTION_REFUSED @ http://localhost:5173/:0
[ 3517342ms] [ERROR] Failed to load resource: net::ERR_CONNECTION_REFUSED @ http://localhost:5173/:0
[ 3518346ms] [ERROR] Failed to load resource: net::ERR_CONNECTION_REFUSED @ http://localhost:5173/:0
[ 3519349ms] [ERROR] Failed to load resource: net::ERR_CONNECTION_REFUSED @ http://localhost:5173/:0
[ 3520352ms] [ERROR] Failed to load resource: net::ERR_CONNECTION_REFUSED @ http://localhost:5173/:0
[ 3521356ms] [ERROR] Failed to load resource: net::ERR_CONNECTION_REFUSED @ http://localhost:5173/:0
[ 3522362ms] [ERROR] Failed to load resource: net::ERR_CONNECTION_REFUSED @ http://localhost:5173/:0
[ 3523366ms] [ERROR] Failed to load resource: net::ERR_CONNECTION_REFUSED @ http://localhost:5173/:0
[ 3524369ms] [ERROR] Failed to load resource: net::ERR_CONNECTION_REFUSED @ http://localhost:5173/:0
[ 3525373ms] [ERROR] Failed to load resource: net::ERR_CONNECTION_REFUSED @ http://localhost:5173/:0
[ 3526376ms] [ERROR] Failed to load resource: net::ERR_CONNECTION_REFUSED @ http://localhost:5173/:0
[ 3527380ms] [ERROR] Failed to load resource: net::ERR_CONNECTION_REFUSED @ http://localhost:5173/:0
[ 3528384ms] [ERROR] Failed to load resource: net::ERR_CONNECTION_REFUSED @ http://localhost:5173/:0
[ 3529389ms] [ERROR] Failed to load resource: net::ERR_CONNECTION_REFUSED @ http://localhost:5173/:0
[ 3530392ms] [ERROR] Failed to load resource: net::ERR_CONNECTION_REFUSED @ http://localhost:5173/:0
[ 3531395ms] [ERROR] Failed to load resource: net::ERR_CONNECTION_REFUSED @ http://localhost:5173/:0
[ 3532398ms] [ERROR] Failed to load resource: net::ERR_CONNECTION_REFUSED @ http://localhost:5173/:0
[ 3533401ms] [ERROR] Failed to load resource: net::ERR_CONNECTION_REFUSED @ http://localhost:5173/:0
[ 3534405ms] [ERROR] Failed to load resource: net::ERR_CONNECTION_REFUSED @ http://localhost:5173/:0
[ 3535409ms] [ERROR] Failed to load resource: net::ERR_CONNECTION_REFUSED @ http://localhost:5173/:0
[ 3536412ms] [ERROR] Failed to load resource: net::ERR_CONNECTION_REFUSED @ http://localhost:5173/:0
[ 3537416ms] [ERROR] Failed to load resource: net::ERR_CONNECTION_REFUSED @ http://localhost:5173/:0
[ 3538419ms] [ERROR] Failed to load resource: net::ERR_CONNECTION_REFUSED @ http://localhost:5173/:0
[ 3539422ms] [ERROR] Failed to load resource: net::ERR_CONNECTION_REFUSED @ http://localhost:5173/:0
[ 3540425ms] [ERROR] Failed to load resource: net::ERR_CONNECTION_REFUSED @ http://localhost:5173/:0
[ 3541428ms] [ERROR] Failed to load resource: net::ERR_CONNECTION_REFUSED @ http://localhost:5173/:0
[ 3542432ms] [ERROR] Failed to load resource: net::ERR_CONNECTION_REFUSED @ http://localhost:5173/:0
[ 3543434ms] [ERROR] Failed to load resource: net::ERR_CONNECTION_REFUSED @ http://localhost:5173/:0
[ 3544441ms] [ERROR] Failed to load resource: net::ERR_CONNECTION_REFUSED @ http://localhost:5173/:0
[ 3545444ms] [ERROR] Failed to load resource: net::ERR_CONNECTION_REFUSED @ http://localhost:5173/:0
[ 3546448ms] [ERROR] Failed to load resource: net::ERR_CONNECTION_REFUSED @ http://localhost:5173/:0
[ 3547451ms] [ERROR] Failed to load resource: net::ERR_CONNECTION_REFUSED @ http://localhost:5173/:0
[ 3548454ms] [ERROR] Failed to load resource: net::ERR_CONNECTION_REFUSED @ http://localhost:5173/:0
[ 3549458ms] [ERROR] Failed to load resource: net::ERR_CONNECTION_REFUSED @ http://localhost:5173/:0
[ 3550462ms] [ERROR] Failed to load resource: net::ERR_CONNECTION_REFUSED @ http://localhost:5173/:0
[ 3551466ms] [ERROR] Failed to load resource: net::ERR_CONNECTION_REFUSED @ http://localhost:5173/:0
[ 3552470ms] [ERROR] Failed to load resource: net::ERR_CONNECTION_REFUSED @ http://localhost:5173/:0
[ 3553474ms] [ERROR] Failed to load resource: net::ERR_CONNECTION_REFUSED @ http://localhost:5173/:0
[ 3554478ms] [ERROR] Failed to load resource: net::ERR_CONNECTION_REFUSED @ http://localhost:5173/:0
[ 3555482ms] [ERROR] Failed to load resource: net::ERR_CONNECTION_REFUSED @ http://localhost:5173/:0
[ 3556485ms] [ERROR] Failed to load resource: net::ERR_CONNECTION_REFUSED @ http://localhost:5173/:0
[ 3557488ms] [ERROR] Failed to load resource: net::ERR_CONNECTION_REFUSED @ http://localhost:5173/:0
[ 3558491ms] [ERROR] Failed to load resource: net::ERR_CONNECTION_REFUSED @ http://localhost:5173/:0
[ 3559494ms] [ERROR] Failed to load resource: net::ERR_CONNECTION_REFUSED @ http://localhost:5173/:0
[ 3560497ms] [ERROR] Failed to load resource: net::ERR_CONNECTION_REFUSED @ http://localhost:5173/:0
[ 3561500ms] [ERROR] Failed to load resource: net::ERR_CONNECTION_REFUSED @ http://localhost:5173/:0
[ 3562504ms] [ERROR] Failed to load resource: net::ERR_CONNECTION_REFUSED @ http://localhost:5173/:0
[ 3563508ms] [ERROR] Failed to load resource: net::ERR_CONNECTION_REFUSED @ http://localhost:5173/:0
[ 3564513ms] [ERROR] Failed to load resource: net::ERR_CONNECTION_REFUSED @ http://localhost:5173/:0
[ 3565516ms] [ERROR] Failed to load resource: net::ERR_CONNECTION_REFUSED @ http://localhost:5173/:0
[ 3566519ms] [ERROR] Failed to load resource: net::ERR_CONNECTION_REFUSED @ http://localhost:5173/:0
[ 3567523ms] [ERROR] Failed to load resource: net::ERR_CONNECTION_REFUSED @ http://localhost:5173/:0
[ 3568526ms] [ERROR] Failed to load resource: net::ERR_CONNECTION_REFUSED @ http://localhost:5173/:0
[ 3569529ms] [ERROR] Failed to load resource: net::ERR_CONNECTION_REFUSED @ http://localhost:5173/:0
[ 3570532ms] [ERROR] Failed to load resource: net::ERR_CONNECTION_REFUSED @ http://localhost:5173/:0
[ 3571534ms] [ERROR] Failed to load resource: net::ERR_CONNECTION_REFUSED @ http://localhost:5173/:0
[ 3572538ms] [ERROR] Failed to load resource: net::ERR_CONNECTION_REFUSED @ http://localhost:5173/:0
[ 3573541ms] [ERROR] Failed to load resource: net::ERR_CONNECTION_REFUSED @ http://localhost:5173/:0
[ 3574544ms] [ERROR] Failed to load resource: net::ERR_CONNECTION_REFUSED @ http://localhost:5173/:0
[ 3575547ms] [ERROR] Failed to load resource: net::ERR_CONNECTION_REFUSED @ http://localhost:5173/:0
[ 3576550ms] [ERROR] Failed to load resource: net::ERR_CONNECTION_REFUSED @ http://localhost:5173/:0
[ 3577554ms] [ERROR] Failed to load resource: net::ERR_CONNECTION_REFUSED @ http://localhost:5173/:0
[ 3578557ms] [ERROR] Failed to load resource: net::ERR_CONNECTION_REFUSED @ http://localhost:5173/:0
[ 3579561ms] [ERROR] Failed to load resource: net::ERR_CONNECTION_REFUSED @ http://localhost:5173/:0
[ 3580568ms] [ERROR] Failed to load resource: net::ERR_CONNECTION_REFUSED @ http://localhost:5173/:0
[ 3581571ms] [ERROR] Failed to load resource: net::ERR_CONNECTION_REFUSED @ http://localhost:5173/:0
[ 3582574ms] [ERROR] Failed to load resource: net::ERR_CONNECTION_REFUSED @ http://localhost:5173/:0
[ 3583577ms] [ERROR] Failed to load resource: net::ERR_CONNECTION_REFUSED @ http://localhost:5173/:0
[ 3584580ms] [ERROR] Failed to load resource: net::ERR_CONNECTION_REFUSED @ http://localhost:5173/:0
[ 3585583ms] [ERROR] Failed to load resource: net::ERR_CONNECTION_REFUSED @ http://localhost:5173/:0
[ 3586590ms] [ERROR] Failed to load resource: net::ERR_CONNECTION_REFUSED @ http://localhost:5173/:0
[ 3587594ms] [ERROR] Failed to load resource: net::ERR_CONNECTION_REFUSED @ http://localhost:5173/:0
[ 3588596ms] [ERROR] Failed to load resource: net::ERR_CONNECTION_REFUSED @ http://localhost:5173/:0
[ 3589598ms] [ERROR] Failed to load resource: net::ERR_CONNECTION_REFUSED @ http://localhost:5173/:0
[ 3590601ms] [ERROR] Failed to load resource: net::ERR_CONNECTION_REFUSED @ http://localhost:5173/:0
[ 3591605ms] [ERROR] Failed to load resource: net::ERR_CONNECTION_REFUSED @ http://localhost:5173/:0
[ 3592608ms] [ERROR] Failed to load resource: net::ERR_CONNECTION_REFUSED @ http://localhost:5173/:0
[ 3593611ms] [ERROR] Failed to load resource: net::ERR_CONNECTION_REFUSED @ http://localhost:5173/:0
[ 3594617ms] [ERROR] Failed to load resource: net::ERR_CONNECTION_REFUSED @ http://localhost:5173/:0
[ 3595621ms] [ERROR] Failed to load resource: net::ERR_CONNECTION_REFUSED @ http://localhost:5173/:0
[ 3596624ms] [ERROR] Failed to load resource: net::ERR_CONNECTION_REFUSED @ http://localhost:5173/:0
[ 3597626ms] [ERROR] Failed to load resource: net::ERR_CONNECTION_REFUSED @ http://localhost:5173/:0
[ 3598629ms] [ERROR] Failed to load resource: net::ERR_CONNECTION_REFUSED @ http://localhost:5173/:0
[ 3599631ms] [ERROR] Failed to load resource: net::ERR_CONNECTION_REFUSED @ http://localhost:5173/:0
[ 3600637ms] [ERROR] Failed to load resource: net::ERR_CONNECTION_REFUSED @ http://localhost:5173/:0
[ 3601640ms] [ERROR] Failed to load resource: net::ERR_CONNECTION_REFUSED @ http://localhost:5173/:0
[ 3602643ms] [ERROR] Failed to load resource: net::ERR_CONNECTION_REFUSED @ http://localhost:5173/:0
[ 3603645ms] [ERROR] Failed to load resource: net::ERR_CONNECTION_REFUSED @ http://localhost:5173/:0
[ 3604648ms] [ERROR] Failed to load resource: net::ERR_CONNECTION_REFUSED @ http://localhost:5173/:0
[ 3605652ms] [ERROR] Failed to load resource: net::ERR_CONNECTION_REFUSED @ http://localhost:5173/:0
[ 3606657ms] [ERROR] Failed to load resource: net::ERR_CONNECTION_REFUSED @ http://localhost:5173/:0
[ 3607660ms] [ERROR] Failed to load resource: net::ERR_CONNECTION_REFUSED @ http://localhost:5173/:0
[ 3608664ms] [ERROR] Failed to load resource: net::ERR_CONNECTION_REFUSED @ http://localhost:5173/:0
[ 3609668ms] [ERROR] Failed to load resource: net::ERR_CONNECTION_REFUSED @ http://localhost:5173/:0
[ 3610672ms] [ERROR] Failed to load resource: net::ERR_CONNECTION_REFUSED @ http://localhost:5173/:0
[ 3611675ms] [ERROR] Failed to load resource: net::ERR_CONNECTION_REFUSED @ http://localhost:5173/:0
[ 3612678ms] [ERROR] Failed to load resource: net::ERR_CONNECTION_REFUSED @ http://localhost:5173/:0
[ 3613681ms] [ERROR] Failed to load resource: net::ERR_CONNECTION_REFUSED @ http://localhost:5173/:0
[ 3614685ms] [ERROR] Failed to load resource: net::ERR_CONNECTION_REFUSED @ http://localhost:5173/:0
[ 3615688ms] [ERROR] Failed to load resource: net::ERR_CONNECTION_REFUSED @ http://localhost:5173/:0
[ 3616690ms] [ERROR] Failed to load resource: net::ERR_CONNECTION_REFUSED @ http://localhost:5173/:0
[ 3617692ms] [ERROR] Failed to load resource: net::ERR_CONNECTION_REFUSED @ http://localhost:5173/:0
[ 3618695ms] [ERROR] Failed to load resource: net::ERR_CONNECTION_REFUSED @ http://localhost:5173/:0
[ 3619699ms] [ERROR] Failed to load resource: net::ERR_CONNECTION_REFUSED @ http://localhost:5173/:0
[ 3620702ms] [ERROR] Failed to load resource: net::ERR_CONNECTION_REFUSED @ http://localhost:5173/:0
[ 3621706ms] [ERROR] Failed to load resource: net::ERR_CONNECTION_REFUSED @ http://localhost:5173/:0
[ 3622709ms] [ERROR] Failed to load resource: net::ERR_CONNECTION_REFUSED @ http://localhost:5173/:0
[ 3623713ms] [ERROR] Failed to load resource: net::ERR_CONNECTION_REFUSED @ http://localhost:5173/:0
[ 3624716ms] [ERROR] Failed to load resource: net::ERR_CONNECTION_REFUSED @ http://localhost:5173/:0
[ 3625719ms] [ERROR] Failed to load resource: net::ERR_CONNECTION_REFUSED @ http://localhost:5173/:0
[ 3626723ms] [ERROR] Failed to load resource: net::ERR_CONNECTION_REFUSED @ http://localhost:5173/:0
[ 3627724ms] [ERROR] Failed to load resource: net::ERR_CONNECTION_REFUSED @ http://localhost:5173/:0
[ 3628728ms] [ERROR] Failed to load resource: net::ERR_CONNECTION_REFUSED @ http://localhost:5173/:0
[ 3629732ms] [ERROR] Failed to load resource: net::ERR_CONNECTION_REFUSED @ http://localhost:5173/:0
[ 3630736ms] [ERROR] Failed to load resource: net::ERR_CONNECTION_REFUSED @ http://localhost:5173/:0
[ 3631739ms] [ERROR] Failed to load resource: net::ERR_CONNECTION_REFUSED @ http://localhost:5173/:0
[ 3632742ms] [ERROR] Failed to load resource: net::ERR_CONNECTION_REFUSED @ http://localhost:5173/:0
[ 3633745ms] [ERROR] Failed to load resource: net::ERR_CONNECTION_REFUSED @ http://localhost:5173/:0
[ 3634748ms] [ERROR] Failed to load resource: net::ERR_CONNECTION_REFUSED @ http://localhost:5173/:0
[ 3635751ms] [ERROR] Failed to load resource: net::ERR_CONNECTION_REFUSED @ http://localhost:5173/:0
[ 3636752ms] [ERROR] Failed to load resource: net::ERR_CONNECTION_REFUSED @ http://localhost:5173/:0
[ 3637755ms] [ERROR] Failed to load resource: net::ERR_CONNECTION_REFUSED @ http://localhost:5173/:0
[ 3638759ms] [ERROR] Failed to load resource: net::ERR_CONNECTION_REFUSED @ http://localhost:5173/:0
[ 3639760ms] [ERROR] Failed to load resource: net::ERR_CONNECTION_REFUSED @ http://localhost:5173/:0
[ 3640764ms] [ERROR] Failed to load resource: net::ERR_CONNECTION_REFUSED @ http://localhost:5173/:0
[ 3641768ms] [ERROR] Failed to load resource: net::ERR_CONNECTION_REFUSED @ http://localhost:5173/:0
[ 3642771ms] [ERROR] Failed to load resource: net::ERR_CONNECTION_REFUSED @ http://localhost:5173/:0
[ 3643773ms] [ERROR] Failed to load resource: net::ERR_CONNECTION_REFUSED @ http://localhost:5173/:0
[ 3644775ms] [ERROR] Failed to load resource: net::ERR_CONNECTION_REFUSED @ http://localhost:5173/:0
[ 3645778ms] [ERROR] Failed to load resource: net::ERR_CONNECTION_REFUSED @ http://localhost:5173/:0
[ 3646781ms] [ERROR] Failed to load resource: net::ERR_CONNECTION_REFUSED @ http://localhost:5173/:0
[ 3647784ms] [ERROR] Failed to load resource: net::ERR_CONNECTION_REFUSED @ http://localhost:5173/:0
[ 3648789ms] [ERROR] Failed to load resource: net::ERR_CONNECTION_REFUSED @ http://localhost:5173/:0
[ 3649792ms] [ERROR] Failed to load resource: net::ERR_CONNECTION_REFUSED @ http://localhost:5173/:0
[ 3650795ms] [ERROR] Failed to load resource: net::ERR_CONNECTION_REFUSED @ http://localhost:5173/:0
[ 3651797ms] [ERROR] Failed to load resource: net::ERR_CONNECTION_REFUSED @ http://localhost:5173/:0
[ 3652800ms] [ERROR] Failed to load resource: net::ERR_CONNECTION_REFUSED @ http://localhost:5173/:0
[ 3653804ms] [ERROR] Failed to load resource: net::ERR_CONNECTION_REFUSED @ http://localhost:5173/:0
[ 3654807ms] [ERROR] Failed to load resource: net::ERR_CONNECTION_REFUSED @ http://localhost:5173/:0
[ 3655811ms] [ERROR] Failed to load resource: net::ERR_CONNECTION_REFUSED @ http://localhost:5173/:0
[ 3656814ms] [ERROR] Failed to load resource: net::ERR_CONNECTION_REFUSED @ http://localhost:5173/:0
[ 3657818ms] [ERROR] Failed to load resource: net::ERR_CONNECTION_REFUSED @ http://localhost:5173/:0
[ 3658822ms] [ERROR] Failed to load resource: net::ERR_CONNECTION_REFUSED @ http://localhost:5173/:0
[ 3659824ms] [ERROR] Failed to load resource: net::ERR_CONNECTION_REFUSED @ http://localhost:5173/:0
[ 3660828ms] [ERROR] Failed to load resource: net::ERR_CONNECTION_REFUSED @ http://localhost:5173/:0
[ 3661832ms] [ERROR] Failed to load resource: net::ERR_CONNECTION_REFUSED @ http://localhost:5173/:0
[ 3662835ms] [ERROR] Failed to load resource: net::ERR_CONNECTION_REFUSED @ http://localhost:5173/:0
[ 3663839ms] [ERROR] Failed to load resource: net::ERR_CONNECTION_REFUSED @ http://localhost:5173/:0
[ 3664842ms] [ERROR] Failed to load resource: net::ERR_CONNECTION_REFUSED @ http://localhost:5173/:0
[ 3665846ms] [ERROR] Failed to load resource: net::ERR_CONNECTION_REFUSED @ http://localhost:5173/:0
[ 3666848ms] [ERROR] Failed to load resource: net::ERR_CONNECTION_REFUSED @ http://localhost:5173/:0
[ 3667851ms] [ERROR] Failed to load resource: net::ERR_CONNECTION_REFUSED @ http://localhost:5173/:0
[ 3668855ms] [ERROR] Failed to load resource: net::ERR_CONNECTION_REFUSED @ http://localhost:5173/:0
[ 3669858ms] [ERROR] Failed to load resource: net::ERR_CONNECTION_REFUSED @ http://localhost:5173/:0
[ 3670861ms] [ERROR] Failed to load resource: net::ERR_CONNECTION_REFUSED @ http://localhost:5173/:0
[ 3671866ms] [ERROR] Failed to load resource: net::ERR_CONNECTION_REFUSED @ http://localhost:5173/:0
[ 3672869ms] [ERROR] Failed to load resource: net::ERR_CONNECTION_REFUSED @ http://localhost:5173/:0
[ 3673873ms] [ERROR] Failed to load resource: net::ERR_CONNECTION_REFUSED @ http://localhost:5173/:0
[ 3674877ms] [ERROR] Failed to load resource: net::ERR_CONNECTION_REFUSED @ http://localhost:5173/:0
[ 3675880ms] [ERROR] Failed to load resource: net::ERR_CONNECTION_REFUSED @ http://localhost:5173/:0
[ 3676883ms] [ERROR] Failed to load resource: net::ERR_CONNECTION_REFUSED @ http://localhost:5173/:0
[ 3677887ms] [ERROR] Failed to load resource: net::ERR_CONNECTION_REFUSED @ http://localhost:5173/:0
[ 3678891ms] [ERROR] Failed to load resource: net::ERR_CONNECTION_REFUSED @ http://localhost:5173/:0
[ 3679895ms] [ERROR] Failed to load resource: net::ERR_CONNECTION_REFUSED @ http://localhost:5173/:0
[ 3680899ms] [ERROR] Failed to load resource: net::ERR_CONNECTION_REFUSED @ http://localhost:5173/:0
[ 3681902ms] [ERROR] Failed to load resource: net::ERR_CONNECTION_REFUSED @ http://localhost:5173/:0
[ 3682905ms] [ERROR] Failed to load resource: net::ERR_CONNECTION_REFUSED @ http://localhost:5173/:0
[ 3683908ms] [ERROR] Failed to load resource: net::ERR_CONNECTION_REFUSED @ http://localhost:5173/:0
[ 3684912ms] [ERROR] Failed to load resource: net::ERR_CONNECTION_REFUSED @ http://localhost:5173/:0
[ 3685916ms] [ERROR] Failed to load resource: net::ERR_CONNECTION_REFUSED @ http://localhost:5173/:0
[ 3686919ms] [ERROR] Failed to load resource: net::ERR_CONNECTION_REFUSED @ http://localhost:5173/:0
[ 3687923ms] [ERROR] Failed to load resource: net::ERR_CONNECTION_REFUSED @ http://localhost:5173/:0
[ 3688927ms] [ERROR] Failed to load resource: net::ERR_CONNECTION_REFUSED @ http://localhost:5173/:0
[ 3689929ms] [ERROR] Failed to load resource: net::ERR_CONNECTION_REFUSED @ http://localhost:5173/:0
[ 3690932ms] [ERROR] Failed to load resource: net::ERR_CONNECTION_REFUSED @ http://localhost:5173/:0
[ 3691935ms] [ERROR] Failed to load resource: net::ERR_CONNECTION_REFUSED @ http://localhost:5173/:0
[ 3692937ms] [ERROR] Failed to load resource: net::ERR_CONNECTION_REFUSED @ http://localhost:5173/:0
[ 3693940ms] [ERROR] Failed to load resource: net::ERR_CONNECTION_REFUSED @ http://localhost:5173/:0
[ 3694944ms] [ERROR] Failed to load resource: net::ERR_CONNECTION_REFUSED @ http://localhost:5173/:0
[ 3695947ms] [ERROR] Failed to load resource: net::ERR_CONNECTION_REFUSED @ http://localhost:5173/:0
[ 3696950ms] [ERROR] Failed to load resource: net::ERR_CONNECTION_REFUSED @ http://localhost:5173/:0
[ 3697952ms] [ERROR] Failed to load resource: net::ERR_CONNECTION_REFUSED @ http://localhost:5173/:0
[ 3698955ms] [ERROR] Failed to load resource: net::ERR_CONNECTION_REFUSED @ http://localhost:5173/:0
[ 3699958ms] [ERROR] Failed to load resource: net::ERR_CONNECTION_REFUSED @ http://localhost:5173/:0
[ 3700962ms] [ERROR] Failed to load resource: net::ERR_CONNECTION_REFUSED @ http://localhost:5173/:0
[ 3701966ms] [ERROR] Failed to load resource: net::ERR_CONNECTION_REFUSED @ http://localhost:5173/:0
[ 3702970ms] [ERROR] Failed to load resource: net::ERR_CONNECTION_REFUSED @ http://localhost:5173/:0
[ 3703972ms] [ERROR] Failed to load resource: net::ERR_CONNECTION_REFUSED @ http://localhost:5173/:0
[ 3704975ms] [ERROR] Failed to load resource: net::ERR_CONNECTION_REFUSED @ http://localhost:5173/:0
[ 3705979ms] [ERROR] Failed to load resource: net::ERR_CONNECTION_REFUSED @ http://localhost:5173/:0
[ 3706982ms] [ERROR] Failed to load resource: net::ERR_CONNECTION_REFUSED @ http://localhost:5173/:0
[ 3707986ms] [ERROR] Failed to load resource: net::ERR_CONNECTION_REFUSED @ http://localhost:5173/:0
[ 3708989ms] [ERROR] Failed to load resource: net::ERR_CONNECTION_REFUSED @ http://localhost:5173/:0
[ 3709992ms] [ERROR] Failed to load resource: net::ERR_CONNECTION_REFUSED @ http://localhost:5173/:0
[ 3710996ms] [ERROR] Failed to load resource: net::ERR_CONNECTION_REFUSED @ http://localhost:5173/:0
[ 3711999ms] [ERROR] Failed to load resource: net::ERR_CONNECTION_REFUSED @ http://localhost:5173/:0
[ 3713002ms] [ERROR] Failed to load resource: net::ERR_CONNECTION_REFUSED @ http://localhost:5173/:0
[ 3714006ms] [ERROR] Failed to load resource: net::ERR_CONNECTION_REFUSED @ http://localhost:5173/:0
[ 3715010ms] [ERROR] Failed to load resource: net::ERR_CONNECTION_REFUSED @ http://localhost:5173/:0
[ 3716014ms] [ERROR] Failed to load resource: net::ERR_CONNECTION_REFUSED @ http://localhost:5173/:0
[ 3717017ms] [ERROR] Failed to load resource: net::ERR_CONNECTION_REFUSED @ http://localhost:5173/:0
[ 3718020ms] [ERROR] Failed to load resource: net::ERR_CONNECTION_REFUSED @ http://localhost:5173/:0
[ 3719024ms] [ERROR] Failed to load resource: net::ERR_CONNECTION_REFUSED @ http://localhost:5173/:0
[ 3720027ms] [ERROR] Failed to load resource: net::ERR_CONNECTION_REFUSED @ http://localhost:5173/:0
[ 3721032ms] [ERROR] Failed to load resource: net::ERR_CONNECTION_REFUSED @ http://localhost:5173/:0
[ 3722035ms] [ERROR] Failed to load resource: net::ERR_CONNECTION_REFUSED @ http://localhost:5173/:0
[ 3723038ms] [ERROR] Failed to load resource: net::ERR_CONNECTION_REFUSED @ http://localhost:5173/:0
[ 3724041ms] [ERROR] Failed to load resource: net::ERR_CONNECTION_REFUSED @ http://localhost:5173/:0
[ 3725043ms] [ERROR] Failed to load resource: net::ERR_CONNECTION_REFUSED @ http://localhost:5173/:0
[ 3726047ms] [ERROR] Failed to load resource: net::ERR_CONNECTION_REFUSED @ http://localhost:5173/:0
[ 3727050ms] [ERROR] Failed to load resource: net::ERR_CONNECTION_REFUSED @ http://localhost:5173/:0
[ 3728053ms] [ERROR] Failed to load resource: net::ERR_CONNECTION_REFUSED @ http://localhost:5173/:0
[ 3729057ms] [ERROR] Failed to load resource: net::ERR_CONNECTION_REFUSED @ http://localhost:5173/:0
[ 3730062ms] [ERROR] Failed to load resource: net::ERR_CONNECTION_REFUSED @ http://localhost:5173/:0
[ 3731065ms] [ERROR] Failed to load resource: net::ERR_CONNECTION_REFUSED @ http://localhost:5173/:0
[ 3732068ms] [ERROR] Failed to load resource: net::ERR_CONNECTION_REFUSED @ http://localhost:5173/:0
[ 3733072ms] [ERROR] Failed to load resource: net::ERR_CONNECTION_REFUSED @ http://localhost:5173/:0
[ 3734074ms] [ERROR] Failed to load resource: net::ERR_CONNECTION_REFUSED @ http://localhost:5173/:0
[ 3735076ms] [ERROR] Failed to load resource: net::ERR_CONNECTION_REFUSED @ http://localhost:5173/:0
[ 3736080ms] [ERROR] Failed to load resource: net::ERR_CONNECTION_REFUSED @ http://localhost:5173/:0
[ 3737083ms] [ERROR] Failed to load resource: net::ERR_CONNECTION_REFUSED @ http://localhost:5173/:0
[ 3738086ms] [ERROR] Failed to load resource: net::ERR_CONNECTION_REFUSED @ http://localhost:5173/:0
[ 3739091ms] [ERROR] Failed to load resource: net::ERR_CONNECTION_REFUSED @ http://localhost:5173/:0
[ 3740094ms] [ERROR] Failed to load resource: net::ERR_CONNECTION_REFUSED @ http://localhost:5173/:0
[ 3741098ms] [ERROR] Failed to load resource: net::ERR_CONNECTION_REFUSED @ http://localhost:5173/:0
[ 3742102ms] [ERROR] Failed to load resource: net::ERR_CONNECTION_REFUSED @ http://localhost:5173/:0
[ 3743106ms] [ERROR] Failed to load resource: net::ERR_CONNECTION_REFUSED @ http://localhost:5173/:0
[ 3744109ms] [ERROR] Failed to load resource: net::ERR_CONNECTION_REFUSED @ http://localhost:5173/:0
[ 3745113ms] [ERROR] Failed to load resource: net::ERR_CONNECTION_REFUSED @ http://localhost:5173/:0
[ 3746117ms] [ERROR] Failed to load resource: net::ERR_CONNECTION_REFUSED @ http://localhost:5173/:0
[ 3747121ms] [ERROR] Failed to load resource: net::ERR_CONNECTION_REFUSED @ http://localhost:5173/:0
[ 3748124ms] [ERROR] Failed to load resource: net::ERR_CONNECTION_REFUSED @ http://localhost:5173/:0
[ 3749127ms] [ERROR] Failed to load resource: net::ERR_CONNECTION_REFUSED @ http://localhost:5173/:0
[ 3750130ms] [ERROR] Failed to load resource: net::ERR_CONNECTION_REFUSED @ http://localhost:5173/:0
[ 3751133ms] [ERROR] Failed to load resource: net::ERR_CONNECTION_REFUSED @ http://localhost:5173/:0
[ 3752135ms] [ERROR] Failed to load resource: net::ERR_CONNECTION_REFUSED @ http://localhost:5173/:0
[ 3753138ms] [ERROR] Failed to load resource: net::ERR_CONNECTION_REFUSED @ http://localhost:5173/:0
[ 3754142ms] [ERROR] Failed to load resource: net::ERR_CONNECTION_REFUSED @ http://localhost:5173/:0
[ 3755145ms] [ERROR] Failed to load resource: net::ERR_CONNECTION_REFUSED @ http://localhost:5173/:0
[ 3756149ms] [ERROR] Failed to load resource: net::ERR_CONNECTION_REFUSED @ http://localhost:5173/:0
[ 3757152ms] [ERROR] Failed to load resource: net::ERR_CONNECTION_REFUSED @ http://localhost:5173/:0
[ 3758156ms] [ERROR] Failed to load resource: net::ERR_CONNECTION_REFUSED @ http://localhost:5173/:0
[ 3759160ms] [ERROR] Failed to load resource: net::ERR_CONNECTION_REFUSED @ http://localhost:5173/:0
[ 3760163ms] [ERROR] Failed to load resource: net::ERR_CONNECTION_REFUSED @ http://localhost:5173/:0
[ 3761166ms] [ERROR] Failed to load resource: net::ERR_CONNECTION_REFUSED @ http://localhost:5173/:0
[ 3762170ms] [ERROR] Failed to load resource: net::ERR_CONNECTION_REFUSED @ http://localhost:5173/:0
[ 3763174ms] [ERROR] Failed to load resource: net::ERR_CONNECTION_REFUSED @ http://localhost:5173/:0
[ 3764178ms] [ERROR] Failed to load resource: net::ERR_CONNECTION_REFUSED @ http://localhost:5173/:0
[ 3765181ms] [ERROR] Failed to load resource: net::ERR_CONNECTION_REFUSED @ http://localhost:5173/:0
[ 3766185ms] [ERROR] Failed to load resource: net::ERR_CONNECTION_REFUSED @ http://localhost:5173/:0
[ 3767189ms] [ERROR] Failed to load resource: net::ERR_CONNECTION_REFUSED @ http://localhost:5173/:0
[ 3768192ms] [ERROR] Failed to load resource: net::ERR_CONNECTION_REFUSED @ http://localhost:5173/:0
[ 3769196ms] [ERROR] Failed to load resource: net::ERR_CONNECTION_REFUSED @ http://localhost:5173/:0
[ 3770200ms] [ERROR] Failed to load resource: net::ERR_CONNECTION_REFUSED @ http://localhost:5173/:0
[ 3771203ms] [ERROR] Failed to load resource: net::ERR_CONNECTION_REFUSED @ http://localhost:5173/:0
[ 3772207ms] [ERROR] Failed to load resource: net::ERR_CONNECTION_REFUSED @ http://localhost:5173/:0
[ 3773210ms] [ERROR] Failed to load resource: net::ERR_CONNECTION_REFUSED @ http://localhost:5173/:0
[ 3774213ms] [ERROR] Failed to load resource: net::ERR_CONNECTION_REFUSED @ http://localhost:5173/:0
[ 3775216ms] [ERROR] Failed to load resource: net::ERR_CONNECTION_REFUSED @ http://localhost:5173/:0
[ 3776219ms] [ERROR] Failed to load resource: net::ERR_CONNECTION_REFUSED @ http://localhost:5173/:0
[ 3777222ms] [ERROR] Failed to load resource: net::ERR_CONNECTION_REFUSED @ http://localhost:5173/:0
[ 3778225ms] [ERROR] Failed to load resource: net::ERR_CONNECTION_REFUSED @ http://localhost:5173/:0
[ 3779229ms] [ERROR] Failed to load resource: net::ERR_CONNECTION_REFUSED @ http://localhost:5173/:0
[ 3780232ms] [ERROR] Failed to load resource: net::ERR_CONNECTION_REFUSED @ http://localhost:5173/:0
[ 3781236ms] [ERROR] Failed to load resource: net::ERR_CONNECTION_REFUSED @ http://localhost:5173/:0
[ 3782240ms] [ERROR] Failed to load resource: net::ERR_CONNECTION_REFUSED @ http://localhost:5173/:0
[ 3783243ms] [ERROR] Failed to load resource: net::ERR_CONNECTION_REFUSED @ http://localhost:5173/:0
[ 3784247ms] [ERROR] Failed to load resource: net::ERR_CONNECTION_REFUSED @ http://localhost:5173/:0
[ 3785250ms] [ERROR] Failed to load resource: net::ERR_CONNECTION_REFUSED @ http://localhost:5173/:0
[ 3786254ms] [ERROR] Failed to load resource: net::ERR_CONNECTION_REFUSED @ http://localhost:5173/:0
[ 3787256ms] [ERROR] Failed to load resource: net::ERR_CONNECTION_REFUSED @ http://localhost:5173/:0
[ 3788260ms] [ERROR] Failed to load resource: net::ERR_CONNECTION_REFUSED @ http://localhost:5173/:0
[ 3789264ms] [ERROR] Failed to load resource: net::ERR_CONNECTION_REFUSED @ http://localhost:5173/:0
[ 3790267ms] [ERROR] Failed to load resource: net::ERR_CONNECTION_REFUSED @ http://localhost:5173/:0
[ 3791270ms] [ERROR] Failed to load resource: net::ERR_CONNECTION_REFUSED @ http://localhost:5173/:0
[ 3792273ms] [ERROR] Failed to load resource: net::ERR_CONNECTION_REFUSED @ http://localhost:5173/:0
[ 3793276ms] [ERROR] Failed to load resource: net::ERR_CONNECTION_REFUSED @ http://localhost:5173/:0
[ 3794278ms] [ERROR] Failed to load resource: net::ERR_CONNECTION_REFUSED @ http://localhost:5173/:0
[ 3795282ms] [ERROR] Failed to load resource: net::ERR_CONNECTION_REFUSED @ http://localhost:5173/:0
[ 3796285ms] [ERROR] Failed to load resource: net::ERR_CONNECTION_REFUSED @ http://localhost:5173/:0
[ 3797289ms] [ERROR] Failed to load resource: net::ERR_CONNECTION_REFUSED @ http://localhost:5173/:0
[ 3798294ms] [ERROR] Failed to load resource: net::ERR_CONNECTION_REFUSED @ http://localhost:5173/:0
[ 3799297ms] [ERROR] Failed to load resource: net::ERR_CONNECTION_REFUSED @ http://localhost:5173/:0
[ 3800301ms] [ERROR] Failed to load resource: net::ERR_CONNECTION_REFUSED @ http://localhost:5173/:0
[ 3801304ms] [ERROR] Failed to load resource: net::ERR_CONNECTION_REFUSED @ http://localhost:5173/:0
[ 3802306ms] [ERROR] Failed to load resource: net::ERR_CONNECTION_REFUSED @ http://localhost:5173/:0
[ 3803310ms] [ERROR] Failed to load resource: net::ERR_CONNECTION_REFUSED @ http://localhost:5173/:0
[ 3804315ms] [ERROR] Failed to load resource: net::ERR_CONNECTION_REFUSED @ http://localhost:5173/:0
[ 3805318ms] [ERROR] Failed to load resource: net::ERR_CONNECTION_REFUSED @ http://localhost:5173/:0
[ 3806322ms] [ERROR] Failed to load resource: net::ERR_CONNECTION_REFUSED @ http://localhost:5173/:0
[ 3807324ms] [ERROR] Failed to load resource: net::ERR_CONNECTION_REFUSED @ http://localhost:5173/:0
[ 3808328ms] [ERROR] Failed to load resource: net::ERR_CONNECTION_REFUSED @ http://localhost:5173/:0
[ 3809332ms] [ERROR] Failed to load resource: net::ERR_CONNECTION_REFUSED @ http://localhost:5173/:0
[ 3810334ms] [ERROR] Failed to load resource: net::ERR_CONNECTION_REFUSED @ http://localhost:5173/:0
[ 3811337ms] [ERROR] Failed to load resource: net::ERR_CONNECTION_REFUSED @ http://localhost:5173/:0
[ 3812341ms] [ERROR] Failed to load resource: net::ERR_CONNECTION_REFUSED @ http://localhost:5173/:0
[ 3813344ms] [ERROR] Failed to load resource: net::ERR_CONNECTION_REFUSED @ http://localhost:5173/:0
[ 3814348ms] [ERROR] Failed to load resource: net::ERR_CONNECTION_REFUSED @ http://localhost:5173/:0
[ 3815351ms] [ERROR] Failed to load resource: net::ERR_CONNECTION_REFUSED @ http://localhost:5173/:0
[ 3816355ms] [ERROR] Failed to load resource: net::ERR_CONNECTION_REFUSED @ http://localhost:5173/:0
[ 3817358ms] [ERROR] Failed to load resource: net::ERR_CONNECTION_REFUSED @ http://localhost:5173/:0
[ 3818362ms] [ERROR] Failed to load resource: net::ERR_CONNECTION_REFUSED @ http://localhost:5173/:0
[ 3819366ms] [ERROR] Failed to load resource: net::ERR_CONNECTION_REFUSED @ http://localhost:5173/:0
[ 3820370ms] [ERROR] Failed to load resource: net::ERR_CONNECTION_REFUSED @ http://localhost:5173/:0
[ 3821374ms] [ERROR] Failed to load resource: net::ERR_CONNECTION_REFUSED @ http://localhost:5173/:0
[ 3822377ms] [ERROR] Failed to load resource: net::ERR_CONNECTION_REFUSED @ http://localhost:5173/:0
[ 3823380ms] [ERROR] Failed to load resource: net::ERR_CONNECTION_REFUSED @ http://localhost:5173/:0
[ 3824383ms] [ERROR] Failed to load resource: net::ERR_CONNECTION_REFUSED @ http://localhost:5173/:0
[ 3825385ms] [ERROR] Failed to load resource: net::ERR_CONNECTION_REFUSED @ http://localhost:5173/:0
[ 3826388ms] [ERROR] Failed to load resource: net::ERR_CONNECTION_REFUSED @ http://localhost:5173/:0
[ 3827391ms] [ERROR] Failed to load resource: net::ERR_CONNECTION_REFUSED @ http://localhost:5173/:0
[ 3828395ms] [ERROR] Failed to load resource: net::ERR_CONNECTION_REFUSED @ http://localhost:5173/:0
[ 3829399ms] [ERROR] Failed to load resource: net::ERR_CONNECTION_REFUSED @ http://localhost:5173/:0
[ 3830402ms] [ERROR] Failed to load resource: net::ERR_CONNECTION_REFUSED @ http://localhost:5173/:0
[ 3831406ms] [ERROR] Failed to load resource: net::ERR_CONNECTION_REFUSED @ http://localhost:5173/:0
[ 3832409ms] [ERROR] Failed to load resource: net::ERR_CONNECTION_REFUSED @ http://localhost:5173/:0
[ 3833411ms] [ERROR] Failed to load resource: net::ERR_CONNECTION_REFUSED @ http://localhost:5173/:0
[ 3834415ms] [ERROR] Failed to load resource: net::ERR_CONNECTION_REFUSED @ http://localhost:5173/:0
[ 3835418ms] [ERROR] Failed to load resource: net::ERR_CONNECTION_REFUSED @ http://localhost:5173/:0
[ 3836422ms] [ERROR] Failed to load resource: net::ERR_CONNECTION_REFUSED @ http://localhost:5173/:0
[ 3837426ms] [ERROR] Failed to load resource: net::ERR_CONNECTION_REFUSED @ http://localhost:5173/:0
[ 3838429ms] [ERROR] Failed to load resource: net::ERR_CONNECTION_REFUSED @ http://localhost:5173/:0
[ 3839434ms] [ERROR] Failed to load resource: net::ERR_CONNECTION_REFUSED @ http://localhost:5173/:0
[ 3840438ms] [ERROR] Failed to load resource: net::ERR_CONNECTION_REFUSED @ http://localhost:5173/:0
[ 3841440ms] [ERROR] Failed to load resource: net::ERR_CONNECTION_REFUSED @ http://localhost:5173/:0
[ 3842443ms] [ERROR] Failed to load resource: net::ERR_CONNECTION_REFUSED @ http://localhost:5173/:0
[ 3843447ms] [ERROR] Failed to load resource: net::ERR_CONNECTION_REFUSED @ http://localhost:5173/:0
[ 3844450ms] [ERROR] Failed to load resource: net::ERR_CONNECTION_REFUSED @ http://localhost:5173/:0
[ 3845454ms] [ERROR] Failed to load resource: net::ERR_CONNECTION_REFUSED @ http://localhost:5173/:0
[ 3846458ms] [ERROR] Failed to load resource: net::ERR_CONNECTION_REFUSED @ http://localhost:5173/:0
[ 3847461ms] [ERROR] Failed to load resource: net::ERR_CONNECTION_REFUSED @ http://localhost:5173/:0
[ 3848466ms] [ERROR] Failed to load resource: net::ERR_CONNECTION_REFUSED @ http://localhost:5173/:0
[ 3849470ms] [ERROR] Failed to load resource: net::ERR_CONNECTION_REFUSED @ http://localhost:5173/:0
[ 3850474ms] [ERROR] Failed to load resource: net::ERR_CONNECTION_REFUSED @ http://localhost:5173/:0
[ 3851477ms] [ERROR] Failed to load resource: net::ERR_CONNECTION_REFUSED @ http://localhost:5173/:0
[ 3852481ms] [ERROR] Failed to load resource: net::ERR_CONNECTION_REFUSED @ http://localhost:5173/:0
[ 3853485ms] [ERROR] Failed to load resource: net::ERR_CONNECTION_REFUSED @ http://localhost:5173/:0
[ 3854488ms] [ERROR] Failed to load resource: net::ERR_CONNECTION_REFUSED @ http://localhost:5173/:0
[ 3855493ms] [ERROR] Failed to load resource: net::ERR_CONNECTION_REFUSED @ http://localhost:5173/:0
[ 3856497ms] [ERROR] Failed to load resource: net::ERR_CONNECTION_REFUSED @ http://localhost:5173/:0
[ 3857501ms] [ERROR] Failed to load resource: net::ERR_CONNECTION_REFUSED @ http://localhost:5173/:0
[ 3858504ms] [ERROR] Failed to load resource: net::ERR_CONNECTION_REFUSED @ http://localhost:5173/:0
[ 3859508ms] [ERROR] Failed to load resource: net::ERR_CONNECTION_REFUSED @ http://localhost:5173/:0
[ 3860511ms] [ERROR] Failed to load resource: net::ERR_CONNECTION_REFUSED @ http://localhost:5173/:0
[ 3861515ms] [ERROR] Failed to load resource: net::ERR_CONNECTION_REFUSED @ http://localhost:5173/:0
[ 3862518ms] [ERROR] Failed to load resource: net::ERR_CONNECTION_REFUSED @ http://localhost:5173/:0
[ 3863521ms] [ERROR] Failed to load resource: net::ERR_CONNECTION_REFUSED @ http://localhost:5173/:0
[ 3864524ms] [ERROR] Failed to load resource: net::ERR_CONNECTION_REFUSED @ http://localhost:5173/:0
[ 3865528ms] [ERROR] Failed to load resource: net::ERR_CONNECTION_REFUSED @ http://localhost:5173/:0
[ 3866531ms] [ERROR] Failed to load resource: net::ERR_CONNECTION_REFUSED @ http://localhost:5173/:0
[ 3867535ms] [ERROR] Failed to load resource: net::ERR_CONNECTION_REFUSED @ http://localhost:5173/:0
[ 3868538ms] [ERROR] Failed to load resource: net::ERR_CONNECTION_REFUSED @ http://localhost:5173/:0
[ 3869542ms] [ERROR] Failed to load resource: net::ERR_CONNECTION_REFUSED @ http://localhost:5173/:0
[ 3870545ms] [ERROR] Failed to load resource: net::ERR_CONNECTION_REFUSED @ http://localhost:5173/:0
[ 3871549ms] [ERROR] Failed to load resource: net::ERR_CONNECTION_REFUSED @ http://localhost:5173/:0
[ 3872553ms] [ERROR] Failed to load resource: net::ERR_CONNECTION_REFUSED @ http://localhost:5173/:0
[ 3873557ms] [ERROR] Failed to load resource: net::ERR_CONNECTION_REFUSED @ http://localhost:5173/:0
[ 3874561ms] [ERROR] Failed to load resource: net::ERR_CONNECTION_REFUSED @ http://localhost:5173/:0
[ 3875565ms] [ERROR] Failed to load resource: net::ERR_CONNECTION_REFUSED @ http://localhost:5173/:0
[ 3876569ms] [ERROR] Failed to load resource: net::ERR_CONNECTION_REFUSED @ http://localhost:5173/:0
[ 3877573ms] [ERROR] Failed to load resource: net::ERR_CONNECTION_REFUSED @ http://localhost:5173/:0
[ 3878577ms] [ERROR] Failed to load resource: net::ERR_CONNECTION_REFUSED @ http://localhost:5173/:0
[ 3879581ms] [ERROR] Failed to load resource: net::ERR_CONNECTION_REFUSED @ http://localhost:5173/:0
[ 3880583ms] [ERROR] Failed to load resource: net::ERR_CONNECTION_REFUSED @ http://localhost:5173/:0
[ 3881587ms] [ERROR] Failed to load resource: net::ERR_CONNECTION_REFUSED @ http://localhost:5173/:0
[ 3882590ms] [ERROR] Failed to load resource: net::ERR_CONNECTION_REFUSED @ http://localhost:5173/:0
[ 3883595ms] [ERROR] Failed to load resource: net::ERR_CONNECTION_REFUSED @ http://localhost:5173/:0
[ 3884599ms] [ERROR] Failed to load resource: net::ERR_CONNECTION_REFUSED @ http://localhost:5173/:0
[ 3885602ms] [ERROR] Failed to load resource: net::ERR_CONNECTION_REFUSED @ http://localhost:5173/:0
[ 3886606ms] [ERROR] Failed to load resource: net::ERR_CONNECTION_REFUSED @ http://localhost:5173/:0
[ 3887610ms] [ERROR] Failed to load resource: net::ERR_CONNECTION_REFUSED @ http://localhost:5173/:0
[ 3888613ms] [ERROR] Failed to load resource: net::ERR_CONNECTION_REFUSED @ http://localhost:5173/:0
[ 3889617ms] [ERROR] Failed to load resource: net::ERR_CONNECTION_REFUSED @ http://localhost:5173/:0
[ 3890620ms] [ERROR] Failed to load resource: net::ERR_CONNECTION_REFUSED @ http://localhost:5173/:0
[ 3891623ms] [ERROR] Failed to load resource: net::ERR_CONNECTION_REFUSED @ http://localhost:5173/:0
[ 3892627ms] [ERROR] Failed to load resource: net::ERR_CONNECTION_REFUSED @ http://localhost:5173/:0
[ 3893631ms] [ERROR] Failed to load resource: net::ERR_CONNECTION_REFUSED @ http://localhost:5173/:0
[ 3894634ms] [ERROR] Failed to load resource: net::ERR_CONNECTION_REFUSED @ http://localhost:5173/:0
[ 3895637ms] [ERROR] Failed to load resource: net::ERR_CONNECTION_REFUSED @ http://localhost:5173/:0
[ 3896641ms] [ERROR] Failed to load resource: net::ERR_CONNECTION_REFUSED @ http://localhost:5173/:0
[ 3897644ms] [ERROR] Failed to load resource: net::ERR_CONNECTION_REFUSED @ http://localhost:5173/:0
[ 3898647ms] [ERROR] Failed to load resource: net::ERR_CONNECTION_REFUSED @ http://localhost:5173/:0
[ 3899651ms] [ERROR] Failed to load resource: net::ERR_CONNECTION_REFUSED @ http://localhost:5173/:0
[ 3900655ms] [ERROR] Failed to load resource: net::ERR_CONNECTION_REFUSED @ http://localhost:5173/:0
[ 3901658ms] [ERROR] Failed to load resource: net::ERR_CONNECTION_REFUSED @ http://localhost:5173/:0
[ 3902662ms] [ERROR] Failed to load resource: net::ERR_CONNECTION_REFUSED @ http://localhost:5173/:0
[ 3903664ms] [ERROR] Failed to load resource: net::ERR_CONNECTION_REFUSED @ http://localhost:5173/:0
[ 3904668ms] [ERROR] Failed to load resource: net::ERR_CONNECTION_REFUSED @ http://localhost:5173/:0
[ 3905671ms] [ERROR] Failed to load resource: net::ERR_CONNECTION_REFUSED @ http://localhost:5173/:0
[ 3906675ms] [ERROR] Failed to load resource: net::ERR_CONNECTION_REFUSED @ http://localhost:5173/:0
[ 3907678ms] [ERROR] Failed to load resource: net::ERR_CONNECTION_REFUSED @ http://localhost:5173/:0
[ 3908681ms] [ERROR] Failed to load resource: net::ERR_CONNECTION_REFUSED @ http://localhost:5173/:0
[ 3909685ms] [ERROR] Failed to load resource: net::ERR_CONNECTION_REFUSED @ http://localhost:5173/:0
[ 3910687ms] [ERROR] Failed to load resource: net::ERR_CONNECTION_REFUSED @ http://localhost:5173/:0
[ 3911691ms] [ERROR] Failed to load resource: net::ERR_CONNECTION_REFUSED @ http://localhost:5173/:0
[ 3912695ms] [ERROR] Failed to load resource: net::ERR_CONNECTION_REFUSED @ http://localhost:5173/:0
[ 3913699ms] [ERROR] Failed to load resource: net::ERR_CONNECTION_REFUSED @ http://localhost:5173/:0
[ 3914702ms] [ERROR] Failed to load resource: net::ERR_CONNECTION_REFUSED @ http://localhost:5173/:0
[ 3915706ms] [ERROR] Failed to load resource: net::ERR_CONNECTION_REFUSED @ http://localhost:5173/:0
[ 3916710ms] [ERROR] Failed to load resource: net::ERR_CONNECTION_REFUSED @ http://localhost:5173/:0
[ 3917712ms] [ERROR] Failed to load resource: net::ERR_CONNECTION_REFUSED @ http://localhost:5173/:0
[ 3918716ms] [ERROR] Failed to load resource: net::ERR_CONNECTION_REFUSED @ http://localhost:5173/:0
[ 3919719ms] [ERROR] Failed to load resource: net::ERR_CONNECTION_REFUSED @ http://localhost:5173/:0
[ 3920721ms] [ERROR] Failed to load resource: net::ERR_CONNECTION_REFUSED @ http://localhost:5173/:0
[ 3921724ms] [ERROR] Failed to load resource: net::ERR_CONNECTION_REFUSED @ http://localhost:5173/:0
[ 3922728ms] [ERROR] Failed to load resource: net::ERR_CONNECTION_REFUSED @ http://localhost:5173/:0
[ 3923730ms] [ERROR] Failed to load resource: net::ERR_CONNECTION_REFUSED @ http://localhost:5173/:0
[ 3924733ms] [ERROR] Failed to load resource: net::ERR_CONNECTION_REFUSED @ http://localhost:5173/:0
[ 3925735ms] [ERROR] Failed to load resource: net::ERR_CONNECTION_REFUSED @ http://localhost:5173/:0
[ 3926738ms] [ERROR] Failed to load resource: net::ERR_CONNECTION_REFUSED @ http://localhost:5173/:0
[ 3927740ms] [ERROR] Failed to load resource: net::ERR_CONNECTION_REFUSED @ http://localhost:5173/:0
[ 3928744ms] [ERROR] Failed to load resource: net::ERR_CONNECTION_REFUSED @ http://localhost:5173/:0
[ 3929754ms] [ERROR] Failed to load resource: net::ERR_CONNECTION_REFUSED @ http://localhost:5173/:0
[ 3930758ms] [ERROR] Failed to load resource: net::ERR_CONNECTION_REFUSED @ http://localhost:5173/:0
[ 3931760ms] [ERROR] Failed to load resource: net::ERR_CONNECTION_REFUSED @ http://localhost:5173/:0
[ 3932763ms] [ERROR] Failed to load resource: net::ERR_CONNECTION_REFUSED @ http://localhost:5173/:0
[ 3933765ms] [ERROR] Failed to load resource: net::ERR_CONNECTION_REFUSED @ http://localhost:5173/:0
[ 3934768ms] [ERROR] Failed to load resource: net::ERR_CONNECTION_REFUSED @ http://localhost:5173/:0
[ 3935771ms] [ERROR] Failed to load resource: net::ERR_CONNECTION_REFUSED @ http://localhost:5173/:0
[ 3936775ms] [ERROR] Failed to load resource: net::ERR_CONNECTION_REFUSED @ http://localhost:5173/:0
[ 3937778ms] [ERROR] Failed to load resource: net::ERR_CONNECTION_REFUSED @ http://localhost:5173/:0
[ 3938782ms] [ERROR] Failed to load resource: net::ERR_CONNECTION_REFUSED @ http://localhost:5173/:0
[ 3939785ms] [ERROR] Failed to load resource: net::ERR_CONNECTION_REFUSED @ http://localhost:5173/:0
[ 3940788ms] [ERROR] Failed to load resource: net::ERR_CONNECTION_REFUSED @ http://localhost:5173/:0
[ 3941791ms] [ERROR] Failed to load resource: net::ERR_CONNECTION_REFUSED @ http://localhost:5173/:0
[ 3942794ms] [ERROR] Failed to load resource: net::ERR_CONNECTION_REFUSED @ http://localhost:5173/:0
[ 3943797ms] [ERROR] Failed to load resource: net::ERR_CONNECTION_REFUSED @ http://localhost:5173/:0
[ 3944800ms] [ERROR] Failed to load resource: net::ERR_CONNECTION_REFUSED @ http://localhost:5173/:0
[ 3945802ms] [ERROR] Failed to load resource: net::ERR_CONNECTION_REFUSED @ http://localhost:5173/:0
[ 3946805ms] [ERROR] Failed to load resource: net::ERR_CONNECTION_REFUSED @ http://localhost:5173/:0
[ 3947810ms] [ERROR] Failed to load resource: net::ERR_CONNECTION_REFUSED @ http://localhost:5173/:0
[ 3948812ms] [ERROR] Failed to load resource: net::ERR_CONNECTION_REFUSED @ http://localhost:5173/:0
[ 3949816ms] [ERROR] Failed to load resource: net::ERR_CONNECTION_REFUSED @ http://localhost:5173/:0
[ 3950819ms] [ERROR] Failed to load resource: net::ERR_CONNECTION_REFUSED @ http://localhost:5173/:0
[ 3951823ms] [ERROR] Failed to load resource: net::ERR_CONNECTION_REFUSED @ http://localhost:5173/:0
[ 3952826ms] [ERROR] Failed to load resource: net::ERR_CONNECTION_REFUSED @ http://localhost:5173/:0
[ 3953829ms] [ERROR] Failed to load resource: net::ERR_CONNECTION_REFUSED @ http://localhost:5173/:0
[ 3954832ms] [ERROR] Failed to load resource: net::ERR_CONNECTION_REFUSED @ http://localhost:5173/:0
[ 3955836ms] [ERROR] Failed to load resource: net::ERR_CONNECTION_REFUSED @ http://localhost:5173/:0
[ 3956839ms] [ERROR] Failed to load resource: net::ERR_CONNECTION_REFUSED @ http://localhost:5173/:0
[ 3957842ms] [ERROR] Failed to load resource: net::ERR_CONNECTION_REFUSED @ http://localhost:5173/:0
[ 3958848ms] [ERROR] Failed to load resource: net::ERR_CONNECTION_REFUSED @ http://localhost:5173/:0
[ 3959852ms] [ERROR] Failed to load resource: net::ERR_CONNECTION_REFUSED @ http://localhost:5173/:0
[ 3960855ms] [ERROR] Failed to load resource: net::ERR_CONNECTION_REFUSED @ http://localhost:5173/:0
[ 3961857ms] [ERROR] Failed to load resource: net::ERR_CONNECTION_REFUSED @ http://localhost:5173/:0
[ 3962861ms] [ERROR] Failed to load resource: net::ERR_CONNECTION_REFUSED @ http://localhost:5173/:0
[ 3963864ms] [ERROR] Failed to load resource: net::ERR_CONNECTION_REFUSED @ http://localhost:5173/:0
[ 3964868ms] [ERROR] Failed to load resource: net::ERR_CONNECTION_REFUSED @ http://localhost:5173/:0
[ 3965870ms] [ERROR] Failed to load resource: net::ERR_CONNECTION_REFUSED @ http://localhost:5173/:0
[ 3966872ms] [ERROR] Failed to load resource: net::ERR_CONNECTION_REFUSED @ http://localhost:5173/:0
[ 3967875ms] [ERROR] Failed to load resource: net::ERR_CONNECTION_REFUSED @ http://localhost:5173/:0
[ 3968878ms] [ERROR] Failed to load resource: net::ERR_CONNECTION_REFUSED @ http://localhost:5173/:0
[ 3969881ms] [ERROR] Failed to load resource: net::ERR_CONNECTION_REFUSED @ http://localhost:5173/:0
[ 3970884ms] [ERROR] Failed to load resource: net::ERR_CONNECTION_REFUSED @ http://localhost:5173/:0
[ 3971887ms] [ERROR] Failed to load resource: net::ERR_CONNECTION_REFUSED @ http://localhost:5173/:0
[ 3972890ms] [ERROR] Failed to load resource: net::ERR_CONNECTION_REFUSED @ http://localhost:5173/:0
[ 3973895ms] [ERROR] Failed to load resource: net::ERR_CONNECTION_REFUSED @ http://localhost:5173/:0
[ 3974898ms] [ERROR] Failed to load resource: net::ERR_CONNECTION_REFUSED @ http://localhost:5173/:0
[ 3975901ms] [ERROR] Failed to load resource: net::ERR_CONNECTION_REFUSED @ http://localhost:5173/:0
[ 3976905ms] [ERROR] Failed to load resource: net::ERR_CONNECTION_REFUSED @ http://localhost:5173/:0
[ 3977909ms] [ERROR] Failed to load resource: net::ERR_CONNECTION_REFUSED @ http://localhost:5173/:0
[ 3978912ms] [ERROR] Failed to load resource: net::ERR_CONNECTION_REFUSED @ http://localhost:5173/:0
[ 3979914ms] [ERROR] Failed to load resource: net::ERR_CONNECTION_REFUSED @ http://localhost:5173/:0
[ 3980918ms] [ERROR] Failed to load resource: net::ERR_CONNECTION_REFUSED @ http://localhost:5173/:0
[ 3981921ms] [ERROR] Failed to load resource: net::ERR_CONNECTION_REFUSED @ http://localhost:5173/:0
[ 3982925ms] [ERROR] Failed to load resource: net::ERR_CONNECTION_REFUSED @ http://localhost:5173/:0
[ 3983928ms] [ERROR] Failed to load resource: net::ERR_CONNECTION_REFUSED @ http://localhost:5173/:0
[ 3984930ms] [ERROR] Failed to load resource: net::ERR_CONNECTION_REFUSED @ http://localhost:5173/:0
[ 3985935ms] [ERROR] Failed to load resource: net::ERR_CONNECTION_REFUSED @ http://localhost:5173/:0
[ 3986938ms] [ERROR] Failed to load resource: net::ERR_CONNECTION_REFUSED @ http://localhost:5173/:0
[ 3987941ms] [ERROR] Failed to load resource: net::ERR_CONNECTION_REFUSED @ http://localhost:5173/:0
[ 3988944ms] [ERROR] Failed to load resource: net::ERR_CONNECTION_REFUSED @ http://localhost:5173/:0
[ 3989947ms] [ERROR] Failed to load resource: net::ERR_CONNECTION_REFUSED @ http://localhost:5173/:0
[ 3990950ms] [ERROR] Failed to load resource: net::ERR_CONNECTION_REFUSED @ http://localhost:5173/:0
[ 3991953ms] [ERROR] Failed to load resource: net::ERR_CONNECTION_REFUSED @ http://localhost:5173/:0
[ 3992956ms] [ERROR] Failed to load resource: net::ERR_CONNECTION_REFUSED @ http://localhost:5173/:0
[ 3993959ms] [ERROR] Failed to load resource: net::ERR_CONNECTION_REFUSED @ http://localhost:5173/:0
[ 3994961ms] [ERROR] Failed to load resource: net::ERR_CONNECTION_REFUSED @ http://localhost:5173/:0
[ 3995965ms] [ERROR] Failed to load resource: net::ERR_CONNECTION_REFUSED @ http://localhost:5173/:0
[ 3996968ms] [ERROR] Failed to load resource: net::ERR_CONNECTION_REFUSED @ http://localhost:5173/:0
[ 3997974ms] [ERROR] Failed to load resource: net::ERR_CONNECTION_REFUSED @ http://localhost:5173/:0
[ 3998978ms] [ERROR] Failed to load resource: net::ERR_CONNECTION_REFUSED @ http://localhost:5173/:0
[ 3999982ms] [ERROR] Failed to load resource: net::ERR_CONNECTION_REFUSED @ http://localhost:5173/:0
[ 4000985ms] [ERROR] Failed to load resource: net::ERR_CONNECTION_REFUSED @ http://localhost:5173/:0
[ 4001989ms] [ERROR] Failed to load resource: net::ERR_CONNECTION_REFUSED @ http://localhost:5173/:0
[ 4002993ms] [ERROR] Failed to load resource: net::ERR_CONNECTION_REFUSED @ http://localhost:5173/:0
[ 4003997ms] [ERROR] Failed to load resource: net::ERR_CONNECTION_REFUSED @ http://localhost:5173/:0
[ 4005001ms] [ERROR] Failed to load resource: net::ERR_CONNECTION_REFUSED @ http://localhost:5173/:0
[ 4006004ms] [ERROR] Failed to load resource: net::ERR_CONNECTION_REFUSED @ http://localhost:5173/:0
[ 4007008ms] [ERROR] Failed to load resource: net::ERR_CONNECTION_REFUSED @ http://localhost:5173/:0
[ 4008010ms] [ERROR] Failed to load resource: net::ERR_CONNECTION_REFUSED @ http://localhost:5173/:0
[ 4009013ms] [ERROR] Failed to load resource: net::ERR_CONNECTION_REFUSED @ http://localhost:5173/:0
[ 4010015ms] [ERROR] Failed to load resource: net::ERR_CONNECTION_REFUSED @ http://localhost:5173/:0
[ 4011017ms] [ERROR] Failed to load resource: net::ERR_CONNECTION_REFUSED @ http://localhost:5173/:0
[ 4012021ms] [ERROR] Failed to load resource: net::ERR_CONNECTION_REFUSED @ http://localhost:5173/:0
[ 4013025ms] [ERROR] Failed to load resource: net::ERR_CONNECTION_REFUSED @ http://localhost:5173/:0
[ 4014027ms] [ERROR] Failed to load resource: net::ERR_CONNECTION_REFUSED @ http://localhost:5173/:0
[ 4015030ms] [ERROR] Failed to load resource: net::ERR_CONNECTION_REFUSED @ http://localhost:5173/:0
[ 4016033ms] [ERROR] Failed to load resource: net::ERR_CONNECTION_REFUSED @ http://localhost:5173/:0
[ 4017035ms] [ERROR] Failed to load resource: net::ERR_CONNECTION_REFUSED @ http://localhost:5173/:0
[ 4018038ms] [ERROR] Failed to load resource: net::ERR_CONNECTION_REFUSED @ http://localhost:5173/:0
[ 4019040ms] [ERROR] Failed to load resource: net::ERR_CONNECTION_REFUSED @ http://localhost:5173/:0
[ 4020043ms] [ERROR] Failed to load resource: net::ERR_CONNECTION_REFUSED @ http://localhost:5173/:0
[ 4021047ms] [ERROR] Failed to load resource: net::ERR_CONNECTION_REFUSED @ http://localhost:5173/:0
[ 4022050ms] [ERROR] Failed to load resource: net::ERR_CONNECTION_REFUSED @ http://localhost:5173/:0
[ 4023053ms] [ERROR] Failed to load resource: net::ERR_CONNECTION_REFUSED @ http://localhost:5173/:0
[ 4024059ms] [ERROR] Failed to load resource: net::ERR_CONNECTION_REFUSED @ http://localhost:5173/:0
[ 4025062ms] [ERROR] Failed to load resource: net::ERR_CONNECTION_REFUSED @ http://localhost:5173/:0
[ 4026064ms] [ERROR] Failed to load resource: net::ERR_CONNECTION_REFUSED @ http://localhost:5173/:0
[ 4027065ms] [ERROR] Failed to load resource: net::ERR_CONNECTION_REFUSED @ http://localhost:5173/:0
[ 4028067ms] [ERROR] Failed to load resource: net::ERR_CONNECTION_REFUSED @ http://localhost:5173/:0
[ 4029069ms] [ERROR] Failed to load resource: net::ERR_CONNECTION_REFUSED @ http://localhost:5173/:0
[ 4030071ms] [ERROR] Failed to load resource: net::ERR_CONNECTION_REFUSED @ http://localhost:5173/:0
[ 4031073ms] [ERROR] Failed to load resource: net::ERR_CONNECTION_REFUSED @ http://localhost:5173/:0
[ 4032075ms] [ERROR] Failed to load resource: net::ERR_CONNECTION_REFUSED @ http://localhost:5173/:0
[ 4033077ms] [ERROR] Failed to load resource: net::ERR_CONNECTION_REFUSED @ http://localhost:5173/:0
[ 4034079ms] [ERROR] Failed to load resource: net::ERR_CONNECTION_REFUSED @ http://localhost:5173/:0
[ 4035081ms] [ERROR] Failed to load resource: net::ERR_CONNECTION_REFUSED @ http://localhost:5173/:0
[ 4036082ms] [ERROR] Failed to load resource: net::ERR_CONNECTION_REFUSED @ http://localhost:5173/:0
[ 4037085ms] [ERROR] Failed to load resource: net::ERR_CONNECTION_REFUSED @ http://localhost:5173/:0
[ 4038089ms] [ERROR] Failed to load resource: net::ERR_CONNECTION_REFUSED @ http://localhost:5173/:0
[ 4039090ms] [ERROR] Failed to load resource: net::ERR_CONNECTION_REFUSED @ http://localhost:5173/:0
[ 4040092ms] [ERROR] Failed to load resource: net::ERR_CONNECTION_REFUSED @ http://localhost:5173/:0
[ 4041094ms] [ERROR] Failed to load resource: net::ERR_CONNECTION_REFUSED @ http://localhost:5173/:0
[ 4042097ms] [ERROR] Failed to load resource: net::ERR_CONNECTION_REFUSED @ http://localhost:5173/:0
[ 4043098ms] [ERROR] Failed to load resource: net::ERR_CONNECTION_REFUSED @ http://localhost:5173/:0
[ 4044101ms] [ERROR] Failed to load resource: net::ERR_CONNECTION_REFUSED @ http://localhost:5173/:0
[ 4045104ms] [ERROR] Failed to load resource: net::ERR_CONNECTION_REFUSED @ http://localhost:5173/:0
[ 4046105ms] [ERROR] Failed to load resource: net::ERR_CONNECTION_REFUSED @ http://localhost:5173/:0
[ 4047106ms] [ERROR] Failed to load resource: net::ERR_CONNECTION_REFUSED @ http://localhost:5173/:0
[ 4048111ms] [ERROR] Failed to load resource: net::ERR_CONNECTION_REFUSED @ http://localhost:5173/:0
[ 4049113ms] [ERROR] Failed to load resource: net::ERR_CONNECTION_REFUSED @ http://localhost:5173/:0
[ 4050114ms] [ERROR] Failed to load resource: net::ERR_CONNECTION_REFUSED @ http://localhost:5173/:0
[ 4051116ms] [ERROR] Failed to load resource: net::ERR_CONNECTION_REFUSED @ http://localhost:5173/:0
[ 4052117ms] [ERROR] Failed to load resource: net::ERR_CONNECTION_REFUSED @ http://localhost:5173/:0
[ 4053119ms] [ERROR] Failed to load resource: net::ERR_CONNECTION_REFUSED @ http://localhost:5173/:0
[ 4054123ms] [ERROR] Failed to load resource: net::ERR_CONNECTION_REFUSED @ http://localhost:5173/:0
[ 4055125ms] [ERROR] Failed to load resource: net::ERR_CONNECTION_REFUSED @ http://localhost:5173/:0
[ 4056127ms] [ERROR] Failed to load resource: net::ERR_CONNECTION_REFUSED @ http://localhost:5173/:0
[ 4057128ms] [ERROR] Failed to load resource: net::ERR_CONNECTION_REFUSED @ http://localhost:5173/:0
[ 4058131ms] [ERROR] Failed to load resource: net::ERR_CONNECTION_REFUSED @ http://localhost:5173/:0
[ 4059133ms] [ERROR] Failed to load resource: net::ERR_CONNECTION_REFUSED @ http://localhost:5173/:0
[ 4060138ms] [ERROR] Failed to load resource: net::ERR_CONNECTION_REFUSED @ http://localhost:5173/:0
[ 4061139ms] [ERROR] Failed to load resource: net::ERR_CONNECTION_REFUSED @ http://localhost:5173/:0
[ 4062142ms] [ERROR] Failed to load resource: net::ERR_CONNECTION_REFUSED @ http://localhost:5173/:0
[ 4063143ms] [ERROR] Failed to load resource: net::ERR_CONNECTION_REFUSED @ http://localhost:5173/:0
[ 4064145ms] [ERROR] Failed to load resource: net::ERR_CONNECTION_REFUSED @ http://localhost:5173/:0
[ 4065147ms] [ERROR] Failed to load resource: net::ERR_CONNECTION_REFUSED @ http://localhost:5173/:0
[ 4066149ms] [ERROR] Failed to load resource: net::ERR_CONNECTION_REFUSED @ http://localhost:5173/:0
[ 4067151ms] [ERROR] Failed to load resource: net::ERR_CONNECTION_REFUSED @ http://localhost:5173/:0
[ 4068154ms] [ERROR] Failed to load resource: net::ERR_CONNECTION_REFUSED @ http://localhost:5173/:0
[ 4069156ms] [ERROR] Failed to load resource: net::ERR_CONNECTION_REFUSED @ http://localhost:5173/:0
[ 4070158ms] [ERROR] Failed to load resource: net::ERR_CONNECTION_REFUSED @ http://localhost:5173/:0
[ 4071161ms] [ERROR] Failed to load resource: net::ERR_CONNECTION_REFUSED @ http://localhost:5173/:0
[ 4072163ms] [ERROR] Failed to load resource: net::ERR_CONNECTION_REFUSED @ http://localhost:5173/:0
[ 4073164ms] [ERROR] Failed to load resource: net::ERR_CONNECTION_REFUSED @ http://localhost:5173/:0
[ 4074168ms] [ERROR] Failed to load resource: net::ERR_CONNECTION_REFUSED @ http://localhost:5173/:0
[ 4075171ms] [ERROR] Failed to load resource: net::ERR_CONNECTION_REFUSED @ http://localhost:5173/:0
[ 4076173ms] [ERROR] Failed to load resource: net::ERR_CONNECTION_REFUSED @ http://localhost:5173/:0
[ 4077174ms] [ERROR] Failed to load resource: net::ERR_CONNECTION_REFUSED @ http://localhost:5173/:0
[ 4078176ms] [ERROR] Failed to load resource: net::ERR_CONNECTION_REFUSED @ http://localhost:5173/:0
[ 4079178ms] [ERROR] Failed to load resource: net::ERR_CONNECTION_REFUSED @ http://localhost:5173/:0
[ 4080179ms] [ERROR] Failed to load resource: net::ERR_CONNECTION_REFUSED @ http://localhost:5173/:0
[ 4081181ms] [ERROR] Failed to load resource: net::ERR_CONNECTION_REFUSED @ http://localhost:5173/:0
[ 4082184ms] [ERROR] Failed to load resource: net::ERR_CONNECTION_REFUSED @ http://localhost:5173/:0
[ 4083185ms] [ERROR] Failed to load resource: net::ERR_CONNECTION_REFUSED @ http://localhost:5173/:0
[ 4084190ms] [ERROR] Failed to load resource: net::ERR_CONNECTION_REFUSED @ http://localhost:5173/:0
[ 4085192ms] [ERROR] Failed to load resource: net::ERR_CONNECTION_REFUSED @ http://localhost:5173/:0
[ 4086193ms] [ERROR] Failed to load resource: net::ERR_CONNECTION_REFUSED @ http://localhost:5173/:0
[ 4087196ms] [ERROR] Failed to load resource: net::ERR_CONNECTION_REFUSED @ http://localhost:5173/:0
[ 4088197ms] [ERROR] Failed to load resource: net::ERR_CONNECTION_REFUSED @ http://localhost:5173/:0
[ 4089200ms] [ERROR] Failed to load resource: net::ERR_CONNECTION_REFUSED @ http://localhost:5173/:0
[ 4090202ms] [ERROR] Failed to load resource: net::ERR_CONNECTION_REFUSED @ http://localhost:5173/:0
[ 4091204ms] [ERROR] Failed to load resource: net::ERR_CONNECTION_REFUSED @ http://localhost:5173/:0
[ 4092207ms] [ERROR] Failed to load resource: net::ERR_CONNECTION_REFUSED @ http://localhost:5173/:0
[ 4093209ms] [ERROR] Failed to load resource: net::ERR_CONNECTION_REFUSED @ http://localhost:5173/:0
[ 4094211ms] [ERROR] Failed to load resource: net::ERR_CONNECTION_REFUSED @ http://localhost:5173/:0
[ 4095212ms] [ERROR] Failed to load resource: net::ERR_CONNECTION_REFUSED @ http://localhost:5173/:0
[ 4096214ms] [ERROR] Failed to load resource: net::ERR_CONNECTION_REFUSED @ http://localhost:5173/:0
[ 4097216ms] [ERROR] Failed to load resource: net::ERR_CONNECTION_REFUSED @ http://localhost:5173/:0
[ 4098218ms] [ERROR] Failed to load resource: net::ERR_CONNECTION_REFUSED @ http://localhost:5173/:0
[ 4099220ms] [ERROR] Failed to load resource: net::ERR_CONNECTION_REFUSED @ http://localhost:5173/:0
[ 4100222ms] [ERROR] Failed to load resource: net::ERR_CONNECTION_REFUSED @ http://localhost:5173/:0
[ 4101224ms] [ERROR] Failed to load resource: net::ERR_CONNECTION_REFUSED @ http://localhost:5173/:0
[ 4102227ms] [ERROR] Failed to load resource: net::ERR_CONNECTION_REFUSED @ http://localhost:5173/:0
[ 4103228ms] [ERROR] Failed to load resource: net::ERR_CONNECTION_REFUSED @ http://localhost:5173/:0
[ 4104230ms] [ERROR] Failed to load resource: net::ERR_CONNECTION_REFUSED @ http://localhost:5173/:0
[ 4105233ms] [ERROR] Failed to load resource: net::ERR_CONNECTION_REFUSED @ http://localhost:5173/:0
[ 4106235ms] [ERROR] Failed to load resource: net::ERR_CONNECTION_REFUSED @ http://localhost:5173/:0
[ 4107237ms] [ERROR] Failed to load resource: net::ERR_CONNECTION_REFUSED @ http://localhost:5173/:0
[ 4108239ms] [ERROR] Failed to load resource: net::ERR_CONNECTION_REFUSED @ http://localhost:5173/:0
[ 4109241ms] [ERROR] Failed to load resource: net::ERR_CONNECTION_REFUSED @ http://localhost:5173/:0
[ 4110243ms] [ERROR] Failed to load resource: net::ERR_CONNECTION_REFUSED @ http://localhost:5173/:0
[ 4111245ms] [ERROR] Failed to load resource: net::ERR_CONNECTION_REFUSED @ http://localhost:5173/:0
[ 4112248ms] [ERROR] Failed to load resource: net::ERR_CONNECTION_REFUSED @ http://localhost:5173/:0
[ 4113252ms] [ERROR] Failed to load resource: net::ERR_CONNECTION_REFUSED @ http://localhost:5173/:0
[ 4114254ms] [ERROR] Failed to load resource: net::ERR_CONNECTION_REFUSED @ http://localhost:5173/:0
[ 4115256ms] [ERROR] Failed to load resource: net::ERR_CONNECTION_REFUSED @ http://localhost:5173/:0
[ 4116258ms] [ERROR] Failed to load resource: net::ERR_CONNECTION_REFUSED @ http://localhost:5173/:0
[ 4117260ms] [ERROR] Failed to load resource: net::ERR_CONNECTION_REFUSED @ http://localhost:5173/:0
[ 4118262ms] [ERROR] Failed to load resource: net::ERR_CONNECTION_REFUSED @ http://localhost:5173/:0
[ 4119263ms] [ERROR] Failed to load resource: net::ERR_CONNECTION_REFUSED @ http://localhost:5173/:0
[ 4120265ms] [ERROR] Failed to load resource: net::ERR_CONNECTION_REFUSED @ http://localhost:5173/:0
[ 4121267ms] [ERROR] Failed to load resource: net::ERR_CONNECTION_REFUSED @ http://localhost:5173/:0
[ 4122272ms] [ERROR] Failed to load resource: net::ERR_CONNECTION_REFUSED @ http://localhost:5173/:0
[ 4123274ms] [ERROR] Failed to load resource: net::ERR_CONNECTION_REFUSED @ http://localhost:5173/:0
[ 4124278ms] [ERROR] Failed to load resource: net::ERR_CONNECTION_REFUSED @ http://localhost:5173/:0
[ 4125279ms] [ERROR] Failed to load resource: net::ERR_CONNECTION_REFUSED @ http://localhost:5173/:0
[ 4126282ms] [ERROR] Failed to load resource: net::ERR_CONNECTION_REFUSED @ http://localhost:5173/:0
[ 4127284ms] [ERROR] Failed to load resource: net::ERR_CONNECTION_REFUSED @ http://localhost:5173/:0
[ 4128285ms] [ERROR] Failed to load resource: net::ERR_CONNECTION_REFUSED @ http://localhost:5173/:0
[ 4129287ms] [ERROR] Failed to load resource: net::ERR_CONNECTION_REFUSED @ http://localhost:5173/:0
[ 4130289ms] [ERROR] Failed to load resource: net::ERR_CONNECTION_REFUSED @ http://localhost:5173/:0
[ 4131291ms] [ERROR] Failed to load resource: net::ERR_CONNECTION_REFUSED @ http://localhost:5173/:0
[ 4132293ms] [ERROR] Failed to load resource: net::ERR_CONNECTION_REFUSED @ http://localhost:5173/:0
[ 4133294ms] [ERROR] Failed to load resource: net::ERR_CONNECTION_REFUSED @ http://localhost:5173/:0
[ 4134296ms] [ERROR] Failed to load resource: net::ERR_CONNECTION_REFUSED @ http://localhost:5173/:0
[ 4135300ms] [ERROR] Failed to load resource: net::ERR_CONNECTION_REFUSED @ http://localhost:5173/:0
[ 4136302ms] [ERROR] Failed to load resource: net::ERR_CONNECTION_REFUSED @ http://localhost:5173/:0
[ 4137303ms] [ERROR] Failed to load resource: net::ERR_CONNECTION_REFUSED @ http://localhost:5173/:0
[ 4138306ms] [ERROR] Failed to load resource: net::ERR_CONNECTION_REFUSED @ http://localhost:5173/:0
[ 4139307ms] [ERROR] Failed to load resource: net::ERR_CONNECTION_REFUSED @ http://localhost:5173/:0
[ 4140309ms] [ERROR] Failed to load resource: net::ERR_CONNECTION_REFUSED @ http://localhost:5173/:0
[ 4141312ms] [ERROR] Failed to load resource: net::ERR_CONNECTION_REFUSED @ http://localhost:5173/:0
[ 4142314ms] [ERROR] Failed to load resource: net::ERR_CONNECTION_REFUSED @ http://localhost:5173/:0
[ 4143316ms] [ERROR] Failed to load resource: net::ERR_CONNECTION_REFUSED @ http://localhost:5173/:0
[ 4144317ms] [ERROR] Failed to load resource: net::ERR_CONNECTION_REFUSED @ http://localhost:5173/:0
[ 4145319ms] [ERROR] Failed to load resource: net::ERR_CONNECTION_REFUSED @ http://localhost:5173/:0
[ 4146320ms] [ERROR] Failed to load resource: net::ERR_CONNECTION_REFUSED @ http://localhost:5173/:0
[ 4147323ms] [ERROR] Failed to load resource: net::ERR_CONNECTION_REFUSED @ http://localhost:5173/:0
[ 4148327ms] [ERROR] Failed to load resource: net::ERR_CONNECTION_REFUSED @ http://localhost:5173/:0
[ 4149329ms] [ERROR] Failed to load resource: net::ERR_CONNECTION_REFUSED @ http://localhost:5173/:0
[ 4150331ms] [ERROR] Failed to load resource: net::ERR_CONNECTION_REFUSED @ http://localhost:5173/:0
[ 4151333ms] [ERROR] Failed to load resource: net::ERR_CONNECTION_REFUSED @ http://localhost:5173/:0
[ 4152335ms] [ERROR] Failed to load resource: net::ERR_CONNECTION_REFUSED @ http://localhost:5173/:0
[ 4153337ms] [ERROR] Failed to load resource: net::ERR_CONNECTION_REFUSED @ http://localhost:5173/:0
[ 4154339ms] [ERROR] Failed to load resource: net::ERR_CONNECTION_REFUSED @ http://localhost:5173/:0
[ 4155343ms] [ERROR] Failed to load resource: net::ERR_CONNECTION_REFUSED @ http://localhost:5173/:0
[ 4156345ms] [ERROR] Failed to load resource: net::ERR_CONNECTION_REFUSED @ http://localhost:5173/:0
[ 4157347ms] [ERROR] Failed to load resource: net::ERR_CONNECTION_REFUSED @ http://localhost:5173/:0
[ 4158350ms] [ERROR] Failed to load resource: net::ERR_CONNECTION_REFUSED @ http://localhost:5173/:0
[ 4159352ms] [ERROR] Failed to load resource: net::ERR_CONNECTION_REFUSED @ http://localhost:5173/:0
[ 4160353ms] [ERROR] Failed to load resource: net::ERR_CONNECTION_REFUSED @ http://localhost:5173/:0
[ 4161356ms] [ERROR] Failed to load resource: net::ERR_CONNECTION_REFUSED @ http://localhost:5173/:0
[ 4162358ms] [ERROR] Failed to load resource: net::ERR_CONNECTION_REFUSED @ http://localhost:5173/:0
[ 4163362ms] [ERROR] Failed to load resource: net::ERR_CONNECTION_REFUSED @ http://localhost:5173/:0
[ 4164364ms] [ERROR] Failed to load resource: net::ERR_CONNECTION_REFUSED @ http://localhost:5173/:0
[ 4165366ms] [ERROR] Failed to load resource: net::ERR_CONNECTION_REFUSED @ http://localhost:5173/:0
[ 4166369ms] [ERROR] Failed to load resource: net::ERR_CONNECTION_REFUSED @ http://localhost:5173/:0
[ 4167372ms] [ERROR] Failed to load resource: net::ERR_CONNECTION_REFUSED @ http://localhost:5173/:0
[ 4168374ms] [ERROR] Failed to load resource: net::ERR_CONNECTION_REFUSED @ http://localhost:5173/:0
[ 4169379ms] [ERROR] Failed to load resource: net::ERR_CONNECTION_REFUSED @ http://localhost:5173/:0
[ 4170382ms] [ERROR] Failed to load resource: net::ERR_CONNECTION_REFUSED @ http://localhost:5173/:0
[ 4171385ms] [ERROR] Failed to load resource: net::ERR_CONNECTION_REFUSED @ http://localhost:5173/:0
[ 4172388ms] [ERROR] Failed to load resource: net::ERR_CONNECTION_REFUSED @ http://localhost:5173/:0
[ 4173391ms] [ERROR] Failed to load resource: net::ERR_CONNECTION_REFUSED @ http://localhost:5173/:0
[ 4174393ms] [ERROR] Failed to load resource: net::ERR_CONNECTION_REFUSED @ http://localhost:5173/:0
[ 4175395ms] [ERROR] Failed to load resource: net::ERR_CONNECTION_REFUSED @ http://localhost:5173/:0
[ 4176398ms] [ERROR] Failed to load resource: net::ERR_CONNECTION_REFUSED @ http://localhost:5173/:0
[ 4177400ms] [ERROR] Failed to load resource: net::ERR_CONNECTION_REFUSED @ http://localhost:5173/:0
[ 4178402ms] [ERROR] Failed to load resource: net::ERR_CONNECTION_REFUSED @ http://localhost:5173/:0
[ 4179404ms] [ERROR] Failed to load resource: net::ERR_CONNECTION_REFUSED @ http://localhost:5173/:0
[ 4180407ms] [ERROR] Failed to load resource: net::ERR_CONNECTION_REFUSED @ http://localhost:5173/:0
[ 4181411ms] [ERROR] Failed to load resource: net::ERR_CONNECTION_REFUSED @ http://localhost:5173/:0
[ 4182414ms] [ERROR] Failed to load resource: net::ERR_CONNECTION_REFUSED @ http://localhost:5173/:0
[ 4183417ms] [ERROR] Failed to load resource: net::ERR_CONNECTION_REFUSED @ http://localhost:5173/:0
[ 4184420ms] [ERROR] Failed to load resource: net::ERR_CONNECTION_REFUSED @ http://localhost:5173/:0
[ 4185424ms] [ERROR] Failed to load resource: net::ERR_CONNECTION_REFUSED @ http://localhost:5173/:0
[ 4186426ms] [ERROR] Failed to load resource: net::ERR_CONNECTION_REFUSED @ http://localhost:5173/:0
[ 4187430ms] [ERROR] Failed to load resource: net::ERR_CONNECTION_REFUSED @ http://localhost:5173/:0
[ 4188433ms] [ERROR] Failed to load resource: net::ERR_CONNECTION_REFUSED @ http://localhost:5173/:0
[ 4189436ms] [ERROR] Failed to load resource: net::ERR_CONNECTION_REFUSED @ http://localhost:5173/:0
[ 4190439ms] [ERROR] Failed to load resource: net::ERR_CONNECTION_REFUSED @ http://localhost:5173/:0
[ 4191442ms] [ERROR] Failed to load resource: net::ERR_CONNECTION_REFUSED @ http://localhost:5173/:0
[ 4192444ms] [ERROR] Failed to load resource: net::ERR_CONNECTION_REFUSED @ http://localhost:5173/:0
[ 4193447ms] [ERROR] Failed to load resource: net::ERR_CONNECTION_REFUSED @ http://localhost:5173/:0
[ 4194449ms] [ERROR] Failed to load resource: net::ERR_CONNECTION_REFUSED @ http://localhost:5173/:0
[ 4195450ms] [ERROR] Failed to load resource: net::ERR_CONNECTION_REFUSED @ http://localhost:5173/:0
[ 4196452ms] [ERROR] Failed to load resource: net::ERR_CONNECTION_REFUSED @ http://localhost:5173/:0
[ 4197453ms] [ERROR] Failed to load resource: net::ERR_CONNECTION_REFUSED @ http://localhost:5173/:0
[ 4198454ms] [ERROR] Failed to load resource: net::ERR_CONNECTION_REFUSED @ http://localhost:5173/:0
[ 4199456ms] [ERROR] Failed to load resource: net::ERR_CONNECTION_REFUSED @ http://localhost:5173/:0
[ 4200460ms] [ERROR] Failed to load resource: net::ERR_CONNECTION_REFUSED @ http://localhost:5173/:0
[ 4201461ms] [ERROR] Failed to load resource: net::ERR_CONNECTION_REFUSED @ http://localhost:5173/:0
[ 4202463ms] [ERROR] Failed to load resource: net::ERR_CONNECTION_REFUSED @ http://localhost:5173/:0
[ 4203466ms] [ERROR] Failed to load resource: net::ERR_CONNECTION_REFUSED @ http://localhost:5173/:0
[ 4204470ms] [ERROR] Failed to load resource: net::ERR_CONNECTION_REFUSED @ http://localhost:5173/:0
[ 4205472ms] [ERROR] Failed to load resource: net::ERR_CONNECTION_REFUSED @ http://localhost:5173/:0
[ 4206476ms] [ERROR] Failed to load resource: net::ERR_CONNECTION_REFUSED @ http://localhost:5173/:0
[ 4207480ms] [ERROR] Failed to load resource: net::ERR_CONNECTION_REFUSED @ http://localhost:5173/:0
[ 4208482ms] [ERROR] Failed to load resource: net::ERR_CONNECTION_REFUSED @ http://localhost:5173/:0
[ 4209484ms] [ERROR] Failed to load resource: net::ERR_CONNECTION_REFUSED @ http://localhost:5173/:0
[ 4210491ms] [ERROR] Failed to load resource: net::ERR_CONNECTION_REFUSED @ http://localhost:5173/:0
[ 4211494ms] [ERROR] Failed to load resource: net::ERR_CONNECTION_REFUSED @ http://localhost:5173/:0
[ 4212496ms] [ERROR] Failed to load resource: net::ERR_CONNECTION_REFUSED @ http://localhost:5173/:0
[ 4213497ms] [ERROR] Failed to load resource: net::ERR_CONNECTION_REFUSED @ http://localhost:5173/:0
[ 4214500ms] [ERROR] Failed to load resource: net::ERR_CONNECTION_REFUSED @ http://localhost:5173/:0
[ 4215503ms] [ERROR] Failed to load resource: net::ERR_CONNECTION_REFUSED @ http://localhost:5173/:0
[ 4216506ms] [ERROR] Failed to load resource: net::ERR_CONNECTION_REFUSED @ http://localhost:5173/:0
[ 4217508ms] [ERROR] Failed to load resource: net::ERR_CONNECTION_REFUSED @ http://localhost:5173/:0
[ 4218511ms] [ERROR] Failed to load resource: net::ERR_CONNECTION_REFUSED @ http://localhost:5173/:0
[ 4219514ms] [ERROR] Failed to load resource: net::ERR_CONNECTION_REFUSED @ http://localhost:5173/:0
[ 4220517ms] [ERROR] Failed to load resource: net::ERR_CONNECTION_REFUSED @ http://localhost:5173/:0
[ 4221519ms] [ERROR] Failed to load resource: net::ERR_CONNECTION_REFUSED @ http://localhost:5173/:0
[ 4222523ms] [ERROR] Failed to load resource: net::ERR_CONNECTION_REFUSED @ http://localhost:5173/:0
[ 4223526ms] [ERROR] Failed to load resource: net::ERR_CONNECTION_REFUSED @ http://localhost:5173/:0
[ 4224529ms] [ERROR] Failed to load resource: net::ERR_CONNECTION_REFUSED @ http://localhost:5173/:0
[ 4225535ms] [ERROR] Failed to load resource: net::ERR_CONNECTION_REFUSED @ http://localhost:5173/:0
[ 4226537ms] [ERROR] Failed to load resource: net::ERR_CONNECTION_REFUSED @ http://localhost:5173/:0
[ 4227539ms] [ERROR] Failed to load resource: net::ERR_CONNECTION_REFUSED @ http://localhost:5173/:0
[ 4228543ms] [ERROR] Failed to load resource: net::ERR_CONNECTION_REFUSED @ http://localhost:5173/:0
[ 4229545ms] [ERROR] Failed to load resource: net::ERR_CONNECTION_REFUSED @ http://localhost:5173/:0
[ 4230548ms] [ERROR] Failed to load resource: net::ERR_CONNECTION_REFUSED @ http://localhost:5173/:0
[ 4231553ms] [ERROR] Failed to load resource: net::ERR_CONNECTION_REFUSED @ http://localhost:5173/:0
[ 4232556ms] [ERROR] Failed to load resource: net::ERR_CONNECTION_REFUSED @ http://localhost:5173/:0
[ 4233559ms] [ERROR] Failed to load resource: net::ERR_CONNECTION_REFUSED @ http://localhost:5173/:0
[ 4234563ms] [ERROR] Failed to load resource: net::ERR_CONNECTION_REFUSED @ http://localhost:5173/:0
[ 4235565ms] [ERROR] Failed to load resource: net::ERR_CONNECTION_REFUSED @ http://localhost:5173/:0
[ 4236569ms] [ERROR] Failed to load resource: net::ERR_CONNECTION_REFUSED @ http://localhost:5173/:0
[ 4237575ms] [ERROR] Failed to load resource: net::ERR_CONNECTION_REFUSED @ http://localhost:5173/:0
[ 4238578ms] [ERROR] Failed to load resource: net::ERR_CONNECTION_REFUSED @ http://localhost:5173/:0
[ 4239580ms] [ERROR] Failed to load resource: net::ERR_CONNECTION_REFUSED @ http://localhost:5173/:0
[ 4240583ms] [ERROR] Failed to load resource: net::ERR_CONNECTION_REFUSED @ http://localhost:5173/:0
[ 4241586ms] [ERROR] Failed to load resource: net::ERR_CONNECTION_REFUSED @ http://localhost:5173/:0
[ 4242589ms] [ERROR] Failed to load resource: net::ERR_CONNECTION_REFUSED @ http://localhost:5173/:0
[ 4243592ms] [ERROR] Failed to load resource: net::ERR_CONNECTION_REFUSED @ http://localhost:5173/:0
[ 4244595ms] [ERROR] Failed to load resource: net::ERR_CONNECTION_REFUSED @ http://localhost:5173/:0
[ 4245598ms] [ERROR] Failed to load resource: net::ERR_CONNECTION_REFUSED @ http://localhost:5173/:0
[ 4246601ms] [ERROR] Failed to load resource: net::ERR_CONNECTION_REFUSED @ http://localhost:5173/:0
[ 4247605ms] [ERROR] Failed to load resource: net::ERR_CONNECTION_REFUSED @ http://localhost:5173/:0
[ 4248609ms] [ERROR] Failed to load resource: net::ERR_CONNECTION_REFUSED @ http://localhost:5173/:0
[ 4249612ms] [ERROR] Failed to load resource: net::ERR_CONNECTION_REFUSED @ http://localhost:5173/:0
[ 4250615ms] [ERROR] Failed to load resource: net::ERR_CONNECTION_REFUSED @ http://localhost:5173/:0
[ 4251618ms] [ERROR] Failed to load resource: net::ERR_CONNECTION_REFUSED @ http://localhost:5173/:0
[ 4252620ms] [ERROR] Failed to load resource: net::ERR_CONNECTION_REFUSED @ http://localhost:5173/:0
[ 4253625ms] [ERROR] Failed to load resource: net::ERR_CONNECTION_REFUSED @ http://localhost:5173/:0
[ 4254628ms] [ERROR] Failed to load resource: net::ERR_CONNECTION_REFUSED @ http://localhost:5173/:0
[ 4255632ms] [ERROR] Failed to load resource: net::ERR_CONNECTION_REFUSED @ http://localhost:5173/:0
[ 4256635ms] [ERROR] Failed to load resource: net::ERR_CONNECTION_REFUSED @ http://localhost:5173/:0
[ 4257637ms] [ERROR] Failed to load resource: net::ERR_CONNECTION_REFUSED @ http://localhost:5173/:0
[ 4258640ms] [ERROR] Failed to load resource: net::ERR_CONNECTION_REFUSED @ http://localhost:5173/:0
[ 4259643ms] [ERROR] Failed to load resource: net::ERR_CONNECTION_REFUSED @ http://localhost:5173/:0
[ 4260646ms] [ERROR] Failed to load resource: net::ERR_CONNECTION_REFUSED @ http://localhost:5173/:0
[ 4261648ms] [ERROR] Failed to load resource: net::ERR_CONNECTION_REFUSED @ http://localhost:5173/:0
[ 4262651ms] [ERROR] Failed to load resource: net::ERR_CONNECTION_REFUSED @ http://localhost:5173/:0
[ 4263653ms] [ERROR] Failed to load resource: net::ERR_CONNECTION_REFUSED @ http://localhost:5173/:0
[ 4264656ms] [ERROR] Failed to load resource: net::ERR_CONNECTION_REFUSED @ http://localhost:5173/:0
[ 4265659ms] [ERROR] Failed to load resource: net::ERR_CONNECTION_REFUSED @ http://localhost:5173/:0
[ 4266662ms] [ERROR] Failed to load resource: net::ERR_CONNECTION_REFUSED @ http://localhost:5173/:0
[ 4267666ms] [ERROR] Failed to load resource: net::ERR_CONNECTION_REFUSED @ http://localhost:5173/:0
[ 4268670ms] [ERROR] Failed to load resource: net::ERR_CONNECTION_REFUSED @ http://localhost:5173/:0
[ 4269672ms] [ERROR] Failed to load resource: net::ERR_CONNECTION_REFUSED @ http://localhost:5173/:0
[ 4270675ms] [ERROR] Failed to load resource: net::ERR_CONNECTION_REFUSED @ http://localhost:5173/:0
[ 4271679ms] [ERROR] Failed to load resource: net::ERR_CONNECTION_REFUSED @ http://localhost:5173/:0
[ 4272683ms] [ERROR] Failed to load resource: net::ERR_CONNECTION_REFUSED @ http://localhost:5173/:0
[ 4273686ms] [ERROR] Failed to load resource: net::ERR_CONNECTION_REFUSED @ http://localhost:5173/:0
[ 4274690ms] [ERROR] Failed to load resource: net::ERR_CONNECTION_REFUSED @ http://localhost:5173/:0
[ 4275691ms] [ERROR] Failed to load resource: net::ERR_CONNECTION_REFUSED @ http://localhost:5173/:0
[ 4276695ms] [ERROR] Failed to load resource: net::ERR_CONNECTION_REFUSED @ http://localhost:5173/:0
[ 4277697ms] [ERROR] Failed to load resource: net::ERR_CONNECTION_REFUSED @ http://localhost:5173/:0
[ 4278701ms] [ERROR] Failed to load resource: net::ERR_CONNECTION_REFUSED @ http://localhost:5173/:0
[ 4279704ms] [ERROR] Failed to load resource: net::ERR_CONNECTION_REFUSED @ http://localhost:5173/:0
[ 4280708ms] [ERROR] Failed to load resource: net::ERR_CONNECTION_REFUSED @ http://localhost:5173/:0
[ 4281711ms] [ERROR] Failed to load resource: net::ERR_CONNECTION_REFUSED @ http://localhost:5173/:0
[ 4282714ms] [ERROR] Failed to load resource: net::ERR_CONNECTION_REFUSED @ http://localhost:5173/:0
[ 4283716ms] [ERROR] Failed to load resource: net::ERR_CONNECTION_REFUSED @ http://localhost:5173/:0
[ 4284719ms] [ERROR] Failed to load resource: net::ERR_CONNECTION_REFUSED @ http://localhost:5173/:0
[ 4285721ms] [ERROR] Failed to load resource: net::ERR_CONNECTION_REFUSED @ http://localhost:5173/:0
[ 4286725ms] [ERROR] Failed to load resource: net::ERR_CONNECTION_REFUSED @ http://localhost:5173/:0
[ 4287729ms] [ERROR] Failed to load resource: net::ERR_CONNECTION_REFUSED @ http://localhost:5173/:0
[ 4288732ms] [ERROR] Failed to load resource: net::ERR_CONNECTION_REFUSED @ http://localhost:5173/:0
[ 4289735ms] [ERROR] Failed to load resource: net::ERR_CONNECTION_REFUSED @ http://localhost:5173/:0
[ 4290739ms] [ERROR] Failed to load resource: net::ERR_CONNECTION_REFUSED @ http://localhost:5173/:0
[ 4291741ms] [ERROR] Failed to load resource: net::ERR_CONNECTION_REFUSED @ http://localhost:5173/:0
[ 4292744ms] [ERROR] Failed to load resource: net::ERR_CONNECTION_REFUSED @ http://localhost:5173/:0
[ 4293747ms] [ERROR] Failed to load resource: net::ERR_CONNECTION_REFUSED @ http://localhost:5173/:0
[ 4294751ms] [ERROR] Failed to load resource: net::ERR_CONNECTION_REFUSED @ http://localhost:5173/:0
[ 4295754ms] [ERROR] Failed to load resource: net::ERR_CONNECTION_REFUSED @ http://localhost:5173/:0
[ 4296756ms] [ERROR] Failed to load resource: net::ERR_CONNECTION_REFUSED @ http://localhost:5173/:0
[ 4297759ms] [ERROR] Failed to load resource: net::ERR_CONNECTION_REFUSED @ http://localhost:5173/:0
[ 4298763ms] [ERROR] Failed to load resource: net::ERR_CONNECTION_REFUSED @ http://localhost:5173/:0
[ 4299765ms] [ERROR] Failed to load resource: net::ERR_CONNECTION_REFUSED @ http://localhost:5173/:0
[ 4300767ms] [ERROR] Failed to load resource: net::ERR_CONNECTION_REFUSED @ http://localhost:5173/:0
[ 4301771ms] [ERROR] Failed to load resource: net::ERR_CONNECTION_REFUSED @ http://localhost:5173/:0
[ 4302775ms] [ERROR] Failed to load resource: net::ERR_CONNECTION_REFUSED @ http://localhost:5173/:0
[ 4303777ms] [ERROR] Failed to load resource: net::ERR_CONNECTION_REFUSED @ http://localhost:5173/:0
[ 4304782ms] [ERROR] Failed to load resource: net::ERR_CONNECTION_REFUSED @ http://localhost:5173/:0
[ 4305785ms] [ERROR] Failed to load resource: net::ERR_CONNECTION_REFUSED @ http://localhost:5173/:0
[ 4306789ms] [ERROR] Failed to load resource: net::ERR_CONNECTION_REFUSED @ http://localhost:5173/:0
[ 4307792ms] [ERROR] Failed to load resource: net::ERR_CONNECTION_REFUSED @ http://localhost:5173/:0
[ 4308796ms] [ERROR] Failed to load resource: net::ERR_CONNECTION_REFUSED @ http://localhost:5173/:0
[ 4309799ms] [ERROR] Failed to load resource: net::ERR_CONNECTION_REFUSED @ http://localhost:5173/:0
[ 4310806ms] [ERROR] Failed to load resource: net::ERR_CONNECTION_REFUSED @ http://localhost:5173/:0
[ 4311809ms] [ERROR] Failed to load resource: net::ERR_CONNECTION_REFUSED @ http://localhost:5173/:0
[ 4312813ms] [ERROR] Failed to load resource: net::ERR_CONNECTION_REFUSED @ http://localhost:5173/:0
[ 4313817ms] [ERROR] Failed to load resource: net::ERR_CONNECTION_REFUSED @ http://localhost:5173/:0
[ 4314821ms] [ERROR] Failed to load resource: net::ERR_CONNECTION_REFUSED @ http://localhost:5173/:0
[ 4315825ms] [ERROR] Failed to load resource: net::ERR_CONNECTION_REFUSED @ http://localhost:5173/:0
[ 4316828ms] [ERROR] Failed to load resource: net::ERR_CONNECTION_REFUSED @ http://localhost:5173/:0
[ 4317832ms] [ERROR] Failed to load resource: net::ERR_CONNECTION_REFUSED @ http://localhost:5173/:0
[ 4318835ms] [ERROR] Failed to load resource: net::ERR_CONNECTION_REFUSED @ http://localhost:5173/:0
[ 4319839ms] [ERROR] Failed to load resource: net::ERR_CONNECTION_REFUSED @ http://localhost:5173/:0
[ 4320843ms] [ERROR] Failed to load resource: net::ERR_CONNECTION_REFUSED @ http://localhost:5173/:0
[ 4321846ms] [ERROR] Failed to load resource: net::ERR_CONNECTION_REFUSED @ http://localhost:5173/:0
[ 4322849ms] [ERROR] Failed to load resource: net::ERR_CONNECTION_REFUSED @ http://localhost:5173/:0
[ 4323853ms] [ERROR] Failed to load resource: net::ERR_CONNECTION_REFUSED @ http://localhost:5173/:0
[ 4324856ms] [ERROR] Failed to load resource: net::ERR_CONNECTION_REFUSED @ http://localhost:5173/:0
[ 4325859ms] [ERROR] Failed to load resource: net::ERR_CONNECTION_REFUSED @ http://localhost:5173/:0
[ 4326862ms] [ERROR] Failed to load resource: net::ERR_CONNECTION_REFUSED @ http://localhost:5173/:0
[ 4327865ms] [ERROR] Failed to load resource: net::ERR_CONNECTION_REFUSED @ http://localhost:5173/:0
[ 4328869ms] [ERROR] Failed to load resource: net::ERR_CONNECTION_REFUSED @ http://localhost:5173/:0
[ 4329873ms] [ERROR] Failed to load resource: net::ERR_CONNECTION_REFUSED @ http://localhost:5173/:0
[ 4330876ms] [ERROR] Failed to load resource: net::ERR_CONNECTION_REFUSED @ http://localhost:5173/:0
[ 4331879ms] [ERROR] Failed to load resource: net::ERR_CONNECTION_REFUSED @ http://localhost:5173/:0
[ 4332882ms] [ERROR] Failed to load resource: net::ERR_CONNECTION_REFUSED @ http://localhost:5173/:0
[ 4333885ms] [ERROR] Failed to load resource: net::ERR_CONNECTION_REFUSED @ http://localhost:5173/:0
[ 4334889ms] [ERROR] Failed to load resource: net::ERR_CONNECTION_REFUSED @ http://localhost:5173/:0
[ 4335893ms] [ERROR] Failed to load resource: net::ERR_CONNECTION_REFUSED @ http://localhost:5173/:0
[ 4336897ms] [ERROR] Failed to load resource: net::ERR_CONNECTION_REFUSED @ http://localhost:5173/:0
[ 4337901ms] [ERROR] Failed to load resource: net::ERR_CONNECTION_REFUSED @ http://localhost:5173/:0
[ 4338907ms] [ERROR] Failed to load resource: net::ERR_CONNECTION_REFUSED @ http://localhost:5173/:0
[ 4339910ms] [ERROR] Failed to load resource: net::ERR_CONNECTION_REFUSED @ http://localhost:5173/:0
[ 4340913ms] [ERROR] Failed to load resource: net::ERR_CONNECTION_REFUSED @ http://localhost:5173/:0
[ 4341917ms] [ERROR] Failed to load resource: net::ERR_CONNECTION_REFUSED @ http://localhost:5173/:0
[ 4342920ms] [ERROR] Failed to load resource: net::ERR_CONNECTION_REFUSED @ http://localhost:5173/:0
[ 4343924ms] [ERROR] Failed to load resource: net::ERR_CONNECTION_REFUSED @ http://localhost:5173/:0
[ 4344930ms] [ERROR] Failed to load resource: net::ERR_CONNECTION_REFUSED @ http://localhost:5173/:0
[ 4345932ms] [ERROR] Failed to load resource: net::ERR_CONNECTION_REFUSED @ http://localhost:5173/:0
[ 4346935ms] [ERROR] Failed to load resource: net::ERR_CONNECTION_REFUSED @ http://localhost:5173/:0
[ 4347938ms] [ERROR] Failed to load resource: net::ERR_CONNECTION_REFUSED @ http://localhost:5173/:0
[ 4348941ms] [ERROR] Failed to load resource: net::ERR_CONNECTION_REFUSED @ http://localhost:5173/:0
[ 4349945ms] [ERROR] Failed to load resource: net::ERR_CONNECTION_REFUSED @ http://localhost:5173/:0
[ 4350951ms] [ERROR] Failed to load resource: net::ERR_CONNECTION_REFUSED @ http://localhost:5173/:0
[ 4351954ms] [ERROR] Failed to load resource: net::ERR_CONNECTION_REFUSED @ http://localhost:5173/:0
[ 4352957ms] [ERROR] Failed to load resource: net::ERR_CONNECTION_REFUSED @ http://localhost:5173/:0
[ 4353960ms] [ERROR] Failed to load resource: net::ERR_CONNECTION_REFUSED @ http://localhost:5173/:0
[ 4354963ms] [ERROR] Failed to load resource: net::ERR_CONNECTION_REFUSED @ http://localhost:5173/:0
[ 4355966ms] [ERROR] Failed to load resource: net::ERR_CONNECTION_REFUSED @ http://localhost:5173/:0
[ 4356969ms] [ERROR] Failed to load resource: net::ERR_CONNECTION_REFUSED @ http://localhost:5173/:0
[ 4357972ms] [ERROR] Failed to load resource: net::ERR_CONNECTION_REFUSED @ http://localhost:5173/:0
[ 4358976ms] [ERROR] Failed to load resource: net::ERR_CONNECTION_REFUSED @ http://localhost:5173/:0
[ 4359979ms] [ERROR] Failed to load resource: net::ERR_CONNECTION_REFUSED @ http://localhost:5173/:0
[ 4360983ms] [ERROR] Failed to load resource: net::ERR_CONNECTION_REFUSED @ http://localhost:5173/:0
[ 4361986ms] [ERROR] Failed to load resource: net::ERR_CONNECTION_REFUSED @ http://localhost:5173/:0
[ 4362989ms] [ERROR] Failed to load resource: net::ERR_CONNECTION_REFUSED @ http://localhost:5173/:0
[ 4363994ms] [ERROR] Failed to load resource: net::ERR_CONNECTION_REFUSED @ http://localhost:5173/:0
[ 4364998ms] [ERROR] Failed to load resource: net::ERR_CONNECTION_REFUSED @ http://localhost:5173/:0
[ 4366001ms] [ERROR] Failed to load resource: net::ERR_CONNECTION_REFUSED @ http://localhost:5173/:0
[ 4367005ms] [ERROR] Failed to load resource: net::ERR_CONNECTION_REFUSED @ http://localhost:5173/:0
[ 4368008ms] [ERROR] Failed to load resource: net::ERR_CONNECTION_REFUSED @ http://localhost:5173/:0
[ 4369011ms] [ERROR] Failed to load resource: net::ERR_CONNECTION_REFUSED @ http://localhost:5173/:0
[ 4370014ms] [ERROR] Failed to load resource: net::ERR_CONNECTION_REFUSED @ http://localhost:5173/:0
[ 4371017ms] [ERROR] Failed to load resource: net::ERR_CONNECTION_REFUSED @ http://localhost:5173/:0
[ 4372019ms] [ERROR] Failed to load resource: net::ERR_CONNECTION_REFUSED @ http://localhost:5173/:0
[ 4373023ms] [ERROR] Failed to load resource: net::ERR_CONNECTION_REFUSED @ http://localhost:5173/:0
[ 4374025ms] [ERROR] Failed to load resource: net::ERR_CONNECTION_REFUSED @ http://localhost:5173/:0
[ 4375027ms] [ERROR] Failed to load resource: net::ERR_CONNECTION_REFUSED @ http://localhost:5173/:0
[ 4376030ms] [ERROR] Failed to load resource: net::ERR_CONNECTION_REFUSED @ http://localhost:5173/:0
[ 4377033ms] [ERROR] Failed to load resource: net::ERR_CONNECTION_REFUSED @ http://localhost:5173/:0
[ 4378035ms] [ERROR] Failed to load resource: net::ERR_CONNECTION_REFUSED @ http://localhost:5173/:0
[ 4379038ms] [ERROR] Failed to load resource: net::ERR_CONNECTION_REFUSED @ http://localhost:5173/:0
[ 4380042ms] [ERROR] Failed to load resource: net::ERR_CONNECTION_REFUSED @ http://localhost:5173/:0
[ 4381045ms] [ERROR] Failed to load resource: net::ERR_CONNECTION_REFUSED @ http://localhost:5173/:0
[ 4382047ms] [ERROR] Failed to load resource: net::ERR_CONNECTION_REFUSED @ http://localhost:5173/:0
[ 4383050ms] [ERROR] Failed to load resource: net::ERR_CONNECTION_REFUSED @ http://localhost:5173/:0
[ 4384053ms] [ERROR] Failed to load resource: net::ERR_CONNECTION_REFUSED @ http://localhost:5173/:0
[ 4385055ms] [ERROR] Failed to load resource: net::ERR_CONNECTION_REFUSED @ http://localhost:5173/:0
[ 4386058ms] [ERROR] Failed to load resource: net::ERR_CONNECTION_REFUSED @ http://localhost:5173/:0
[ 4387062ms] [ERROR] Failed to load resource: net::ERR_CONNECTION_REFUSED @ http://localhost:5173/:0
[ 4388066ms] [ERROR] Failed to load resource: net::ERR_CONNECTION_REFUSED @ http://localhost:5173/:0
[ 4389069ms] [ERROR] Failed to load resource: net::ERR_CONNECTION_REFUSED @ http://localhost:5173/:0
[ 4390072ms] [ERROR] Failed to load resource: net::ERR_CONNECTION_REFUSED @ http://localhost:5173/:0
[ 4391075ms] [ERROR] Failed to load resource: net::ERR_CONNECTION_REFUSED @ http://localhost:5173/:0
[ 4392080ms] [ERROR] Failed to load resource: net::ERR_CONNECTION_REFUSED @ http://localhost:5173/:0
[ 4393084ms] [ERROR] Failed to load resource: net::ERR_CONNECTION_REFUSED @ http://localhost:5173/:0
[ 4394086ms] [ERROR] Failed to load resource: net::ERR_CONNECTION_REFUSED @ http://localhost:5173/:0
[ 4395088ms] [ERROR] Failed to load resource: net::ERR_CONNECTION_REFUSED @ http://localhost:5173/:0
[ 4396092ms] [ERROR] Failed to load resource: net::ERR_CONNECTION_REFUSED @ http://localhost:5173/:0
[ 4397095ms] [ERROR] Failed to load resource: net::ERR_CONNECTION_REFUSED @ http://localhost:5173/:0
[ 4398098ms] [ERROR] Failed to load resource: net::ERR_CONNECTION_REFUSED @ http://localhost:5173/:0
[ 4399101ms] [ERROR] Failed to load resource: net::ERR_CONNECTION_REFUSED @ http://localhost:5173/:0
[ 4400105ms] [ERROR] Failed to load resource: net::ERR_CONNECTION_REFUSED @ http://localhost:5173/:0
[ 4401108ms] [ERROR] Failed to load resource: net::ERR_CONNECTION_REFUSED @ http://localhost:5173/:0
[ 4402110ms] [ERROR] Failed to load resource: net::ERR_CONNECTION_REFUSED @ http://localhost:5173/:0
[ 4403112ms] [ERROR] Failed to load resource: net::ERR_CONNECTION_REFUSED @ http://localhost:5173/:0
[ 4404118ms] [ERROR] Failed to load resource: net::ERR_CONNECTION_REFUSED @ http://localhost:5173/:0
[ 4405122ms] [ERROR] Failed to load resource: net::ERR_CONNECTION_REFUSED @ http://localhost:5173/:0
[ 4406125ms] [ERROR] Failed to load resource: net::ERR_CONNECTION_REFUSED @ http://localhost:5173/:0
[ 4407128ms] [ERROR] Failed to load resource: net::ERR_CONNECTION_REFUSED @ http://localhost:5173/:0
[ 4408132ms] [ERROR] Failed to load resource: net::ERR_CONNECTION_REFUSED @ http://localhost:5173/:0
[ 4409136ms] [ERROR] Failed to load resource: net::ERR_CONNECTION_REFUSED @ http://localhost:5173/:0
[ 4410138ms] [ERROR] Failed to load resource: net::ERR_CONNECTION_REFUSED @ http://localhost:5173/:0
[ 4411144ms] [ERROR] Failed to load resource: net::ERR_CONNECTION_REFUSED @ http://localhost:5173/:0
[ 4412146ms] [ERROR] Failed to load resource: net::ERR_CONNECTION_REFUSED @ http://localhost:5173/:0
[ 4413149ms] [ERROR] Failed to load resource: net::ERR_CONNECTION_REFUSED @ http://localhost:5173/:0
[ 4414154ms] [ERROR] Failed to load resource: net::ERR_CONNECTION_REFUSED @ http://localhost:5173/:0
[ 4415158ms] [ERROR] Failed to load resource: net::ERR_CONNECTION_REFUSED @ http://localhost:5173/:0
[ 4416162ms] [ERROR] Failed to load resource: net::ERR_CONNECTION_REFUSED @ http://localhost:5173/:0
[ 4417166ms] [ERROR] Failed to load resource: net::ERR_CONNECTION_REFUSED @ http://localhost:5173/:0
[ 4418172ms] [ERROR] Failed to load resource: net::ERR_CONNECTION_REFUSED @ http://localhost:5173/:0
[ 4419175ms] [ERROR] Failed to load resource: net::ERR_CONNECTION_REFUSED @ http://localhost:5173/:0
[ 4420178ms] [ERROR] Failed to load resource: net::ERR_CONNECTION_REFUSED @ http://localhost:5173/:0
[ 4421180ms] [ERROR] Failed to load resource: net::ERR_CONNECTION_REFUSED @ http://localhost:5173/:0
[ 4422183ms] [ERROR] Failed to load resource: net::ERR_CONNECTION_REFUSED @ http://localhost:5173/:0
[ 4423185ms] [ERROR] Failed to load resource: net::ERR_CONNECTION_REFUSED @ http://localhost:5173/:0
[ 4424188ms] [ERROR] Failed to load resource: net::ERR_CONNECTION_REFUSED @ http://localhost:5173/:0
[ 4425190ms] [ERROR] Failed to load resource: net::ERR_CONNECTION_REFUSED @ http://localhost:5173/:0
[ 4426193ms] [ERROR] Failed to load resource: net::ERR_CONNECTION_REFUSED @ http://localhost:5173/:0
[ 4427196ms] [ERROR] Failed to load resource: net::ERR_CONNECTION_REFUSED @ http://localhost:5173/:0
[ 4428202ms] [ERROR] Failed to load resource: net::ERR_CONNECTION_REFUSED @ http://localhost:5173/:0
[ 4429205ms] [ERROR] Failed to load resource: net::ERR_CONNECTION_REFUSED @ http://localhost:5173/:0
[ 4430207ms] [ERROR] Failed to load resource: net::ERR_CONNECTION_REFUSED @ http://localhost:5173/:0
[ 4431210ms] [ERROR] Failed to load resource: net::ERR_CONNECTION_REFUSED @ http://localhost:5173/:0
[ 4432213ms] [ERROR] Failed to load resource: net::ERR_CONNECTION_REFUSED @ http://localhost:5173/:0
[ 4433217ms] [ERROR] Failed to load resource: net::ERR_CONNECTION_REFUSED @ http://localhost:5173/:0
[ 4434222ms] [ERROR] Failed to load resource: net::ERR_CONNECTION_REFUSED @ http://localhost:5173/:0
[ 4435224ms] [ERROR] Failed to load resource: net::ERR_CONNECTION_REFUSED @ http://localhost:5173/:0
[ 4436228ms] [ERROR] Failed to load resource: net::ERR_CONNECTION_REFUSED @ http://localhost:5173/:0
[ 4437231ms] [ERROR] Failed to load resource: net::ERR_CONNECTION_REFUSED @ http://localhost:5173/:0
[ 4438233ms] [ERROR] Failed to load resource: net::ERR_CONNECTION_REFUSED @ http://localhost:5173/:0
[ 4439237ms] [ERROR] Failed to load resource: net::ERR_CONNECTION_REFUSED @ http://localhost:5173/:0
[ 4440240ms] [ERROR] Failed to load resource: net::ERR_CONNECTION_REFUSED @ http://localhost:5173/:0
[ 4441242ms] [ERROR] Failed to load resource: net::ERR_CONNECTION_REFUSED @ http://localhost:5173/:0
[ 4442247ms] [ERROR] Failed to load resource: net::ERR_CONNECTION_REFUSED @ http://localhost:5173/:0
[ 4443249ms] [ERROR] Failed to load resource: net::ERR_CONNECTION_REFUSED @ http://localhost:5173/:0
[ 4444251ms] [ERROR] Failed to load resource: net::ERR_CONNECTION_REFUSED @ http://localhost:5173/:0
[ 4445255ms] [ERROR] Failed to load resource: net::ERR_CONNECTION_REFUSED @ http://localhost:5173/:0
[ 4446258ms] [ERROR] Failed to load resource: net::ERR_CONNECTION_REFUSED @ http://localhost:5173/:0
[ 4447262ms] [ERROR] Failed to load resource: net::ERR_CONNECTION_REFUSED @ http://localhost:5173/:0
[ 4448263ms] [ERROR] Failed to load resource: net::ERR_CONNECTION_REFUSED @ http://localhost:5173/:0
[ 4449267ms] [ERROR] Failed to load resource: net::ERR_CONNECTION_REFUSED @ http://localhost:5173/:0
[ 4450272ms] [ERROR] Failed to load resource: net::ERR_CONNECTION_REFUSED @ http://localhost:5173/:0
[ 4451274ms] [ERROR] Failed to load resource: net::ERR_CONNECTION_REFUSED @ http://localhost:5173/:0
[ 4452277ms] [ERROR] Failed to load resource: net::ERR_CONNECTION_REFUSED @ http://localhost:5173/:0
[ 4453281ms] [ERROR] Failed to load resource: net::ERR_CONNECTION_REFUSED @ http://localhost:5173/:0
[ 4454285ms] [ERROR] Failed to load resource: net::ERR_CONNECTION_REFUSED @ http://localhost:5173/:0
[ 4455289ms] [ERROR] Failed to load resource: net::ERR_CONNECTION_REFUSED @ http://localhost:5173/:0
[ 4456292ms] [ERROR] Failed to load resource: net::ERR_CONNECTION_REFUSED @ http://localhost:5173/:0
[ 4457295ms] [ERROR] Failed to load resource: net::ERR_CONNECTION_REFUSED @ http://localhost:5173/:0
[ 4458299ms] [ERROR] Failed to load resource: net::ERR_CONNECTION_REFUSED @ http://localhost:5173/:0
[ 4459303ms] [ERROR] Failed to load resource: net::ERR_CONNECTION_REFUSED @ http://localhost:5173/:0
[ 4460305ms] [ERROR] Failed to load resource: net::ERR_CONNECTION_REFUSED @ http://localhost:5173/:0
[ 4461309ms] [ERROR] Failed to load resource: net::ERR_CONNECTION_REFUSED @ http://localhost:5173/:0
[ 4462312ms] [ERROR] Failed to load resource: net::ERR_CONNECTION_REFUSED @ http://localhost:5173/:0
[ 4463315ms] [ERROR] Failed to load resource: net::ERR_CONNECTION_REFUSED @ http://localhost:5173/:0
[ 4464319ms] [ERROR] Failed to load resource: net::ERR_CONNECTION_REFUSED @ http://localhost:5173/:0
[ 4465323ms] [ERROR] Failed to load resource: net::ERR_CONNECTION_REFUSED @ http://localhost:5173/:0
[ 4466326ms] [ERROR] Failed to load resource: net::ERR_CONNECTION_REFUSED @ http://localhost:5173/:0
[ 4467330ms] [ERROR] Failed to load resource: net::ERR_CONNECTION_REFUSED @ http://localhost:5173/:0
[ 4468333ms] [ERROR] Failed to load resource: net::ERR_CONNECTION_REFUSED @ http://localhost:5173/:0
[ 4469337ms] [ERROR] Failed to load resource: net::ERR_CONNECTION_REFUSED @ http://localhost:5173/:0
[ 4470339ms] [ERROR] Failed to load resource: net::ERR_CONNECTION_REFUSED @ http://localhost:5173/:0
[ 4471343ms] [ERROR] Failed to load resource: net::ERR_CONNECTION_REFUSED @ http://localhost:5173/:0
[ 4472346ms] [ERROR] Failed to load resource: net::ERR_CONNECTION_REFUSED @ http://localhost:5173/:0
[ 4473350ms] [ERROR] Failed to load resource: net::ERR_CONNECTION_REFUSED @ http://localhost:5173/:0
[ 4474354ms] [ERROR] Failed to load resource: net::ERR_CONNECTION_REFUSED @ http://localhost:5173/:0
[ 4475358ms] [ERROR] Failed to load resource: net::ERR_CONNECTION_REFUSED @ http://localhost:5173/:0
[ 4476363ms] [ERROR] Failed to load resource: net::ERR_CONNECTION_REFUSED @ http://localhost:5173/:0
[ 4477367ms] [ERROR] Failed to load resource: net::ERR_CONNECTION_REFUSED @ http://localhost:5173/:0
[ 4478370ms] [ERROR] Failed to load resource: net::ERR_CONNECTION_REFUSED @ http://localhost:5173/:0
[ 4479374ms] [ERROR] Failed to load resource: net::ERR_CONNECTION_REFUSED @ http://localhost:5173/:0
[ 4480377ms] [ERROR] Failed to load resource: net::ERR_CONNECTION_REFUSED @ http://localhost:5173/:0
[ 4481381ms] [ERROR] Failed to load resource: net::ERR_CONNECTION_REFUSED @ http://localhost:5173/:0
[ 4482384ms] [ERROR] Failed to load resource: net::ERR_CONNECTION_REFUSED @ http://localhost:5173/:0
[ 4483388ms] [ERROR] Failed to load resource: net::ERR_CONNECTION_REFUSED @ http://localhost:5173/:0
[ 4484392ms] [ERROR] Failed to load resource: net::ERR_CONNECTION_REFUSED @ http://localhost:5173/:0
[ 4485395ms] [ERROR] Failed to load resource: net::ERR_CONNECTION_REFUSED @ http://localhost:5173/:0
[ 4486398ms] [ERROR] Failed to load resource: net::ERR_CONNECTION_REFUSED @ http://localhost:5173/:0
[ 4487402ms] [ERROR] Failed to load resource: net::ERR_CONNECTION_REFUSED @ http://localhost:5173/:0
[ 4488405ms] [ERROR] Failed to load resource: net::ERR_CONNECTION_REFUSED @ http://localhost:5173/:0
[ 4489410ms] [ERROR] Failed to load resource: net::ERR_CONNECTION_REFUSED @ http://localhost:5173/:0
[ 4490413ms] [ERROR] Failed to load resource: net::ERR_CONNECTION_REFUSED @ http://localhost:5173/:0
[ 4491416ms] [ERROR] Failed to load resource: net::ERR_CONNECTION_REFUSED @ http://localhost:5173/:0
[ 4492420ms] [ERROR] Failed to load resource: net::ERR_CONNECTION_REFUSED @ http://localhost:5173/:0
[ 4493422ms] [ERROR] Failed to load resource: net::ERR_CONNECTION_REFUSED @ http://localhost:5173/:0
[ 4494425ms] [ERROR] Failed to load resource: net::ERR_CONNECTION_REFUSED @ http://localhost:5173/:0
[ 4495429ms] [ERROR] Failed to load resource: net::ERR_CONNECTION_REFUSED @ http://localhost:5173/:0
[ 4496432ms] [ERROR] Failed to load resource: net::ERR_CONNECTION_REFUSED @ http://localhost:5173/:0
[ 4497435ms] [ERROR] Failed to load resource: net::ERR_CONNECTION_REFUSED @ http://localhost:5173/:0
[ 4498438ms] [ERROR] Failed to load resource: net::ERR_CONNECTION_REFUSED @ http://localhost:5173/:0
[ 4499441ms] [ERROR] Failed to load resource: net::ERR_CONNECTION_REFUSED @ http://localhost:5173/:0
[ 4500445ms] [ERROR] Failed to load resource: net::ERR_CONNECTION_REFUSED @ http://localhost:5173/:0
[ 4501449ms] [ERROR] Failed to load resource: net::ERR_CONNECTION_REFUSED @ http://localhost:5173/:0
[ 4502452ms] [ERROR] Failed to load resource: net::ERR_CONNECTION_REFUSED @ http://localhost:5173/:0
[ 4503459ms] [ERROR] Failed to load resource: net::ERR_CONNECTION_REFUSED @ http://localhost:5173/:0
[ 4504461ms] [ERROR] Failed to load resource: net::ERR_CONNECTION_REFUSED @ http://localhost:5173/:0
[ 4505464ms] [ERROR] Failed to load resource: net::ERR_CONNECTION_REFUSED @ http://localhost:5173/:0
[ 4506467ms] [ERROR] Failed to load resource: net::ERR_CONNECTION_REFUSED @ http://localhost:5173/:0
[ 4507469ms] [ERROR] Failed to load resource: net::ERR_CONNECTION_REFUSED @ http://localhost:5173/:0
[ 4508473ms] [ERROR] Failed to load resource: net::ERR_CONNECTION_REFUSED @ http://localhost:5173/:0
[ 4509477ms] [ERROR] Failed to load resource: net::ERR_CONNECTION_REFUSED @ http://localhost:5173/:0
[ 4510480ms] [ERROR] Failed to load resource: net::ERR_CONNECTION_REFUSED @ http://localhost:5173/:0
[ 4511482ms] [ERROR] Failed to load resource: net::ERR_CONNECTION_REFUSED @ http://localhost:5173/:0
[ 4512484ms] [ERROR] Failed to load resource: net::ERR_CONNECTION_REFUSED @ http://localhost:5173/:0
[ 4513488ms] [ERROR] Failed to load resource: net::ERR_CONNECTION_REFUSED @ http://localhost:5173/:0
[ 4514491ms] [ERROR] Failed to load resource: net::ERR_CONNECTION_REFUSED @ http://localhost:5173/:0
[ 4515494ms] [ERROR] Failed to load resource: net::ERR_CONNECTION_REFUSED @ http://localhost:5173/:0
[ 4516497ms] [ERROR] Failed to load resource: net::ERR_CONNECTION_REFUSED @ http://localhost:5173/:0
[ 4517501ms] [ERROR] Failed to load resource: net::ERR_CONNECTION_REFUSED @ http://localhost:5173/:0
[ 4518504ms] [ERROR] Failed to load resource: net::ERR_CONNECTION_REFUSED @ http://localhost:5173/:0
[ 4519507ms] [ERROR] Failed to load resource: net::ERR_CONNECTION_REFUSED @ http://localhost:5173/:0
[ 4520511ms] [ERROR] Failed to load resource: net::ERR_CONNECTION_REFUSED @ http://localhost:5173/:0
[ 4521515ms] [ERROR] Failed to load resource: net::ERR_CONNECTION_REFUSED @ http://localhost:5173/:0
[ 4522518ms] [ERROR] Failed to load resource: net::ERR_CONNECTION_REFUSED @ http://localhost:5173/:0
[ 4523522ms] [ERROR] Failed to load resource: net::ERR_CONNECTION_REFUSED @ http://localhost:5173/:0
[ 4524525ms] [ERROR] Failed to load resource: net::ERR_CONNECTION_REFUSED @ http://localhost:5173/:0
[ 4525527ms] [ERROR] Failed to load resource: net::ERR_CONNECTION_REFUSED @ http://localhost:5173/:0
[ 4526530ms] [ERROR] Failed to load resource: net::ERR_CONNECTION_REFUSED @ http://localhost:5173/:0
[ 4527533ms] [ERROR] Failed to load resource: net::ERR_CONNECTION_REFUSED @ http://localhost:5173/:0
[ 4528534ms] [ERROR] Failed to load resource: net::ERR_CONNECTION_REFUSED @ http://localhost:5173/:0
[ 4529539ms] [ERROR] Failed to load resource: net::ERR_CONNECTION_REFUSED @ http://localhost:5173/:0
[ 4530541ms] [ERROR] Failed to load resource: net::ERR_CONNECTION_REFUSED @ http://localhost:5173/:0
[ 4531544ms] [ERROR] Failed to load resource: net::ERR_CONNECTION_REFUSED @ http://localhost:5173/:0
[ 4532545ms] [ERROR] Failed to load resource: net::ERR_CONNECTION_REFUSED @ http://localhost:5173/:0
[ 4533547ms] [ERROR] Failed to load resource: net::ERR_CONNECTION_REFUSED @ http://localhost:5173/:0
[ 4534551ms] [ERROR] Failed to load resource: net::ERR_CONNECTION_REFUSED @ http://localhost:5173/:0
[ 4535555ms] [ERROR] Failed to load resource: net::ERR_CONNECTION_REFUSED @ http://localhost:5173/:0
[ 4536559ms] [ERROR] Failed to load resource: net::ERR_CONNECTION_REFUSED @ http://localhost:5173/:0
[ 4537563ms] [ERROR] Failed to load resource: net::ERR_CONNECTION_REFUSED @ http://localhost:5173/:0
[ 4538566ms] [ERROR] Failed to load resource: net::ERR_CONNECTION_REFUSED @ http://localhost:5173/:0
[ 4539569ms] [ERROR] Failed to load resource: net::ERR_CONNECTION_REFUSED @ http://localhost:5173/:0
[ 4540572ms] [ERROR] Failed to load resource: net::ERR_CONNECTION_REFUSED @ http://localhost:5173/:0
[ 4541574ms] [ERROR] Failed to load resource: net::ERR_CONNECTION_REFUSED @ http://localhost:5173/:0
[ 4542575ms] [ERROR] Failed to load resource: net::ERR_CONNECTION_REFUSED @ http://localhost:5173/:0
[ 4543579ms] [ERROR] Failed to load resource: net::ERR_CONNECTION_REFUSED @ http://localhost:5173/:0
[ 4544582ms] [ERROR] Failed to load resource: net::ERR_CONNECTION_REFUSED @ http://localhost:5173/:0
[ 4545585ms] [ERROR] Failed to load resource: net::ERR_CONNECTION_REFUSED @ http://localhost:5173/:0
[ 4546588ms] [ERROR] Failed to load resource: net::ERR_CONNECTION_REFUSED @ http://localhost:5173/:0
[ 4547591ms] [ERROR] Failed to load resource: net::ERR_CONNECTION_REFUSED @ http://localhost:5173/:0
[ 4548594ms] [ERROR] Failed to load resource: net::ERR_CONNECTION_REFUSED @ http://localhost:5173/:0
[ 4549597ms] [ERROR] Failed to load resource: net::ERR_CONNECTION_REFUSED @ http://localhost:5173/:0
[ 4550600ms] [ERROR] Failed to load resource: net::ERR_CONNECTION_REFUSED @ http://localhost:5173/:0
[ 4551603ms] [ERROR] Failed to load resource: net::ERR_CONNECTION_REFUSED @ http://localhost:5173/:0
[ 4552605ms] [ERROR] Failed to load resource: net::ERR_CONNECTION_REFUSED @ http://localhost:5173/:0
[ 4553609ms] [ERROR] Failed to load resource: net::ERR_CONNECTION_REFUSED @ http://localhost:5173/:0
[ 4554612ms] [ERROR] Failed to load resource: net::ERR_CONNECTION_REFUSED @ http://localhost:5173/:0
[ 4555615ms] [ERROR] Failed to load resource: net::ERR_CONNECTION_REFUSED @ http://localhost:5173/:0
[ 4556618ms] [ERROR] Failed to load resource: net::ERR_CONNECTION_REFUSED @ http://localhost:5173/:0
[ 4557623ms] [ERROR] Failed to load resource: net::ERR_CONNECTION_REFUSED @ http://localhost:5173/:0
[ 4558626ms] [ERROR] Failed to load resource: net::ERR_CONNECTION_REFUSED @ http://localhost:5173/:0
[ 4559629ms] [ERROR] Failed to load resource: net::ERR_CONNECTION_REFUSED @ http://localhost:5173/:0
[ 4560632ms] [ERROR] Failed to load resource: net::ERR_CONNECTION_REFUSED @ http://localhost:5173/:0
[ 4561636ms] [ERROR] Failed to load resource: net::ERR_CONNECTION_REFUSED @ http://localhost:5173/:0
[ 4562640ms] [ERROR] Failed to load resource: net::ERR_CONNECTION_REFUSED @ http://localhost:5173/:0
[ 4563643ms] [ERROR] Failed to load resource: net::ERR_CONNECTION_REFUSED @ http://localhost:5173/:0
[ 4564646ms] [ERROR] Failed to load resource: net::ERR_CONNECTION_REFUSED @ http://localhost:5173/:0
[ 4565648ms] [ERROR] Failed to load resource: net::ERR_CONNECTION_REFUSED @ http://localhost:5173/:0
[ 4566652ms] [ERROR] Failed to load resource: net::ERR_CONNECTION_REFUSED @ http://localhost:5173/:0
[ 4567656ms] [ERROR] Failed to load resource: net::ERR_CONNECTION_REFUSED @ http://localhost:5173/:0
[ 4568660ms] [ERROR] Failed to load resource: net::ERR_CONNECTION_REFUSED @ http://localhost:5173/:0
[ 4569663ms] [ERROR] Failed to load resource: net::ERR_CONNECTION_REFUSED @ http://localhost:5173/:0
[ 4570667ms] [ERROR] Failed to load resource: net::ERR_CONNECTION_REFUSED @ http://localhost:5173/:0
[ 4571670ms] [ERROR] Failed to load resource: net::ERR_CONNECTION_REFUSED @ http://localhost:5173/:0
[ 4572674ms] [ERROR] Failed to load resource: net::ERR_CONNECTION_REFUSED @ http://localhost:5173/:0
[ 4573678ms] [ERROR] Failed to load resource: net::ERR_CONNECTION_REFUSED @ http://localhost:5173/:0
[ 4574683ms] [ERROR] Failed to load resource: net::ERR_CONNECTION_REFUSED @ http://localhost:5173/:0
[ 4575687ms] [ERROR] Failed to load resource: net::ERR_CONNECTION_REFUSED @ http://localhost:5173/:0
[ 4576691ms] [ERROR] Failed to load resource: net::ERR_CONNECTION_REFUSED @ http://localhost:5173/:0
[ 4577695ms] [ERROR] Failed to load resource: net::ERR_CONNECTION_REFUSED @ http://localhost:5173/:0
[ 4578699ms] [ERROR] Failed to load resource: net::ERR_CONNECTION_REFUSED @ http://localhost:5173/:0
[ 4579702ms] [ERROR] Failed to load resource: net::ERR_CONNECTION_REFUSED @ http://localhost:5173/:0
[ 4580705ms] [ERROR] Failed to load resource: net::ERR_CONNECTION_REFUSED @ http://localhost:5173/:0
[ 4581709ms] [ERROR] Failed to load resource: net::ERR_CONNECTION_REFUSED @ http://localhost:5173/:0
[ 4582711ms] [ERROR] Failed to load resource: net::ERR_CONNECTION_REFUSED @ http://localhost:5173/:0
[ 4583714ms] [ERROR] Failed to load resource: net::ERR_CONNECTION_REFUSED @ http://localhost:5173/:0
[ 4584716ms] [ERROR] Failed to load resource: net::ERR_CONNECTION_REFUSED @ http://localhost:5173/:0
[ 4585720ms] [ERROR] Failed to load resource: net::ERR_CONNECTION_REFUSED @ http://localhost:5173/:0
[ 4586724ms] [ERROR] Failed to load resource: net::ERR_CONNECTION_REFUSED @ http://localhost:5173/:0
[ 4587728ms] [ERROR] Failed to load resource: net::ERR_CONNECTION_REFUSED @ http://localhost:5173/:0
[ 4588732ms] [ERROR] Failed to load resource: net::ERR_CONNECTION_REFUSED @ http://localhost:5173/:0
[ 4589735ms] [ERROR] Failed to load resource: net::ERR_CONNECTION_REFUSED @ http://localhost:5173/:0
[ 4590738ms] [ERROR] Failed to load resource: net::ERR_CONNECTION_REFUSED @ http://localhost:5173/:0
[ 4591742ms] [ERROR] Failed to load resource: net::ERR_CONNECTION_REFUSED @ http://localhost:5173/:0
[ 4592746ms] [ERROR] Failed to load resource: net::ERR_CONNECTION_REFUSED @ http://localhost:5173/:0
[ 4593750ms] [ERROR] Failed to load resource: net::ERR_CONNECTION_REFUSED @ http://localhost:5173/:0
[ 4594753ms] [ERROR] Failed to load resource: net::ERR_CONNECTION_REFUSED @ http://localhost:5173/:0
[ 4595756ms] [ERROR] Failed to load resource: net::ERR_CONNECTION_REFUSED @ http://localhost:5173/:0
[ 4596759ms] [ERROR] Failed to load resource: net::ERR_CONNECTION_REFUSED @ http://localhost:5173/:0
[ 4597763ms] [ERROR] Failed to load resource: net::ERR_CONNECTION_REFUSED @ http://localhost:5173/:0
[ 4598766ms] [ERROR] Failed to load resource: net::ERR_CONNECTION_REFUSED @ http://localhost:5173/:0
[ 4599769ms] [ERROR] Failed to load resource: net::ERR_CONNECTION_REFUSED @ http://localhost:5173/:0
[ 4600772ms] [ERROR] Failed to load resource: net::ERR_CONNECTION_REFUSED @ http://localhost:5173/:0
[ 4601777ms] [ERROR] Failed to load resource: net::ERR_CONNECTION_REFUSED @ http://localhost:5173/:0
[ 4602779ms] [ERROR] Failed to load resource: net::ERR_CONNECTION_REFUSED @ http://localhost:5173/:0
[ 4603781ms] [ERROR] Failed to load resource: net::ERR_CONNECTION_REFUSED @ http://localhost:5173/:0
[ 4604784ms] [ERROR] Failed to load resource: net::ERR_CONNECTION_REFUSED @ http://localhost:5173/:0
[ 4605786ms] [ERROR] Failed to load resource: net::ERR_CONNECTION_REFUSED @ http://localhost:5173/:0
[ 4606789ms] [ERROR] Failed to load resource: net::ERR_CONNECTION_REFUSED @ http://localhost:5173/:0
[ 4607793ms] [ERROR] Failed to load resource: net::ERR_CONNECTION_REFUSED @ http://localhost:5173/:0
[ 4608799ms] [ERROR] Failed to load resource: net::ERR_CONNECTION_REFUSED @ http://localhost:5173/:0
